2025-04-08 12:47:55,296 - root - INFO - Initialized Manipulator with 0 initial operations
2025-04-08 12:47:55,296 - root - INFO - Initialized Scheduling Configurator
2025-04-08 12:47:55,296 - root - INFO - Registered operation 'configure' with ScheduleConfigurator
2025-04-08 12:47:55,296 - root - INFO - Initialized Scheduling Inspector
2025-04-08 12:47:55,311 - root - INFO - Registered operation 'inspect' with ScheduleInspector
2025-04-08 12:47:55,311 - root - INFO - Initialized Scheduling Calculator
2025-04-08 12:47:55,311 - root - INFO - Registered operation 'calculate' with ScheduleCalculator
2025-04-08 12:47:55,311 - root - INFO - Initialized Scheduling Visualizer
2025-04-08 12:47:55,311 - root - INFO - Registered operation 'visualize' with ScheduleVisualizer
2025-04-08 12:47:55,311 - root - INFO - Initialized DefaultManipulator with default operations
2025-04-08 12:47:55,311 - root - INFO - Initialized project 'VISIBILITY_TEST_PROJECT' with 0 items
2025-04-08 12:47:55,311 - root - INFO - Set managing object of type 'ScheduleProject' in Manipulator
2025-04-08 12:47:55,311 - root - INFO - Initialized Scheduling Calculator
2025-04-08 12:47:55,311 - root - INFO - Registered operation 'calculate' with ScheduleCalculator
2025-04-08 12:47:55,311 - root - INFO - Initialized Source 'SOURCE_DEFAULT' at RA=0.0h0.0m0.0s, DEC=0.0d0.0m0.0s
2025-04-08 12:47:55,311 - root - INFO - Set source 'M87' with new coordinates RA=12h30m49.42s, DEC=12d23m28.0s
2025-04-08 12:47:55,311 - root - INFO - Applied set_source to Source, result=None
2025-04-08 12:47:55,317 - root - INFO - Set flux=1.2 Jy for frequency 86000.0 MHz on source 'M87'
2025-04-08 12:47:55,317 - root - INFO - Applied set_flux to Source, result=None
2025-04-08 12:47:55,317 - root - INFO - Successfully configured Source: name='M87'
2025-04-08 12:47:55,317 - root - INFO - Initialized Sources with 1 sources
2025-04-08 12:47:55,318 - root - INFO - Initialized Telescopes with 0 telescopes
2025-04-08 12:47:55,318 - root - INFO - Initialized Telescope 'TEMP' at (0.0, 0.0, 0.0) m, diameter=1.0 m
2025-04-08 12:47:55,318 - root - INFO - Initialized Telescope 'TEMP_SPACE' at (0.0, 0.0, 0.0) m, diameter=1.0 m
2025-04-08 12:47:56,645 - root - INFO - Loaded orbit data from 'final_orbit370.txt' with 99181 points
2025-04-08 12:47:56,663 - root - INFO - Initialized SpaceTelescope 'TEMP_SPACE' with orbit file 'final_orbit370.txt', diameter=1.0 m
2025-04-08 12:47:56,663 - root - INFO - Processing sequence of 2 requests
2025-04-08 12:47:56,664 - root - INFO - Set telescope 'APEX' with new parameters
2025-04-08 12:47:56,664 - root - INFO - Applied set_telescope to Telescope, result=None
2025-04-08 12:47:56,664 - root - INFO - Successfully configured Telescope: code='APEX'
2025-04-08 12:47:56,665 - root - INFO - Set telescope 'SPACE370' with new parameters
2025-04-08 12:47:57,983 - root - INFO - Loaded orbit data from 'final_orbit370.txt' with 99181 points
2025-04-08 12:47:57,983 - root - INFO - Set SpaceTelescope 'SPACE370' with use_kep=False, diameter=10.0 m
2025-04-08 12:47:57,983 - root - INFO - Applied set_telescope to SpaceTelescope, result=None
2025-04-08 12:47:57,983 - root - INFO - Successfully configured SpaceTelescope: code='SPACE370'
2025-04-08 12:47:57,983 - root - INFO - Added telescope 'APEX' to Telescopes
2025-04-08 12:47:57,983 - root - INFO - Added telescope 'SPACE370' to Telescopes
2025-04-08 12:47:57,999 - root - INFO - Initialized IF with frequency=1000.0 MHz, bandwidth=16.0 MHz, polarizations=[]
2025-04-08 12:47:57,999 - root - INFO - Set IF frequency to 86000.0 MHz for IF
2025-04-08 12:47:57,999 - root - INFO - Applied set_frequency to IF, result=None
2025-04-08 12:47:57,999 - root - INFO - Set IF bandwidth to 4000.0 MHz for IF
2025-04-08 12:47:58,000 - root - INFO - Applied set_bandwidth to IF, result=None
2025-04-08 12:47:58,000 - root - INFO - Successfully configured IF: freq=86000.0, bw=4000.0
2025-04-08 12:47:58,000 - root - INFO - Initialized Frequencies with 1 IFs
2025-04-08 12:47:58,001 - root - INFO - Initialized Scan with start=2025-04-08T09:47:58.002, duration=1.0, OFF SOURCE
2025-04-08 12:47:58,002 - root - INFO - Set Scan with start=2030-11-30T12:00:00.000, duration=3600.0, source_index=0
2025-04-08 12:47:58,002 - root - INFO - Applied set_scan to Scan, result=None
2025-04-08 12:47:58,002 - root - INFO - Successfully configured Scan: start=2030-11-30T12:00:00.000, source_index=0
2025-04-08 12:47:58,002 - root - INFO - Initialized Scans with 1 scans
2025-04-08 12:47:58,003 - root - INFO - Initialized Sources with 0 sources
2025-04-08 12:47:58,003 - root - INFO - Initialized Telescopes with 0 telescopes
2025-04-08 12:47:58,003 - root - INFO - Initialized Frequencies with 0 IFs
2025-04-08 12:47:58,003 - root - INFO - Initialized Scans with 0 scans
2025-04-08 12:47:58,004 - root - INFO - Initialized Observation 'VIS_TEST_OBS' with type 'VLBI'
2025-04-08 12:47:58,004 - root - INFO - Set observation 'VIS_TEST_OBS' with type 'VLBI'
2025-04-08 12:47:58,004 - root - INFO - Applied set_observation to Observation, result=None
2025-04-08 12:47:58,009 - astropy - WARNING - TimeDeltaMissingUnitWarning: Numerical value without unit or explicit format passed to TimeDelta, assuming days
2025-04-08 12:47:58,011 - root - INFO - Initialized Telescopes with 2 telescopes
2025-04-08 12:47:58,749 - root - WARNING - No interpolated orbit data available for 'SPACE370' at 2030-11-30T12:00:00.000, falling back to raw orbit data
2025-04-08 12:47:58,749 - root - INFO - Initialized Telescopes with 2 telescopes
2025-04-08 12:47:58,749 - root - INFO - Observation 'VIS_TEST_OBS' validated successfully
2025-04-08 12:47:58,749 - root - INFO - Successfully configured Observation: code='VIS_TEST_OBS'
2025-04-08 12:47:58,749 - root - INFO - Added item to project 'VISIBILITY_TEST_PROJECT'
2025-04-08 12:47:58,749 - root - INFO - Added observation 'VIS_TEST_OBS' to project 'VISIBILITY_TEST_PROJECT'
2025-04-08 12:47:58,749 - root - INFO - Set up test environment completed
2025-04-08 12:47:58,749 - root - INFO - Active telescopes: ['APEX', 'SPACE370']
2025-04-08 12:47:58,749 - root - ERROR - Failed to calculate visibility: cannot access local variable 'target' where it is not associated with a value
2025-04-08 12:47:58,749 - root - INFO - Calculation 'source_visibility' for 'VIS_TEST_OBS' completed in 0.000 s
2025-04-08 12:55:15,061 - root - INFO - Initialized Manipulator with 0 initial operations
2025-04-08 12:55:15,061 - root - INFO - Initialized Scheduling Configurator
2025-04-08 12:55:15,061 - root - INFO - Registered operation 'configure' with ScheduleConfigurator
2025-04-08 12:55:15,061 - root - INFO - Initialized Scheduling Inspector
2025-04-08 12:55:15,061 - root - INFO - Registered operation 'inspect' with ScheduleInspector
2025-04-08 12:55:15,061 - root - INFO - Initialized Scheduling Calculator
2025-04-08 12:55:15,061 - root - INFO - Registered operation 'calculate' with ScheduleCalculator
2025-04-08 12:55:15,061 - root - INFO - Initialized Scheduling Visualizer
2025-04-08 12:55:15,061 - root - INFO - Registered operation 'visualize' with ScheduleVisualizer
2025-04-08 12:55:15,061 - root - INFO - Initialized DefaultManipulator with default operations
2025-04-08 12:55:15,061 - root - INFO - Initialized project 'VISIBILITY_TEST_PROJECT' with 0 items
2025-04-08 12:55:15,061 - root - INFO - Set managing object of type 'ScheduleProject' in Manipulator
2025-04-08 12:55:15,061 - root - INFO - Initialized Scheduling Calculator
2025-04-08 12:55:15,061 - root - INFO - Registered operation 'calculate' with ScheduleCalculator
2025-04-08 12:55:15,061 - root - INFO - Initialized Source 'SOURCE_DEFAULT' at RA=0.0h0.0m0.0s, DEC=0.0d0.0m0.0s
2025-04-08 12:55:15,061 - root - INFO - Set source 'M87' with new coordinates RA=12h30m49.42s, DEC=12d23m28.0s
2025-04-08 12:55:15,061 - root - INFO - Applied set_source to Source, result=None
2025-04-08 12:55:15,061 - root - INFO - Set flux=1.2 Jy for frequency 86000.0 MHz on source 'M87'
2025-04-08 12:55:15,061 - root - INFO - Applied set_flux to Source, result=None
2025-04-08 12:55:15,061 - root - INFO - Successfully configured Source: name='M87'
2025-04-08 12:55:15,061 - root - INFO - Initialized Sources with 1 sources
2025-04-08 12:55:15,061 - root - INFO - Initialized Telescopes with 0 telescopes
2025-04-08 12:55:15,061 - root - INFO - Initialized Telescope 'TEMP' at (0.0, 0.0, 0.0) m, diameter=1.0 m
2025-04-08 12:55:15,061 - root - INFO - Initialized Telescope 'TEMP_SPACE' at (0.0, 0.0, 0.0) m, diameter=1.0 m
2025-04-08 12:55:16,484 - root - INFO - Loaded orbit data from 'final_orbit370.txt' with 99181 points
2025-04-08 12:55:16,495 - root - INFO - Initialized SpaceTelescope 'TEMP_SPACE' with orbit file 'final_orbit370.txt', diameter=1.0 m
2025-04-08 12:55:16,495 - root - INFO - Processing sequence of 2 requests
2025-04-08 12:55:16,496 - root - INFO - Set telescope 'APEX' with new parameters
2025-04-08 12:55:16,496 - root - INFO - Applied set_telescope to Telescope, result=None
2025-04-08 12:55:16,496 - root - INFO - Successfully configured Telescope: code='APEX'
2025-04-08 12:55:16,497 - root - INFO - Set telescope 'SPACE370' with new parameters
2025-04-08 12:55:17,804 - root - INFO - Loaded orbit data from 'final_orbit370.txt' with 99181 points
2025-04-08 12:55:17,804 - root - INFO - Set SpaceTelescope 'SPACE370' with use_kep=False, diameter=10.0 m
2025-04-08 12:55:17,804 - root - INFO - Applied set_telescope to SpaceTelescope, result=None
2025-04-08 12:55:17,804 - root - INFO - Successfully configured SpaceTelescope: code='SPACE370'
2025-04-08 12:55:17,804 - root - INFO - Added telescope 'APEX' to Telescopes
2025-04-08 12:55:17,804 - root - INFO - Added telescope 'SPACE370' to Telescopes
2025-04-08 12:55:17,804 - root - INFO - Initialized IF with frequency=1000.0 MHz, bandwidth=16.0 MHz, polarizations=[]
2025-04-08 12:55:17,804 - root - INFO - Set IF frequency to 86000.0 MHz for IF
2025-04-08 12:55:17,804 - root - INFO - Applied set_frequency to IF, result=None
2025-04-08 12:55:17,804 - root - INFO - Set IF bandwidth to 4000.0 MHz for IF
2025-04-08 12:55:17,804 - root - INFO - Applied set_bandwidth to IF, result=None
2025-04-08 12:55:17,820 - root - INFO - Successfully configured IF: freq=86000.0, bw=4000.0
2025-04-08 12:55:17,820 - root - INFO - Initialized Frequencies with 1 IFs
2025-04-08 12:55:17,820 - root - INFO - Initialized Scan with start=2025-04-08T09:55:17.820, duration=1.0, OFF SOURCE
2025-04-08 12:55:17,820 - root - INFO - Set Scan with start=2030-11-30T12:00:00.000, duration=3600.0, source_index=0
2025-04-08 12:55:17,820 - root - INFO - Applied set_scan to Scan, result=None
2025-04-08 12:55:17,820 - root - INFO - Successfully configured Scan: start=2030-11-30T12:00:00.000, source_index=0
2025-04-08 12:55:17,820 - root - INFO - Initialized Scans with 1 scans
2025-04-08 12:55:17,820 - root - INFO - Initialized Sources with 0 sources
2025-04-08 12:55:17,820 - root - INFO - Initialized Telescopes with 0 telescopes
2025-04-08 12:55:17,823 - root - INFO - Initialized Frequencies with 0 IFs
2025-04-08 12:55:17,823 - root - INFO - Initialized Scans with 0 scans
2025-04-08 12:55:17,823 - root - INFO - Initialized Observation 'VIS_TEST_OBS' with type 'VLBI'
2025-04-08 12:55:17,824 - root - INFO - Set observation 'VIS_TEST_OBS' with type 'VLBI'
2025-04-08 12:55:17,824 - root - INFO - Applied set_observation to Observation, result=None
2025-04-08 12:55:17,833 - astropy - WARNING - TimeDeltaMissingUnitWarning: Numerical value without unit or explicit format passed to TimeDelta, assuming days
2025-04-08 12:55:17,834 - root - INFO - Initialized Telescopes with 2 telescopes
2025-04-08 12:55:18,616 - root - WARNING - No interpolated orbit data available for 'SPACE370' at 2030-11-30T12:00:00.000, falling back to raw orbit data
2025-04-08 12:55:18,616 - root - INFO - Initialized Telescopes with 2 telescopes
2025-04-08 12:55:18,616 - root - INFO - Observation 'VIS_TEST_OBS' validated successfully
2025-04-08 12:55:18,616 - root - INFO - Successfully configured Observation: code='VIS_TEST_OBS'
2025-04-08 12:55:18,616 - root - INFO - Added item to project 'VISIBILITY_TEST_PROJECT'
2025-04-08 12:55:18,616 - root - INFO - Added observation 'VIS_TEST_OBS' to project 'VISIBILITY_TEST_PROJECT'
2025-04-08 12:55:18,616 - root - INFO - Set up test environment completed
2025-04-08 12:55:18,616 - root - INFO - Active telescopes: ['APEX', 'SPACE370']
2025-04-08 12:55:18,616 - root - ERROR - Failed to calculate visibility: cannot access local variable 'target_name' where it is not associated with a value
2025-04-08 12:55:18,616 - root - INFO - Calculation 'source_visibility' for 'VIS_TEST_OBS' completed in 0.000 s
2025-04-08 13:01:48,023 - root - INFO - Initialized Manipulator with 0 initial operations
2025-04-08 13:01:48,023 - root - INFO - Initialized Scheduling Configurator
2025-04-08 13:01:48,023 - root - INFO - Registered operation 'configure' with ScheduleConfigurator
2025-04-08 13:01:48,023 - root - INFO - Initialized Scheduling Inspector
2025-04-08 13:01:48,023 - root - INFO - Registered operation 'inspect' with ScheduleInspector
2025-04-08 13:01:48,023 - root - INFO - Initialized Scheduling Calculator
2025-04-08 13:01:48,023 - root - INFO - Registered operation 'calculate' with ScheduleCalculator
2025-04-08 13:01:48,023 - root - INFO - Initialized Scheduling Visualizer
2025-04-08 13:01:48,023 - root - INFO - Registered operation 'visualize' with ScheduleVisualizer
2025-04-08 13:01:48,023 - root - INFO - Initialized DefaultManipulator with default operations
2025-04-08 13:01:48,023 - root - INFO - Initialized project 'VISIBILITY_TEST_PROJECT' with 0 items
2025-04-08 13:01:48,023 - root - INFO - Set managing object of type 'ScheduleProject' in Manipulator
2025-04-08 13:01:48,023 - root - INFO - Initialized Scheduling Calculator
2025-04-08 13:01:48,023 - root - INFO - Registered operation 'calculate' with ScheduleCalculator
2025-04-08 13:01:48,023 - root - INFO - Initialized Source 'SOURCE_DEFAULT' at RA=0.0h0.0m0.0s, DEC=0.0d0.0m0.0s
2025-04-08 13:01:48,023 - root - INFO - Set source 'M87' with new coordinates RA=12h30m49.42s, DEC=12d23m28.0s
2025-04-08 13:01:48,023 - root - INFO - Applied set_source to Source, result=None
2025-04-08 13:01:48,023 - root - INFO - Set flux=1.2 Jy for frequency 86000.0 MHz on source 'M87'
2025-04-08 13:01:48,023 - root - INFO - Applied set_flux to Source, result=None
2025-04-08 13:01:48,023 - root - INFO - Successfully configured Source: name='M87'
2025-04-08 13:01:48,023 - root - INFO - Initialized Sources with 1 sources
2025-04-08 13:01:48,023 - root - INFO - Initialized Telescopes with 0 telescopes
2025-04-08 13:01:48,023 - root - INFO - Initialized Telescope 'TEMP' at (0.0, 0.0, 0.0) m, diameter=1.0 m
2025-04-08 13:01:48,038 - root - INFO - Initialized Telescope 'TEMP_SPACE' at (0.0, 0.0, 0.0) m, diameter=1.0 m
2025-04-08 13:01:49,357 - root - INFO - Loaded orbit data from 'final_orbit370.txt' with 99181 points
2025-04-08 13:01:49,357 - root - INFO - Initialized SpaceTelescope 'TEMP_SPACE' with orbit file 'final_orbit370.txt', diameter=1.0 m
2025-04-08 13:01:49,373 - root - INFO - Processing sequence of 2 requests
2025-04-08 13:01:49,373 - root - INFO - Set telescope 'APEX' with new parameters
2025-04-08 13:01:49,373 - root - INFO - Applied set_telescope to Telescope, result=None
2025-04-08 13:01:49,373 - root - INFO - Successfully configured Telescope: code='APEX'
2025-04-08 13:01:49,374 - root - INFO - Set telescope 'SPACE370' with new parameters
2025-04-08 13:01:50,741 - root - INFO - Loaded orbit data from 'final_orbit370.txt' with 99181 points
2025-04-08 13:01:50,741 - root - INFO - Set SpaceTelescope 'SPACE370' with use_kep=False, diameter=10.0 m
2025-04-08 13:01:50,741 - root - INFO - Applied set_telescope to SpaceTelescope, result=None
2025-04-08 13:01:50,741 - root - INFO - Successfully configured SpaceTelescope: code='SPACE370'
2025-04-08 13:01:50,741 - root - INFO - Added telescope 'APEX' to Telescopes
2025-04-08 13:01:50,741 - root - INFO - Added telescope 'SPACE370' to Telescopes
2025-04-08 13:01:50,741 - root - INFO - Initialized IF with frequency=1000.0 MHz, bandwidth=16.0 MHz, polarizations=[]
2025-04-08 13:01:50,741 - root - INFO - Set IF frequency to 86000.0 MHz for IF
2025-04-08 13:01:50,741 - root - INFO - Applied set_frequency to IF, result=None
2025-04-08 13:01:50,741 - root - INFO - Set IF bandwidth to 4000.0 MHz for IF
2025-04-08 13:01:50,741 - root - INFO - Applied set_bandwidth to IF, result=None
2025-04-08 13:01:50,741 - root - INFO - Successfully configured IF: freq=86000.0, bw=4000.0
2025-04-08 13:01:50,741 - root - INFO - Initialized Frequencies with 1 IFs
2025-04-08 13:01:50,741 - root - INFO - Initialized Scan with start=2025-04-08T10:01:50.742, duration=1.0, OFF SOURCE
2025-04-08 13:01:50,741 - root - INFO - Set Scan with start=2030-11-30T12:00:00.000, duration=3600.0, source_index=0
2025-04-08 13:01:50,741 - root - INFO - Applied set_scan to Scan, result=None
2025-04-08 13:01:50,741 - root - INFO - Successfully configured Scan: start=2030-11-30T12:00:00.000, source_index=0
2025-04-08 13:01:50,741 - root - INFO - Initialized Scans with 1 scans
2025-04-08 13:01:50,741 - root - INFO - Initialized Sources with 0 sources
2025-04-08 13:01:50,741 - root - INFO - Initialized Telescopes with 0 telescopes
2025-04-08 13:01:50,741 - root - INFO - Initialized Frequencies with 0 IFs
2025-04-08 13:01:50,754 - root - INFO - Initialized Scans with 0 scans
2025-04-08 13:01:50,754 - root - INFO - Initialized Observation 'VIS_TEST_OBS' with type 'VLBI'
2025-04-08 13:01:50,754 - root - INFO - Set observation 'VIS_TEST_OBS' with type 'VLBI'
2025-04-08 13:01:50,754 - root - INFO - Applied set_observation to Observation, result=None
2025-04-08 13:01:50,759 - astropy - WARNING - TimeDeltaMissingUnitWarning: Numerical value without unit or explicit format passed to TimeDelta, assuming days
2025-04-08 13:01:50,759 - root - INFO - Initialized Telescopes with 2 telescopes
2025-04-08 13:01:51,493 - root - WARNING - No interpolated orbit data available for 'SPACE370' at 2030-11-30T12:00:00.000, falling back to raw orbit data
2025-04-08 13:01:51,493 - root - INFO - Initialized Telescopes with 2 telescopes
2025-04-08 13:01:51,493 - root - INFO - Observation 'VIS_TEST_OBS' validated successfully
2025-04-08 13:01:51,493 - root - INFO - Successfully configured Observation: code='VIS_TEST_OBS'
2025-04-08 13:01:51,493 - root - INFO - Added item to project 'VISIBILITY_TEST_PROJECT'
2025-04-08 13:01:51,493 - root - INFO - Added observation 'VIS_TEST_OBS' to project 'VISIBILITY_TEST_PROJECT'
2025-04-08 13:01:51,493 - root - INFO - Set up test environment completed
2025-04-08 13:01:51,493 - root - INFO - Active telescopes: ['APEX', 'SPACE370']
2025-04-08 13:01:51,493 - root - INFO - Recalculating 'spacecraft_visibility_apex' for 'VIS_TEST_OBS' with recalculate=False
2025-04-08 13:01:51,493 - root - INFO - Calculating visibility for 720 time points from 2030-11-30T12:00:00.000 to 2030-12-30T12:00:00.000
2025-04-08 13:01:51,493 - root - INFO - Interpolating orbit for SPACE370
2025-04-08 13:01:51,509 - root - INFO - Interpolating orbit for 'SPACE370' from 2030-11-30T12:00:00.000 to 2030-12-30T12:00:00.000
2025-04-08 13:01:51,509 - root - INFO - Interpolated orbit for 'SPACE370' using linear from 2030-11-30T12:00:00.000 to 2030-12-30T12:00:00.000
2025-04-08 13:01:51,511 - root - INFO - Recalculating 'telescope_positions' for 'VIS_TEST_OBS' with recalculate=False
2025-04-08 13:01:51,514 - root - INFO - Calculating telescope positions for 720 time points from 2030-11-30T12:00:00.000 to 2030-12-30T12:00:00.000
2025-04-08 13:01:51,515 - root - INFO - Interpolating orbit for SPACE370
2025-04-08 13:01:51,516 - root - INFO - Interpolating orbit for 'SPACE370' from 2030-11-30T12:00:00.000 to 2030-12-30T12:00:00.000
2025-04-08 13:01:51,517 - root - INFO - Interpolated orbit for 'SPACE370' using linear from 2030-11-30T12:00:00.000 to 2030-12-30T12:00:00.000
2025-04-08 13:01:51,532 - astropy - WARNING - Tried to get polar motions for times after IERS data is valid. Defaulting to polar motion from the 50-yr mean for those. This may affect precision at the arcsec level. Please check your astropy.utils.iers.conf.iers_auto_url and point it to a newer version if necessary.
2025-04-08 13:01:55,695 - root - INFO - Calculated telescope positions for 1 entries in 'VIS_TEST_OBS'
2025-04-08 13:01:55,695 - root - INFO - Stored calculated data 'telescope_positions' for observation 'VIS_TEST_OBS'
2025-04-08 13:01:55,695 - root - INFO - Calculation 'telescope_positions' for 'VIS_TEST_OBS' completed in 4.197 s
2025-04-08 13:02:02,961 - root - INFO - Stored calculated data 'spacecraft_visibility_apex' for observation 'VIS_TEST_OBS'
2025-04-08 13:02:02,961 - root - INFO - Calculation 'source_visibility' for 'VIS_TEST_OBS' completed in 11.458 s
2025-04-08 13:04:16,132 - root - INFO - Initialized Manipulator with 0 initial operations
2025-04-08 13:04:16,132 - root - INFO - Initialized Scheduling Configurator
2025-04-08 13:04:16,132 - root - INFO - Registered operation 'configure' with ScheduleConfigurator
2025-04-08 13:04:16,132 - root - INFO - Initialized Scheduling Inspector
2025-04-08 13:04:16,132 - root - INFO - Registered operation 'inspect' with ScheduleInspector
2025-04-08 13:04:16,132 - root - INFO - Initialized Scheduling Calculator
2025-04-08 13:04:16,132 - root - INFO - Registered operation 'calculate' with ScheduleCalculator
2025-04-08 13:04:16,132 - root - INFO - Initialized Scheduling Visualizer
2025-04-08 13:04:16,132 - root - INFO - Registered operation 'visualize' with ScheduleVisualizer
2025-04-08 13:04:16,132 - root - INFO - Initialized DefaultManipulator with default operations
2025-04-08 13:04:16,132 - root - INFO - Initialized project 'EHT_M87_SPACE_PROJECT' with 0 items
2025-04-08 13:04:16,132 - root - INFO - Set managing object of type 'ScheduleProject' in Manipulator
2025-04-08 13:04:16,132 - root - INFO - Set up test environment with Manipulator and Project
2025-04-08 13:04:16,132 - root - INFO - Supported operations: ['configure', 'inspect', 'calculate', 'visualize']
2025-04-08 13:04:16,132 - root - INFO - Initialized Source 'SOURCE_DEFAULT' at RA=0.0h0.0m0.0s, DEC=0.0d0.0m0.0s
2025-04-08 13:04:16,132 - root - INFO - Set source 'M87' with new coordinates RA=12h30m49.42s, DEC=12d23m28.0s
2025-04-08 13:04:16,132 - root - INFO - Applied set_source to Source, result=None
2025-04-08 13:04:16,132 - root - INFO - Set flux=1.2 Jy for frequency 86000.0 MHz on source 'M87'
2025-04-08 13:04:16,132 - root - INFO - Applied set_flux to Source, result=None
2025-04-08 13:04:16,132 - root - INFO - Successfully configured Source: name='M87'
2025-04-08 13:04:16,132 - root - INFO - Initialized Sources with 1 sources
2025-04-08 13:04:16,132 - root - INFO - Initialized Telescopes with 0 telescopes
2025-04-08 13:04:16,139 - root - INFO - Initialized Telescope 'TEMP' at (0.0, 0.0, 0.0) m, diameter=1.0 m
2025-04-08 13:04:16,139 - root - INFO - Initialized Telescope 'TEMP' at (0.0, 0.0, 0.0) m, diameter=1.0 m
2025-04-08 13:04:16,139 - root - INFO - Initialized Telescope 'TEMP' at (0.0, 0.0, 0.0) m, diameter=1.0 m
2025-04-08 13:04:16,139 - root - INFO - Initialized Telescope 'TEMP_SPACE' at (0.0, 0.0, 0.0) m, diameter=1.0 m
2025-04-08 13:04:17,512 - root - INFO - Loaded orbit data from 'final_orbit370.txt' with 99181 points
2025-04-08 13:04:17,512 - root - INFO - Initialized SpaceTelescope 'TEMP_SPACE' with orbit file 'final_orbit370.txt', diameter=1.0 m
2025-04-08 13:04:17,512 - root - INFO - Processing sequence of 4 requests
2025-04-08 13:04:17,512 - root - INFO - Set telescope 'ALMA' with new parameters
2025-04-08 13:04:17,512 - root - INFO - Applied set_telescope to Telescope, result=None
2025-04-08 13:04:17,512 - root - INFO - Successfully configured Telescope: code='ALMA'
2025-04-08 13:04:17,524 - root - INFO - Set telescope 'APEX' with new parameters
2025-04-08 13:04:17,524 - root - INFO - Applied set_telescope to Telescope, result=None
2025-04-08 13:04:17,524 - root - INFO - Successfully configured Telescope: code='APEX'
2025-04-08 13:04:17,524 - root - INFO - Set telescope 'SMT' with new parameters
2025-04-08 13:04:17,525 - root - INFO - Applied set_telescope to Telescope, result=None
2025-04-08 13:04:17,525 - root - INFO - Successfully configured Telescope: code='SMT'
2025-04-08 13:04:17,525 - root - INFO - Set telescope 'SPACE370' with new parameters
2025-04-08 13:04:18,850 - root - INFO - Loaded orbit data from 'final_orbit370.txt' with 99181 points
2025-04-08 13:04:18,850 - root - INFO - Set SpaceTelescope 'SPACE370' with use_kep=False, diameter=10.0 m
2025-04-08 13:04:18,850 - root - INFO - Applied set_telescope to SpaceTelescope, result=None
2025-04-08 13:04:18,850 - root - INFO - Successfully configured SpaceTelescope: code='SPACE370'
2025-04-08 13:04:18,850 - root - INFO - Added telescope 'ALMA' to Telescopes
2025-04-08 13:04:18,850 - root - INFO - Added telescope 'APEX' to Telescopes
2025-04-08 13:04:18,850 - root - INFO - Added telescope 'SMT' to Telescopes
2025-04-08 13:04:18,850 - root - INFO - Added telescope 'SPACE370' to Telescopes
2025-04-08 13:04:18,850 - root - INFO - Initialized IF with frequency=1000.0 MHz, bandwidth=16.0 MHz, polarizations=[]
2025-04-08 13:04:18,850 - root - INFO - Set IF frequency to 86000.0 MHz for IF
2025-04-08 13:04:18,850 - root - INFO - Applied set_frequency to IF, result=None
2025-04-08 13:04:18,850 - root - INFO - Set IF bandwidth to 4000.0 MHz for IF
2025-04-08 13:04:18,850 - root - INFO - Applied set_bandwidth to IF, result=None
2025-04-08 13:04:18,850 - root - INFO - Successfully configured IF: freq=86000.0, bw=4000.0
2025-04-08 13:04:18,850 - root - INFO - Initialized Frequencies with 1 IFs
2025-04-08 13:04:18,850 - root - INFO - Initialized Scan with start=2025-04-08T10:04:18.850, duration=1.0, OFF SOURCE
2025-04-08 13:04:18,850 - root - INFO - Set Scan with start=2031-03-10T00:00:00.000, duration=864000.0, source_index=0
2025-04-08 13:04:18,850 - root - INFO - Applied set_scan to Scan, result=None
2025-04-08 13:04:18,850 - root - INFO - Successfully configured Scan: start=2031-03-10T00:00:00.000, source_index=0
2025-04-08 13:04:18,850 - root - INFO - Initialized Scans with 1 scans
2025-04-08 13:04:18,850 - root - INFO - Initialized Sources with 0 sources
2025-04-08 13:04:18,850 - root - INFO - Initialized Telescopes with 0 telescopes
2025-04-08 13:04:18,850 - root - INFO - Initialized Frequencies with 0 IFs
2025-04-08 13:04:18,850 - root - INFO - Initialized Scans with 0 scans
2025-04-08 13:04:18,850 - root - INFO - Initialized Observation 'M87_SPACE_OBS' with type 'VLBI'
2025-04-08 13:04:18,857 - root - INFO - Initialized Sources with 0 sources
2025-04-08 13:04:18,857 - root - INFO - Initialized Telescopes with 0 telescopes
2025-04-08 13:04:18,857 - root - INFO - Initialized Frequencies with 0 IFs
2025-04-08 13:04:18,858 - root - INFO - Initialized Scans with 0 scans
2025-04-08 13:04:18,858 - root - INFO - Initialized Observation 'M87_SINGLE_DISH' with type 'SINGLE_DISH'
2025-04-08 13:04:18,858 - root - INFO - Initialized Telescopes with 2 telescopes
2025-04-08 13:04:18,858 - root - INFO - Initialized Scan with start=2031-03-10T00:00:00.000, duration=3600, source_index=0
2025-04-08 13:04:18,858 - root - INFO - Initialized Scans with 1 scans
2025-04-08 13:04:18,859 - root - INFO - Processing sequence of 2 requests
2025-04-08 13:04:18,859 - root - INFO - Set observation 'M87_SPACE_OBS' with type 'VLBI'
2025-04-08 13:04:18,859 - root - INFO - Applied set_observation to Observation, result=None
2025-04-08 13:04:18,860 - root - INFO - Initialized Telescopes with 4 telescopes
2025-04-08 13:04:19,603 - root - WARNING - No interpolated orbit data available for 'SPACE370' at 2031-03-10T00:00:00.000, falling back to raw orbit data
2025-04-08 13:04:19,603 - root - INFO - Initialized Telescopes with 4 telescopes
2025-04-08 13:04:19,603 - root - INFO - Observation 'M87_SPACE_OBS' validated successfully
2025-04-08 13:04:19,603 - root - INFO - Successfully configured Observation: code='M87_SPACE_OBS'
2025-04-08 13:04:19,603 - root - INFO - Set observation 'M87_SINGLE_DISH' with type 'SINGLE_DISH'
2025-04-08 13:04:19,603 - root - INFO - Applied set_observation to Observation, result=None
2025-04-08 13:04:19,603 - root - INFO - Initialized Telescopes with 2 telescopes
2025-04-08 13:04:19,603 - root - INFO - Initialized Telescopes with 2 telescopes
2025-04-08 13:04:19,603 - root - INFO - Observation 'M87_SINGLE_DISH' validated successfully
2025-04-08 13:04:19,603 - root - INFO - Successfully configured Observation: code='M87_SINGLE_DISH'
2025-04-08 13:04:19,618 - root - INFO - Added item to project 'EHT_M87_SPACE_PROJECT'
2025-04-08 13:04:19,618 - root - INFO - Added observation 'M87_SPACE_OBS' to project 'EHT_M87_SPACE_PROJECT'
2025-04-08 13:04:19,618 - root - INFO - Added item to project 'EHT_M87_SPACE_PROJECT'
2025-04-08 13:04:19,618 - root - INFO - Added observation 'M87_SINGLE_DISH' to project 'EHT_M87_SPACE_PROJECT'
2025-04-08 13:04:19,618 - root - INFO - Processing sequence of 8 requests
2025-04-08 13:04:19,618 - root - INFO - Recalculating 'uv_coverage_f0' for 'M87_SPACE_OBS' with recalculate=False
2025-04-08 13:04:19,618 - root - INFO - Recalculating 'source_visibility' for 'M87_SPACE_OBS' with recalculate=False
2025-04-08 13:04:19,622 - root - INFO - Calculating visibility for 1440 time points from 2031-03-10T00:00:00.000 to 2031-03-20T00:00:00.000
2025-04-08 13:04:19,622 - root - INFO - Recalculating 'telescope_positions' for 'M87_SPACE_OBS' with recalculate=False
2025-04-08 13:04:19,624 - root - INFO - Calculating telescope positions for 1440 time points from 2031-03-10T00:00:00.000 to 2031-03-20T00:00:00.000
2025-04-08 13:04:19,625 - root - INFO - Interpolating orbit for SPACE370
2025-04-08 13:04:19,625 - root - INFO - Interpolating orbit for 'SPACE370' from 2031-03-10T00:00:00.000 to 2031-03-20T00:00:00.000
2025-04-08 13:04:19,625 - root - INFO - Interpolated orbit for 'SPACE370' using linear from 2031-03-10T00:00:00.000 to 2031-03-20T00:00:00.000
2025-04-08 13:04:40,771 - root - INFO - Calculated telescope positions for 1 entries in 'M87_SPACE_OBS'
2025-04-08 13:04:40,771 - root - INFO - Stored calculated data 'telescope_positions' for observation 'M87_SPACE_OBS'
2025-04-08 13:04:40,771 - root - INFO - Calculation 'telescope_positions' for 'M87_SPACE_OBS' completed in 21.155 s
2025-04-08 13:05:09,450 - root - INFO - Stored calculated data 'source_visibility' for observation 'M87_SPACE_OBS'
2025-04-08 13:05:09,451 - root - INFO - Calculation 'source_visibility' for 'M87_SPACE_OBS' completed in 49.831 s
2025-04-08 13:05:09,451 - root - INFO - Retrieved calculated data 'telescope_positions' for observation 'M87_SPACE_OBS'
2025-04-08 13:05:09,451 - root - INFO - Using cached data for 'telescope_positions' in 'M87_SPACE_OBS'
2025-04-08 13:05:09,451 - root - INFO - Calculation 'telescope_positions' for 'M87_SPACE_OBS' completed in 0.001 s
2025-04-08 13:05:11,973 - root - INFO - Stored calculated data 'uv_coverage_f0' for observation 'M87_SPACE_OBS'
2025-04-08 13:05:11,973 - root - INFO - Calculation 'uv_coverage' for 'M87_SPACE_OBS' completed in 52.358 s
2025-04-08 13:05:11,973 - root - INFO - Recalculating 'mollweide_tracks' for 'M87_SPACE_OBS' with recalculate=False
2025-04-08 13:05:11,973 - root - INFO - Retrieved calculated data 'telescope_positions' for observation 'M87_SPACE_OBS'
2025-04-08 13:05:11,973 - root - INFO - Using cached data for 'telescope_positions' in 'M87_SPACE_OBS'
2025-04-08 13:05:11,973 - root - INFO - Calculation 'telescope_positions' for 'M87_SPACE_OBS' completed in 0.000 s
2025-04-08 13:05:12,074 - root - INFO - Stored calculated data 'mollweide_tracks' for observation 'M87_SPACE_OBS'
2025-04-08 13:05:12,074 - root - INFO - Calculation 'mollweide_tracks' for 'M87_SPACE_OBS' completed in 0.109 s
2025-04-08 13:05:12,074 - root - INFO - Recalculating 'baseline_projections_f0' for 'M87_SPACE_OBS' with recalculate=False
2025-04-08 13:05:12,074 - root - INFO - Retrieved calculated data 'uv_coverage_f0' for observation 'M87_SPACE_OBS'
2025-04-08 13:05:12,074 - root - INFO - Using cached data for 'uv_coverage_f0' in 'M87_SPACE_OBS'
2025-04-08 13:05:12,074 - root - INFO - Calculation 'uv_coverage' for 'M87_SPACE_OBS' completed in 0.000 s
2025-04-08 13:05:12,091 - root - INFO - Stored calculated data 'baseline_projections_f0' for observation 'M87_SPACE_OBS'
2025-04-08 13:05:12,091 - root - INFO - Calculation 'baseline_projections' for 'M87_SPACE_OBS' completed in 0.013 s
2025-04-08 13:05:12,091 - root - INFO - Recalculating 'beam_pattern_f0' for 'M87_SINGLE_DISH' with recalculate=False
2025-04-08 13:05:12,102 - root - INFO - Stored calculated data 'beam_pattern_f0' for observation 'M87_SINGLE_DISH'
2025-04-08 13:05:12,102 - root - INFO - Calculation 'beam_pattern' for 'M87_SINGLE_DISH' completed in 0.002 s
2025-04-08 13:05:12,102 - root - INFO - Recalculating 'synthesized_beam_f0' for 'M87_SPACE_OBS' with recalculate=False
2025-04-08 13:05:12,103 - root - INFO - Retrieved calculated data 'uv_coverage_f0' for observation 'M87_SPACE_OBS'
2025-04-08 13:05:12,104 - root - INFO - Using cached data for 'uv_coverage_f0' in 'M87_SPACE_OBS'
2025-04-08 13:05:12,104 - root - INFO - Calculation 'uv_coverage' for 'M87_SPACE_OBS' completed in 0.001 s
2025-04-08 13:05:12,134 - root - INFO - Stored calculated data 'synthesized_beam_f0' for observation 'M87_SPACE_OBS'
2025-04-08 13:05:12,135 - root - INFO - Calculation 'synthesized_beam' for 'M87_SPACE_OBS' completed in 0.032 s
2025-04-08 13:05:12,135 - root - INFO - Recalculating 'time_on_source' for 'M87_SPACE_OBS' with recalculate=False
2025-04-08 13:05:12,135 - root - INFO - Retrieved calculated data 'source_visibility' for observation 'M87_SPACE_OBS'
2025-04-08 13:05:12,136 - root - INFO - Using cached data for 'source_visibility' in 'M87_SPACE_OBS'
2025-04-08 13:05:12,136 - root - INFO - Calculation 'source_visibility' for 'M87_SPACE_OBS' completed in 0.001 s
2025-04-08 13:05:12,268 - root - INFO - Stored calculated data 'time_on_source' for observation 'M87_SPACE_OBS'
2025-04-08 13:05:12,268 - root - INFO - Calculation 'time_on_source' for 'M87_SPACE_OBS' completed in 0.142 s
2025-04-08 13:05:12,268 - root - INFO - Recalculating 'sun_angles' for 'M87_SPACE_OBS' with recalculate=False
2025-04-08 13:05:46,280 - root - INFO - Stored calculated data 'sun_angles' for observation 'M87_SPACE_OBS'
2025-04-08 13:05:46,280 - root - INFO - Calculation 'sun_angles' for 'M87_SPACE_OBS' completed in 34.016 s
2025-04-08 13:05:46,280 - root - INFO - Recalculating 'az_el' for 'M87_SPACE_OBS' with recalculate=False
2025-04-08 13:06:01,484 - root - INFO - Stored calculated data 'az_el' for observation 'M87_SPACE_OBS'
2025-04-08 13:06:01,484 - root - INFO - Calculation 'az_el' for 'M87_SPACE_OBS' completed in 15.196 s
2025-04-08 13:06:01,484 - root - INFO - Processing sequence of 8 requests
2025-04-08 13:06:01,688 - root - INFO - Retrieved calculated data 'uv_coverage_f0' for observation 'M87_SPACE_OBS'
2025-04-08 13:06:02,358 - root - INFO - Visualization saved to 'uv_coverage_m87_space_with_conjugates.png'
2025-04-08 13:06:07,584 - root - INFO - Retrieved calculated data 'mollweide_tracks' for observation 'M87_SPACE_OBS'
2025-04-08 13:06:08,017 - root - INFO - Visualization saved to 'mollweide_track_m87_space_matplotlib_mollweide_j2000_fixed.png'
2025-04-08 13:06:10,756 - root - INFO - Retrieved calculated data 'baseline_projections_f0' for observation 'M87_SPACE_OBS'
2025-04-08 13:06:12,023 - root - INFO - Visualization saved to 'baseline_projections_m87_space.png'
2025-04-08 13:06:17,785 - root - INFO - Retrieved calculated data 'beam_pattern_f0' for observation 'M87_SINGLE_DISH'
2025-04-08 13:06:18,233 - root - INFO - Visualization saved to 'beam_pattern_m87_single_dish.png'
2025-04-08 13:06:21,045 - root - INFO - Retrieved calculated data 'synthesized_beam_f0' for observation 'M87_SPACE_OBS'
2025-04-08 13:06:22,240 - root - INFO - Visualization saved to 'synthesized_beam_2d_m87_vlbi.png'
2025-04-08 13:06:24,202 - root - INFO - Retrieved calculated data 'time_on_source' for observation 'M87_SPACE_OBS'
2025-04-08 13:06:24,889 - root - INFO - Visualization saved to 'time_on_source_m87_space.png'
2025-04-08 13:06:34,606 - root - INFO - Retrieved calculated data 'sun_angles' for observation 'M87_SPACE_OBS'
2025-04-08 13:06:35,473 - root - INFO - Visualization saved to 'sun_angles_m87_space.png'
2025-04-08 13:06:36,723 - root - INFO - Retrieved calculated data 'az_el' for observation 'M87_SPACE_OBS'
2025-04-08 13:06:37,856 - root - INFO - Visualization saved to 'az_el_m87_space.png'
2025-04-08 13:07:21,228 - root - INFO - Initialized Manipulator with 0 initial operations
2025-04-08 13:07:21,228 - root - INFO - Initialized Scheduling Configurator
2025-04-08 13:07:21,228 - root - INFO - Registered operation 'configure' with ScheduleConfigurator
2025-04-08 13:07:21,228 - root - INFO - Initialized Scheduling Inspector
2025-04-08 13:07:21,228 - root - INFO - Registered operation 'inspect' with ScheduleInspector
2025-04-08 13:07:21,228 - root - INFO - Initialized Scheduling Calculator
2025-04-08 13:07:21,228 - root - INFO - Registered operation 'calculate' with ScheduleCalculator
2025-04-08 13:07:21,228 - root - INFO - Initialized Scheduling Visualizer
2025-04-08 13:07:21,228 - root - INFO - Registered operation 'visualize' with ScheduleVisualizer
2025-04-08 13:07:21,228 - root - INFO - Initialized DefaultManipulator with default operations
2025-04-08 13:07:21,228 - root - INFO - Initialized project 'EHT_M87_SPACE_PROJECT' with 0 items
2025-04-08 13:07:21,228 - root - INFO - Set managing object of type 'ScheduleProject' in Manipulator
2025-04-08 13:07:21,228 - root - INFO - Set up test environment with Manipulator and Project
2025-04-08 13:07:21,228 - root - INFO - Supported operations: ['configure', 'inspect', 'calculate', 'visualize']
2025-04-08 13:07:21,228 - root - INFO - Initialized Source 'SOURCE_DEFAULT' at RA=0.0h0.0m0.0s, DEC=0.0d0.0m0.0s
2025-04-08 13:07:21,228 - root - INFO - Set source 'M87' with new coordinates RA=12h30m49.42s, DEC=12d23m28.0s
2025-04-08 13:07:21,228 - root - INFO - Applied set_source to Source, result=None
2025-04-08 13:07:21,228 - root - INFO - Set flux=1.2 Jy for frequency 86000.0 MHz on source 'M87'
2025-04-08 13:07:21,228 - root - INFO - Applied set_flux to Source, result=None
2025-04-08 13:07:21,228 - root - INFO - Successfully configured Source: name='M87'
2025-04-08 13:07:21,237 - root - INFO - Initialized Sources with 1 sources
2025-04-08 13:07:21,237 - root - INFO - Initialized Telescopes with 0 telescopes
2025-04-08 13:07:21,237 - root - INFO - Initialized Telescope 'TEMP' at (0.0, 0.0, 0.0) m, diameter=1.0 m
2025-04-08 13:07:21,238 - root - INFO - Initialized Telescope 'TEMP' at (0.0, 0.0, 0.0) m, diameter=1.0 m
2025-04-08 13:07:21,238 - root - INFO - Initialized Telescope 'TEMP' at (0.0, 0.0, 0.0) m, diameter=1.0 m
2025-04-08 13:07:21,238 - root - INFO - Initialized Telescope 'TEMP_SPACE' at (0.0, 0.0, 0.0) m, diameter=1.0 m
2025-04-08 13:07:22,554 - root - INFO - Loaded orbit data from 'final_orbit370.txt' with 99181 points
2025-04-08 13:07:22,554 - root - INFO - Initialized SpaceTelescope 'TEMP_SPACE' with orbit file 'final_orbit370.txt', diameter=1.0 m
2025-04-08 13:07:22,554 - root - INFO - Processing sequence of 4 requests
2025-04-08 13:07:22,554 - root - INFO - Set telescope 'ALMA' with new parameters
2025-04-08 13:07:22,554 - root - INFO - Applied set_telescope to Telescope, result=None
2025-04-08 13:07:22,554 - root - INFO - Successfully configured Telescope: code='ALMA'
2025-04-08 13:07:22,569 - root - INFO - Set telescope 'APEX' with new parameters
2025-04-08 13:07:22,569 - root - INFO - Applied set_telescope to Telescope, result=None
2025-04-08 13:07:22,569 - root - INFO - Successfully configured Telescope: code='APEX'
2025-04-08 13:07:22,570 - root - INFO - Set telescope 'SMT' with new parameters
2025-04-08 13:07:22,570 - root - INFO - Applied set_telescope to Telescope, result=None
2025-04-08 13:07:22,570 - root - INFO - Successfully configured Telescope: code='SMT'
2025-04-08 13:07:22,570 - root - INFO - Set telescope 'SPACE370' with new parameters
2025-04-08 13:07:23,854 - root - INFO - Loaded orbit data from 'final_orbit370.txt' with 99181 points
2025-04-08 13:07:23,870 - root - INFO - Set SpaceTelescope 'SPACE370' with use_kep=False, diameter=10.0 m
2025-04-08 13:07:23,870 - root - INFO - Applied set_telescope to SpaceTelescope, result=None
2025-04-08 13:07:23,870 - root - INFO - Successfully configured SpaceTelescope: code='SPACE370'
2025-04-08 13:07:23,870 - root - INFO - Added telescope 'ALMA' to Telescopes
2025-04-08 13:07:23,870 - root - INFO - Added telescope 'APEX' to Telescopes
2025-04-08 13:07:23,870 - root - INFO - Added telescope 'SMT' to Telescopes
2025-04-08 13:07:23,870 - root - INFO - Added telescope 'SPACE370' to Telescopes
2025-04-08 13:07:23,870 - root - INFO - Initialized IF with frequency=1000.0 MHz, bandwidth=16.0 MHz, polarizations=[]
2025-04-08 13:07:23,870 - root - INFO - Set IF frequency to 86000.0 MHz for IF
2025-04-08 13:07:23,870 - root - INFO - Applied set_frequency to IF, result=None
2025-04-08 13:07:23,870 - root - INFO - Set IF bandwidth to 4000.0 MHz for IF
2025-04-08 13:07:23,870 - root - INFO - Applied set_bandwidth to IF, result=None
2025-04-08 13:07:23,870 - root - INFO - Successfully configured IF: freq=86000.0, bw=4000.0
2025-04-08 13:07:23,870 - root - INFO - Initialized Frequencies with 1 IFs
2025-04-08 13:07:23,870 - root - INFO - Initialized Scan with start=2025-04-08T10:07:23.871, duration=1.0, OFF SOURCE
2025-04-08 13:07:23,870 - root - INFO - Set Scan with start=2031-03-10T00:00:00.000, duration=864000.0, source_index=0
2025-04-08 13:07:23,870 - root - INFO - Applied set_scan to Scan, result=None
2025-04-08 13:07:23,870 - root - INFO - Successfully configured Scan: start=2031-03-10T00:00:00.000, source_index=0
2025-04-08 13:07:23,870 - root - INFO - Initialized Scans with 1 scans
2025-04-08 13:07:23,870 - root - INFO - Initialized Sources with 0 sources
2025-04-08 13:07:23,876 - root - INFO - Initialized Telescopes with 0 telescopes
2025-04-08 13:07:23,876 - root - INFO - Initialized Frequencies with 0 IFs
2025-04-08 13:07:23,876 - root - INFO - Initialized Scans with 0 scans
2025-04-08 13:07:23,877 - root - INFO - Initialized Observation 'M87_SPACE_OBS' with type 'VLBI'
2025-04-08 13:07:23,877 - root - INFO - Initialized Sources with 0 sources
2025-04-08 13:07:23,877 - root - INFO - Initialized Telescopes with 0 telescopes
2025-04-08 13:07:23,877 - root - INFO - Initialized Frequencies with 0 IFs
2025-04-08 13:07:23,878 - root - INFO - Initialized Scans with 0 scans
2025-04-08 13:07:23,878 - root - INFO - Initialized Observation 'M87_SINGLE_DISH' with type 'SINGLE_DISH'
2025-04-08 13:07:23,878 - root - INFO - Initialized Telescopes with 2 telescopes
2025-04-08 13:07:23,878 - root - INFO - Initialized Scan with start=2031-03-10T00:00:00.000, duration=3600, source_index=0
2025-04-08 13:07:23,878 - root - INFO - Initialized Scans with 1 scans
2025-04-08 13:07:23,878 - root - INFO - Processing sequence of 2 requests
2025-04-08 13:07:23,879 - root - INFO - Set observation 'M87_SPACE_OBS' with type 'VLBI'
2025-04-08 13:07:23,879 - root - INFO - Applied set_observation to Observation, result=None
2025-04-08 13:07:23,880 - root - INFO - Initialized Telescopes with 4 telescopes
2025-04-08 13:07:24,590 - root - WARNING - No interpolated orbit data available for 'SPACE370' at 2031-03-10T00:00:00.000, falling back to raw orbit data
2025-04-08 13:07:24,590 - root - INFO - Initialized Telescopes with 4 telescopes
2025-04-08 13:07:24,590 - root - INFO - Observation 'M87_SPACE_OBS' validated successfully
2025-04-08 13:07:24,590 - root - INFO - Successfully configured Observation: code='M87_SPACE_OBS'
2025-04-08 13:07:24,590 - root - INFO - Set observation 'M87_SINGLE_DISH' with type 'SINGLE_DISH'
2025-04-08 13:07:24,590 - root - INFO - Applied set_observation to Observation, result=None
2025-04-08 13:07:24,590 - root - INFO - Initialized Telescopes with 2 telescopes
2025-04-08 13:07:24,590 - root - INFO - Initialized Telescopes with 2 telescopes
2025-04-08 13:07:24,590 - root - INFO - Observation 'M87_SINGLE_DISH' validated successfully
2025-04-08 13:07:24,590 - root - INFO - Successfully configured Observation: code='M87_SINGLE_DISH'
2025-04-08 13:07:24,590 - root - INFO - Added item to project 'EHT_M87_SPACE_PROJECT'
2025-04-08 13:07:24,590 - root - INFO - Added observation 'M87_SPACE_OBS' to project 'EHT_M87_SPACE_PROJECT'
2025-04-08 13:07:24,590 - root - INFO - Added item to project 'EHT_M87_SPACE_PROJECT'
2025-04-08 13:07:24,590 - root - INFO - Added observation 'M87_SINGLE_DISH' to project 'EHT_M87_SPACE_PROJECT'
2025-04-08 13:07:24,590 - root - INFO - Processing sequence of 8 requests
2025-04-08 13:07:24,590 - root - INFO - Recalculating 'uv_coverage_f0' for 'M87_SPACE_OBS' with recalculate=False
2025-04-08 13:07:24,590 - root - INFO - Recalculating 'source_visibility' for 'M87_SPACE_OBS' with recalculate=False
2025-04-08 13:07:24,606 - root - INFO - Calculating visibility for 1440 time points from 2031-03-10T00:00:00.000 to 2031-03-20T00:00:00.000
2025-04-08 13:07:24,606 - root - INFO - Recalculating 'telescope_positions' for 'M87_SPACE_OBS' with recalculate=False
2025-04-08 13:07:24,609 - root - INFO - Calculating telescope positions for 1440 time points from 2031-03-10T00:00:00.000 to 2031-03-20T00:00:00.000
2025-04-08 13:07:24,610 - root - INFO - Interpolating orbit for SPACE370
2025-04-08 13:07:24,611 - root - INFO - Interpolating orbit for 'SPACE370' from 2031-03-10T00:00:00.000 to 2031-03-20T00:00:00.000
2025-04-08 13:07:24,612 - root - INFO - Interpolated orbit for 'SPACE370' using linear from 2031-03-10T00:00:00.000 to 2031-03-20T00:00:00.000
2025-04-08 13:07:46,866 - root - INFO - Calculated telescope positions for 1 entries in 'M87_SPACE_OBS'
2025-04-08 13:07:46,866 - root - INFO - Stored calculated data 'telescope_positions' for observation 'M87_SPACE_OBS'
2025-04-08 13:07:46,866 - root - INFO - Calculation 'telescope_positions' for 'M87_SPACE_OBS' completed in 22.264 s
2025-04-08 13:08:15,020 - root - INFO - Stored calculated data 'source_visibility' for observation 'M87_SPACE_OBS'
2025-04-08 13:08:15,020 - root - INFO - Calculation 'source_visibility' for 'M87_SPACE_OBS' completed in 50.420 s
2025-04-08 13:08:15,020 - root - INFO - Retrieved calculated data 'telescope_positions' for observation 'M87_SPACE_OBS'
2025-04-08 13:08:15,020 - root - INFO - Using cached data for 'telescope_positions' in 'M87_SPACE_OBS'
2025-04-08 13:08:15,020 - root - INFO - Calculation 'telescope_positions' for 'M87_SPACE_OBS' completed in 0.001 s
2025-04-08 13:08:17,324 - root - INFO - Stored calculated data 'uv_coverage_f0' for observation 'M87_SPACE_OBS'
2025-04-08 13:08:17,324 - root - INFO - Calculation 'uv_coverage' for 'M87_SPACE_OBS' completed in 52.732 s
2025-04-08 13:08:17,324 - root - INFO - Recalculating 'mollweide_tracks' for 'M87_SPACE_OBS' with recalculate=False
2025-04-08 13:08:17,324 - root - INFO - Retrieved calculated data 'telescope_positions' for observation 'M87_SPACE_OBS'
2025-04-08 13:08:17,324 - root - INFO - Using cached data for 'telescope_positions' in 'M87_SPACE_OBS'
2025-04-08 13:08:17,324 - root - INFO - Calculation 'telescope_positions' for 'M87_SPACE_OBS' completed in 0.001 s
2025-04-08 13:08:17,422 - root - INFO - Stored calculated data 'mollweide_tracks' for observation 'M87_SPACE_OBS'
2025-04-08 13:08:17,422 - root - INFO - Calculation 'mollweide_tracks' for 'M87_SPACE_OBS' completed in 0.092 s
2025-04-08 13:08:17,422 - root - INFO - Recalculating 'baseline_projections_f0' for 'M87_SPACE_OBS' with recalculate=False
2025-04-08 13:08:17,422 - root - INFO - Retrieved calculated data 'uv_coverage_f0' for observation 'M87_SPACE_OBS'
2025-04-08 13:08:17,422 - root - INFO - Using cached data for 'uv_coverage_f0' in 'M87_SPACE_OBS'
2025-04-08 13:08:17,422 - root - INFO - Calculation 'uv_coverage' for 'M87_SPACE_OBS' completed in 0.000 s
2025-04-08 13:08:17,441 - root - INFO - Stored calculated data 'baseline_projections_f0' for observation 'M87_SPACE_OBS'
2025-04-08 13:08:17,441 - root - INFO - Calculation 'baseline_projections' for 'M87_SPACE_OBS' completed in 0.013 s
2025-04-08 13:08:17,442 - root - INFO - Recalculating 'beam_pattern_f0' for 'M87_SINGLE_DISH' with recalculate=False
2025-04-08 13:08:17,444 - root - INFO - Stored calculated data 'beam_pattern_f0' for observation 'M87_SINGLE_DISH'
2025-04-08 13:08:17,444 - root - INFO - Calculation 'beam_pattern' for 'M87_SINGLE_DISH' completed in 0.002 s
2025-04-08 13:08:17,444 - root - INFO - Recalculating 'synthesized_beam_f0' for 'M87_SPACE_OBS' with recalculate=False
2025-04-08 13:08:17,444 - root - INFO - Retrieved calculated data 'uv_coverage_f0' for observation 'M87_SPACE_OBS'
2025-04-08 13:08:17,444 - root - INFO - Using cached data for 'uv_coverage_f0' in 'M87_SPACE_OBS'
2025-04-08 13:08:17,444 - root - INFO - Calculation 'uv_coverage' for 'M87_SPACE_OBS' completed in 0.000 s
2025-04-08 13:08:17,469 - root - INFO - Stored calculated data 'synthesized_beam_f0' for observation 'M87_SPACE_OBS'
2025-04-08 13:08:17,469 - root - INFO - Calculation 'synthesized_beam' for 'M87_SPACE_OBS' completed in 0.027 s
2025-04-08 13:08:17,469 - root - INFO - Recalculating 'time_on_source' for 'M87_SPACE_OBS' with recalculate=False
2025-04-08 13:08:17,469 - root - INFO - Retrieved calculated data 'source_visibility' for observation 'M87_SPACE_OBS'
2025-04-08 13:08:17,469 - root - INFO - Using cached data for 'source_visibility' in 'M87_SPACE_OBS'
2025-04-08 13:08:17,473 - root - INFO - Calculation 'source_visibility' for 'M87_SPACE_OBS' completed in 0.001 s
2025-04-08 13:08:17,605 - root - INFO - Stored calculated data 'time_on_source' for observation 'M87_SPACE_OBS'
2025-04-08 13:08:17,605 - root - INFO - Calculation 'time_on_source' for 'M87_SPACE_OBS' completed in 0.140 s
2025-04-08 13:08:17,605 - root - INFO - Recalculating 'sun_angles' for 'M87_SPACE_OBS' with recalculate=False
2025-04-08 13:08:52,496 - root - INFO - Stored calculated data 'sun_angles' for observation 'M87_SPACE_OBS'
2025-04-08 13:08:52,496 - root - INFO - Calculation 'sun_angles' for 'M87_SPACE_OBS' completed in 34.892 s
2025-04-08 13:08:52,496 - root - INFO - Recalculating 'az_el' for 'M87_SPACE_OBS' with recalculate=False
2025-04-08 13:09:08,461 - root - INFO - Stored calculated data 'az_el' for observation 'M87_SPACE_OBS'
2025-04-08 13:09:08,461 - root - INFO - Calculation 'az_el' for 'M87_SPACE_OBS' completed in 15.959 s
2025-04-08 13:09:08,461 - root - INFO - Processing sequence of 8 requests
2025-04-08 13:09:08,648 - root - INFO - Retrieved calculated data 'uv_coverage_f0' for observation 'M87_SPACE_OBS'
2025-04-08 13:09:09,332 - root - INFO - Visualization saved to 'uv_coverage_m87_space_with_conjugates.png'
2025-04-08 13:12:05,828 - root - INFO - Retrieved calculated data 'mollweide_tracks' for observation 'M87_SPACE_OBS'
2025-04-08 13:12:06,274 - root - INFO - Visualization saved to 'mollweide_track_m87_space_matplotlib_mollweide_j2000_fixed.png'
2025-04-08 13:12:08,760 - root - INFO - Retrieved calculated data 'baseline_projections_f0' for observation 'M87_SPACE_OBS'
2025-04-08 13:12:10,135 - root - INFO - Visualization saved to 'baseline_projections_m87_space.png'
2025-04-08 13:12:11,568 - root - INFO - Retrieved calculated data 'beam_pattern_f0' for observation 'M87_SINGLE_DISH'
2025-04-08 13:12:12,022 - root - INFO - Visualization saved to 'beam_pattern_m87_single_dish.png'
2025-04-08 13:12:13,225 - root - INFO - Retrieved calculated data 'synthesized_beam_f0' for observation 'M87_SPACE_OBS'
2025-04-08 13:12:14,421 - root - INFO - Visualization saved to 'synthesized_beam_2d_m87_vlbi.png'
2025-04-08 13:12:16,487 - root - INFO - Retrieved calculated data 'time_on_source' for observation 'M87_SPACE_OBS'
2025-04-08 13:12:17,238 - root - INFO - Visualization saved to 'time_on_source_m87_space.png'
2025-04-08 13:12:29,973 - root - INFO - Retrieved calculated data 'sun_angles' for observation 'M87_SPACE_OBS'
2025-04-08 13:12:30,897 - root - INFO - Visualization saved to 'sun_angles_m87_space.png'
2025-04-08 13:12:32,571 - root - INFO - Retrieved calculated data 'az_el' for observation 'M87_SPACE_OBS'
2025-04-08 13:12:33,717 - root - INFO - Visualization saved to 'az_el_m87_space.png'
2025-04-08 13:14:40,895 - root - INFO - Initialized Manipulator with 0 initial operations
2025-04-08 13:14:40,896 - root - INFO - Initialized Scheduling Configurator
2025-04-08 13:14:40,896 - root - INFO - Registered operation 'configure' with ScheduleConfigurator
2025-04-08 13:14:40,896 - root - INFO - Initialized Scheduling Inspector
2025-04-08 13:14:40,897 - root - INFO - Registered operation 'inspect' with ScheduleInspector
2025-04-08 13:14:40,898 - root - INFO - Initialized Scheduling Calculator
2025-04-08 13:14:40,898 - root - INFO - Registered operation 'calculate' with ScheduleCalculator
2025-04-08 13:14:40,898 - root - INFO - Initialized Scheduling Visualizer
2025-04-08 13:14:40,899 - root - INFO - Registered operation 'visualize' with ScheduleVisualizer
2025-04-08 13:14:40,899 - root - INFO - Initialized DefaultManipulator with default operations
2025-04-08 13:14:40,899 - root - INFO - Initialized project 'EHT_M87_SPACE_PROJECT' with 0 items
2025-04-08 13:14:40,899 - root - INFO - Set managing object of type 'ScheduleProject' in Manipulator
2025-04-08 13:14:40,900 - root - INFO - Set up test environment with Manipulator and Project
2025-04-08 13:14:40,900 - root - INFO - Supported operations: ['configure', 'inspect', 'calculate', 'visualize']
2025-04-08 13:14:40,900 - root - INFO - Initialized Source 'SOURCE_DEFAULT' at RA=0.0h0.0m0.0s, DEC=0.0d0.0m0.0s
2025-04-08 13:14:40,900 - root - INFO - Set source 'M87' with new coordinates RA=12h30m49.42s, DEC=12d23m28.0s
2025-04-08 13:14:40,900 - root - INFO - Applied set_source to Source, result=None
2025-04-08 13:14:40,901 - root - INFO - Set flux=1.2 Jy for frequency 86000.0 MHz on source 'M87'
2025-04-08 13:14:40,901 - root - INFO - Applied set_flux to Source, result=None
2025-04-08 13:14:40,901 - root - INFO - Successfully configured Source: name='M87'
2025-04-08 13:14:40,901 - root - INFO - Initialized Sources with 1 sources
2025-04-08 13:14:40,901 - root - INFO - Initialized Telescopes with 0 telescopes
2025-04-08 13:14:40,902 - root - INFO - Initialized Telescope 'TEMP' at (0.0, 0.0, 0.0) m, diameter=1.0 m
2025-04-08 13:14:40,902 - root - INFO - Initialized Telescope 'TEMP' at (0.0, 0.0, 0.0) m, diameter=1.0 m
2025-04-08 13:14:40,902 - root - INFO - Initialized Telescope 'TEMP' at (0.0, 0.0, 0.0) m, diameter=1.0 m
2025-04-08 13:14:40,903 - root - INFO - Initialized Telescope 'TEMP_SPACE' at (0.0, 0.0, 0.0) m, diameter=1.0 m
2025-04-08 13:14:42,230 - root - INFO - Loaded orbit data from 'final_orbit370.txt' with 99181 points
2025-04-08 13:14:42,230 - root - INFO - Initialized SpaceTelescope 'TEMP_SPACE' with orbit file 'final_orbit370.txt', diameter=1.0 m
2025-04-08 13:14:42,230 - root - INFO - Processing sequence of 4 requests
2025-04-08 13:14:42,230 - root - INFO - Set telescope 'ALMA' with new parameters
2025-04-08 13:14:42,230 - root - INFO - Applied set_telescope to Telescope, result=None
2025-04-08 13:14:42,230 - root - INFO - Successfully configured Telescope: code='ALMA'
2025-04-08 13:14:42,244 - root - INFO - Set telescope 'APEX' with new parameters
2025-04-08 13:14:42,244 - root - INFO - Applied set_telescope to Telescope, result=None
2025-04-08 13:14:42,244 - root - INFO - Successfully configured Telescope: code='APEX'
2025-04-08 13:14:42,245 - root - INFO - Set telescope 'SMT' with new parameters
2025-04-08 13:14:42,245 - root - INFO - Applied set_telescope to Telescope, result=None
2025-04-08 13:14:42,245 - root - INFO - Successfully configured Telescope: code='SMT'
2025-04-08 13:14:42,245 - root - INFO - Set telescope 'SPACE370' with new parameters
2025-04-08 13:14:43,628 - root - INFO - Loaded orbit data from 'final_orbit370.txt' with 99181 points
2025-04-08 13:14:43,628 - root - INFO - Set SpaceTelescope 'SPACE370' with use_kep=False, diameter=10.0 m
2025-04-08 13:14:43,629 - root - INFO - Applied set_telescope to SpaceTelescope, result=None
2025-04-08 13:14:43,629 - root - INFO - Successfully configured SpaceTelescope: code='SPACE370'
2025-04-08 13:14:43,629 - root - INFO - Added telescope 'ALMA' to Telescopes
2025-04-08 13:14:43,629 - root - INFO - Added telescope 'APEX' to Telescopes
2025-04-08 13:14:43,630 - root - INFO - Added telescope 'SMT' to Telescopes
2025-04-08 13:14:43,630 - root - INFO - Added telescope 'SPACE370' to Telescopes
2025-04-08 13:14:43,630 - root - INFO - Initialized IF with frequency=1000.0 MHz, bandwidth=16.0 MHz, polarizations=[]
2025-04-08 13:14:43,630 - root - INFO - Set IF frequency to 86000.0 MHz for IF
2025-04-08 13:14:43,631 - root - INFO - Applied set_frequency to IF, result=None
2025-04-08 13:14:43,631 - root - INFO - Set IF bandwidth to 4000.0 MHz for IF
2025-04-08 13:14:43,631 - root - INFO - Applied set_bandwidth to IF, result=None
2025-04-08 13:14:43,631 - root - INFO - Successfully configured IF: freq=86000.0, bw=4000.0
2025-04-08 13:14:43,631 - root - INFO - Initialized Frequencies with 1 IFs
2025-04-08 13:14:43,632 - root - INFO - Initialized Scan with start=2025-04-08T10:14:43.632, duration=1.0, OFF SOURCE
2025-04-08 13:14:43,633 - root - INFO - Set Scan with start=2031-03-10T00:00:00.000, duration=864000.0, source_index=0
2025-04-08 13:14:43,633 - root - INFO - Applied set_scan to Scan, result=None
2025-04-08 13:14:43,634 - root - INFO - Successfully configured Scan: start=2031-03-10T00:00:00.000, source_index=0
2025-04-08 13:14:43,634 - root - INFO - Initialized Scans with 1 scans
2025-04-08 13:14:43,634 - root - INFO - Initialized Sources with 0 sources
2025-04-08 13:14:43,634 - root - INFO - Initialized Telescopes with 0 telescopes
2025-04-08 13:14:43,635 - root - INFO - Initialized Frequencies with 0 IFs
2025-04-08 13:14:43,635 - root - INFO - Initialized Scans with 0 scans
2025-04-08 13:14:43,635 - root - INFO - Initialized Observation 'M87_SPACE_OBS' with type 'VLBI'
2025-04-08 13:14:43,635 - root - INFO - Initialized Sources with 0 sources
2025-04-08 13:14:43,635 - root - INFO - Initialized Telescopes with 0 telescopes
2025-04-08 13:14:43,636 - root - INFO - Initialized Frequencies with 0 IFs
2025-04-08 13:14:43,636 - root - INFO - Initialized Scans with 0 scans
2025-04-08 13:14:43,636 - root - INFO - Initialized Observation 'M87_SINGLE_DISH' with type 'SINGLE_DISH'
2025-04-08 13:14:43,636 - root - INFO - Initialized Telescopes with 2 telescopes
2025-04-08 13:14:43,637 - root - INFO - Initialized Scan with start=2031-03-10T00:00:00.000, duration=3600, source_index=0
2025-04-08 13:14:43,637 - root - INFO - Initialized Scans with 1 scans
2025-04-08 13:14:43,637 - root - INFO - Processing sequence of 2 requests
2025-04-08 13:14:43,637 - root - INFO - Set observation 'M87_SPACE_OBS' with type 'VLBI'
2025-04-08 13:14:43,638 - root - INFO - Applied set_observation to Observation, result=None
2025-04-08 13:14:43,639 - root - INFO - Initialized Telescopes with 4 telescopes
2025-04-08 13:14:44,411 - root - WARNING - No interpolated orbit data available for 'SPACE370' at 2031-03-10T00:00:00.000, falling back to raw orbit data
2025-04-08 13:14:44,411 - root - INFO - Initialized Telescopes with 4 telescopes
2025-04-08 13:14:44,411 - root - INFO - Observation 'M87_SPACE_OBS' validated successfully
2025-04-08 13:14:44,411 - root - INFO - Successfully configured Observation: code='M87_SPACE_OBS'
2025-04-08 13:14:44,411 - root - INFO - Set observation 'M87_SINGLE_DISH' with type 'SINGLE_DISH'
2025-04-08 13:14:44,411 - root - INFO - Applied set_observation to Observation, result=None
2025-04-08 13:14:44,411 - root - INFO - Initialized Telescopes with 2 telescopes
2025-04-08 13:14:44,411 - root - INFO - Initialized Telescopes with 2 telescopes
2025-04-08 13:14:44,411 - root - INFO - Observation 'M87_SINGLE_DISH' validated successfully
2025-04-08 13:14:44,411 - root - INFO - Successfully configured Observation: code='M87_SINGLE_DISH'
2025-04-08 13:14:44,411 - root - INFO - Added item to project 'EHT_M87_SPACE_PROJECT'
2025-04-08 13:14:44,411 - root - INFO - Added observation 'M87_SPACE_OBS' to project 'EHT_M87_SPACE_PROJECT'
2025-04-08 13:14:44,411 - root - INFO - Added item to project 'EHT_M87_SPACE_PROJECT'
2025-04-08 13:14:44,411 - root - INFO - Added observation 'M87_SINGLE_DISH' to project 'EHT_M87_SPACE_PROJECT'
2025-04-08 13:14:44,411 - root - INFO - Processing sequence of 8 requests
2025-04-08 13:14:44,411 - root - INFO - Recalculating 'uv_coverage_f0' for 'M87_SPACE_OBS' with recalculate=False
2025-04-08 13:14:44,411 - root - INFO - Recalculating 'source_visibility' for 'M87_SPACE_OBS' with recalculate=False
2025-04-08 13:14:44,420 - root - INFO - Calculating visibility for 1440 time points from 2031-03-10T00:00:00.000 to 2031-03-20T00:00:00.000
2025-04-08 13:14:44,420 - root - INFO - Recalculating 'telescope_positions' for 'M87_SPACE_OBS' with recalculate=False
2025-04-08 13:14:44,422 - root - INFO - Calculating telescope positions for 1440 time points from 2031-03-10T00:00:00.000 to 2031-03-20T00:00:00.000
2025-04-08 13:14:44,423 - root - INFO - Interpolating orbit for SPACE370
2025-04-08 13:14:44,423 - root - INFO - Interpolating orbit for 'SPACE370' from 2031-03-10T00:00:00.000 to 2031-03-20T00:00:00.000
2025-04-08 13:14:44,424 - root - INFO - Interpolated orbit for 'SPACE370' using linear from 2031-03-10T00:00:00.000 to 2031-03-20T00:00:00.000
2025-04-08 13:15:08,036 - root - INFO - Calculated telescope positions for 1 entries in 'M87_SPACE_OBS'
2025-04-08 13:15:08,036 - root - INFO - Stored calculated data 'telescope_positions' for observation 'M87_SPACE_OBS'
2025-04-08 13:15:08,036 - root - INFO - Calculation 'telescope_positions' for 'M87_SPACE_OBS' completed in 23.617 s
2025-04-08 13:15:36,853 - root - INFO - Stored calculated data 'source_visibility' for observation 'M87_SPACE_OBS'
2025-04-08 13:15:36,853 - root - INFO - Calculation 'source_visibility' for 'M87_SPACE_OBS' completed in 52.438 s
2025-04-08 13:15:36,853 - root - INFO - Retrieved calculated data 'telescope_positions' for observation 'M87_SPACE_OBS'
2025-04-08 13:15:36,853 - root - INFO - Using cached data for 'telescope_positions' in 'M87_SPACE_OBS'
2025-04-08 13:15:36,853 - root - INFO - Calculation 'telescope_positions' for 'M87_SPACE_OBS' completed in 0.000 s
2025-04-08 13:15:39,411 - root - INFO - Stored calculated data 'uv_coverage_f0' for observation 'M87_SPACE_OBS'
2025-04-08 13:15:39,411 - root - INFO - Calculation 'uv_coverage' for 'M87_SPACE_OBS' completed in 54.995 s
2025-04-08 13:15:39,412 - root - INFO - Recalculating 'mollweide_tracks' for 'M87_SPACE_OBS' with recalculate=False
2025-04-08 13:15:39,412 - root - INFO - Retrieved calculated data 'telescope_positions' for observation 'M87_SPACE_OBS'
2025-04-08 13:15:39,412 - root - INFO - Using cached data for 'telescope_positions' in 'M87_SPACE_OBS'
2025-04-08 13:15:39,413 - root - INFO - Calculation 'telescope_positions' for 'M87_SPACE_OBS' completed in 0.001 s
2025-04-08 13:15:39,503 - root - INFO - Stored calculated data 'mollweide_tracks' for observation 'M87_SPACE_OBS'
2025-04-08 13:15:39,503 - root - INFO - Calculation 'mollweide_tracks' for 'M87_SPACE_OBS' completed in 0.098 s
2025-04-08 13:15:39,503 - root - INFO - Recalculating 'baseline_projections_f0' for 'M87_SPACE_OBS' with recalculate=False
2025-04-08 13:15:39,503 - root - INFO - Retrieved calculated data 'uv_coverage_f0' for observation 'M87_SPACE_OBS'
2025-04-08 13:15:39,503 - root - INFO - Using cached data for 'uv_coverage_f0' in 'M87_SPACE_OBS'
2025-04-08 13:15:39,503 - root - INFO - Calculation 'uv_coverage' for 'M87_SPACE_OBS' completed in 0.000 s
2025-04-08 13:15:39,525 - root - INFO - Stored calculated data 'baseline_projections_f0' for observation 'M87_SPACE_OBS'
2025-04-08 13:15:39,525 - root - INFO - Calculation 'baseline_projections' for 'M87_SPACE_OBS' completed in 0.014 s
2025-04-08 13:15:39,525 - root - INFO - Recalculating 'beam_pattern_f0' for 'M87_SINGLE_DISH' with recalculate=False
2025-04-08 13:15:39,528 - root - INFO - Stored calculated data 'beam_pattern_f0' for observation 'M87_SINGLE_DISH'
2025-04-08 13:15:39,528 - root - INFO - Calculation 'beam_pattern' for 'M87_SINGLE_DISH' completed in 0.002 s
2025-04-08 13:15:39,528 - root - INFO - Recalculating 'synthesized_beam_f0' for 'M87_SPACE_OBS' with recalculate=False
2025-04-08 13:15:39,529 - root - INFO - Retrieved calculated data 'uv_coverage_f0' for observation 'M87_SPACE_OBS'
2025-04-08 13:15:39,529 - root - INFO - Using cached data for 'uv_coverage_f0' in 'M87_SPACE_OBS'
2025-04-08 13:15:39,529 - root - INFO - Calculation 'uv_coverage' for 'M87_SPACE_OBS' completed in 0.001 s
2025-04-08 13:15:39,558 - root - INFO - Stored calculated data 'synthesized_beam_f0' for observation 'M87_SPACE_OBS'
2025-04-08 13:15:39,559 - root - INFO - Calculation 'synthesized_beam' for 'M87_SPACE_OBS' completed in 0.031 s
2025-04-08 13:15:39,559 - root - INFO - Recalculating 'time_on_source' for 'M87_SPACE_OBS' with recalculate=False
2025-04-08 13:15:39,560 - root - INFO - Retrieved calculated data 'source_visibility' for observation 'M87_SPACE_OBS'
2025-04-08 13:15:39,560 - root - INFO - Using cached data for 'source_visibility' in 'M87_SPACE_OBS'
2025-04-08 13:15:39,560 - root - INFO - Calculation 'source_visibility' for 'M87_SPACE_OBS' completed in 0.001 s
2025-04-08 13:15:39,703 - root - INFO - Stored calculated data 'time_on_source' for observation 'M87_SPACE_OBS'
2025-04-08 13:15:39,703 - root - INFO - Calculation 'time_on_source' for 'M87_SPACE_OBS' completed in 0.147 s
2025-04-08 13:15:39,703 - root - INFO - Recalculating 'sun_angles' for 'M87_SPACE_OBS' with recalculate=False
2025-04-08 13:16:15,169 - root - INFO - Stored calculated data 'sun_angles' for observation 'M87_SPACE_OBS'
2025-04-08 13:16:15,169 - root - INFO - Calculation 'sun_angles' for 'M87_SPACE_OBS' completed in 35.462 s
2025-04-08 13:16:15,169 - root - INFO - Recalculating 'az_el' for 'M87_SPACE_OBS' with recalculate=False
2025-04-08 13:16:30,205 - root - INFO - Stored calculated data 'az_el' for observation 'M87_SPACE_OBS'
2025-04-08 13:16:30,205 - root - INFO - Calculation 'az_el' for 'M87_SPACE_OBS' completed in 15.037 s
2025-04-08 13:16:30,205 - root - INFO - Processing sequence of 8 requests
2025-04-08 13:16:30,380 - root - INFO - Retrieved calculated data 'uv_coverage_f0' for observation 'M87_SPACE_OBS'
2025-04-08 13:16:31,063 - root - INFO - Visualization saved to 'uv_coverage_m87_space_with_conjugates.png'
2025-04-08 13:18:03,072 - root - INFO - Retrieved calculated data 'mollweide_tracks' for observation 'M87_SPACE_OBS'
2025-04-08 13:18:03,501 - root - INFO - Visualization saved to 'mollweide_track_m87_space_matplotlib_mollweide_j2000_fixed.png'
2025-04-08 13:18:06,079 - root - INFO - Retrieved calculated data 'baseline_projections_f0' for observation 'M87_SPACE_OBS'
2025-04-08 13:18:07,303 - root - INFO - Visualization saved to 'baseline_projections_m87_space.png'
2025-04-08 13:18:20,762 - root - INFO - Retrieved calculated data 'beam_pattern_f0' for observation 'M87_SINGLE_DISH'
2025-04-08 13:18:21,200 - root - INFO - Visualization saved to 'beam_pattern_m87_single_dish.png'
2025-04-08 13:18:25,558 - root - INFO - Retrieved calculated data 'synthesized_beam_f0' for observation 'M87_SPACE_OBS'
2025-04-08 13:18:26,728 - root - INFO - Visualization saved to 'synthesized_beam_2d_m87_vlbi.png'
2025-04-08 13:18:28,389 - root - INFO - Retrieved calculated data 'time_on_source' for observation 'M87_SPACE_OBS'
2025-04-08 13:18:29,059 - root - INFO - Visualization saved to 'time_on_source_m87_space.png'
2025-04-08 13:18:45,351 - root - INFO - Retrieved calculated data 'sun_angles' for observation 'M87_SPACE_OBS'
2025-04-08 13:18:46,135 - root - INFO - Visualization saved to 'sun_angles_m87_space.png'
2025-04-08 13:18:48,782 - root - INFO - Retrieved calculated data 'az_el' for observation 'M87_SPACE_OBS'
2025-04-08 13:18:49,821 - root - INFO - Visualization saved to 'az_el_m87_space.png'
2025-04-08 13:19:34,800 - root - INFO - Initialized Manipulator with 0 initial operations
2025-04-08 13:19:34,800 - root - INFO - Initialized Scheduling Configurator
2025-04-08 13:19:34,800 - root - INFO - Registered operation 'configure' with ScheduleConfigurator
2025-04-08 13:19:34,800 - root - INFO - Initialized Scheduling Inspector
2025-04-08 13:19:34,800 - root - INFO - Registered operation 'inspect' with ScheduleInspector
2025-04-08 13:19:34,800 - root - INFO - Initialized Scheduling Calculator
2025-04-08 13:19:34,800 - root - INFO - Registered operation 'calculate' with ScheduleCalculator
2025-04-08 13:19:34,800 - root - INFO - Initialized Scheduling Visualizer
2025-04-08 13:19:34,800 - root - INFO - Registered operation 'visualize' with ScheduleVisualizer
2025-04-08 13:19:34,800 - root - INFO - Initialized DefaultManipulator with default operations
2025-04-08 13:19:34,800 - root - INFO - Initialized project 'EHT_M87_SPACE_PROJECT' with 0 items
2025-04-08 13:19:34,800 - root - INFO - Set managing object of type 'ScheduleProject' in Manipulator
2025-04-08 13:19:34,800 - root - INFO - Set up test environment with Manipulator and Project
2025-04-08 13:19:34,800 - root - INFO - Supported operations: ['configure', 'inspect', 'calculate', 'visualize']
2025-04-08 13:19:34,800 - root - INFO - Initialized Source 'SOURCE_DEFAULT' at RA=0.0h0.0m0.0s, DEC=0.0d0.0m0.0s
2025-04-08 13:19:34,800 - root - INFO - Set source 'M87' with new coordinates RA=12h30m49.42s, DEC=12d23m28.0s
2025-04-08 13:19:34,800 - root - INFO - Applied set_source to Source, result=None
2025-04-08 13:19:34,800 - root - INFO - Set flux=1.2 Jy for frequency 86000.0 MHz on source 'M87'
2025-04-08 13:19:34,807 - root - INFO - Applied set_flux to Source, result=None
2025-04-08 13:19:34,807 - root - INFO - Successfully configured Source: name='M87'
2025-04-08 13:19:34,807 - root - INFO - Initialized Sources with 1 sources
2025-04-08 13:19:34,808 - root - INFO - Initialized Telescopes with 0 telescopes
2025-04-08 13:19:34,808 - root - INFO - Initialized Telescope 'TEMP' at (0.0, 0.0, 0.0) m, diameter=1.0 m
2025-04-08 13:19:34,809 - root - INFO - Initialized Telescope 'TEMP' at (0.0, 0.0, 0.0) m, diameter=1.0 m
2025-04-08 13:19:34,809 - root - INFO - Initialized Telescope 'TEMP' at (0.0, 0.0, 0.0) m, diameter=1.0 m
2025-04-08 13:19:34,809 - root - INFO - Initialized Telescope 'TEMP_SPACE' at (0.0, 0.0, 0.0) m, diameter=1.0 m
2025-04-08 13:19:36,108 - root - INFO - Loaded orbit data from 'final_orbit370.txt' with 99181 points
2025-04-08 13:19:36,124 - root - INFO - Initialized SpaceTelescope 'TEMP_SPACE' with orbit file 'final_orbit370.txt', diameter=1.0 m
2025-04-08 13:19:36,124 - root - INFO - Processing sequence of 4 requests
2025-04-08 13:19:36,124 - root - INFO - Set telescope 'ALMA' with new parameters
2025-04-08 13:19:36,124 - root - INFO - Applied set_telescope to Telescope, result=None
2025-04-08 13:19:36,124 - root - INFO - Successfully configured Telescope: code='ALMA'
2025-04-08 13:19:36,133 - root - INFO - Set telescope 'APEX' with new parameters
2025-04-08 13:19:36,133 - root - INFO - Applied set_telescope to Telescope, result=None
2025-04-08 13:19:36,133 - root - INFO - Successfully configured Telescope: code='APEX'
2025-04-08 13:19:36,133 - root - INFO - Set telescope 'SMT' with new parameters
2025-04-08 13:19:36,134 - root - INFO - Applied set_telescope to Telescope, result=None
2025-04-08 13:19:36,134 - root - INFO - Successfully configured Telescope: code='SMT'
2025-04-08 13:19:36,134 - root - INFO - Set telescope 'SPACE370' with new parameters
2025-04-08 13:19:37,566 - root - INFO - Loaded orbit data from 'final_orbit370.txt' with 99181 points
2025-04-08 13:19:37,566 - root - INFO - Set SpaceTelescope 'SPACE370' with use_kep=False, diameter=10.0 m
2025-04-08 13:19:37,566 - root - INFO - Applied set_telescope to SpaceTelescope, result=None
2025-04-08 13:19:37,566 - root - INFO - Successfully configured SpaceTelescope: code='SPACE370'
2025-04-08 13:19:37,566 - root - INFO - Added telescope 'ALMA' to Telescopes
2025-04-08 13:19:37,566 - root - INFO - Added telescope 'APEX' to Telescopes
2025-04-08 13:19:37,566 - root - INFO - Added telescope 'SMT' to Telescopes
2025-04-08 13:19:37,566 - root - INFO - Added telescope 'SPACE370' to Telescopes
2025-04-08 13:19:37,566 - root - INFO - Initialized IF with frequency=1000.0 MHz, bandwidth=16.0 MHz, polarizations=[]
2025-04-08 13:19:37,566 - root - INFO - Set IF frequency to 86000.0 MHz for IF
2025-04-08 13:19:37,566 - root - INFO - Applied set_frequency to IF, result=None
2025-04-08 13:19:37,566 - root - INFO - Set IF bandwidth to 4000.0 MHz for IF
2025-04-08 13:19:37,566 - root - INFO - Applied set_bandwidth to IF, result=None
2025-04-08 13:19:37,566 - root - INFO - Successfully configured IF: freq=86000.0, bw=4000.0
2025-04-08 13:19:37,566 - root - INFO - Initialized Frequencies with 1 IFs
2025-04-08 13:19:37,566 - root - INFO - Initialized Scan with start=2025-04-08T10:19:37.567, duration=1.0, OFF SOURCE
2025-04-08 13:19:37,566 - root - INFO - Set Scan with start=2031-03-10T00:00:00.000, duration=864000.0, source_index=0
2025-04-08 13:19:37,566 - root - INFO - Applied set_scan to Scan, result=None
2025-04-08 13:19:37,566 - root - INFO - Successfully configured Scan: start=2031-03-10T00:00:00.000, source_index=0
2025-04-08 13:19:37,575 - root - INFO - Initialized Scans with 1 scans
2025-04-08 13:19:37,575 - root - INFO - Initialized Sources with 0 sources
2025-04-08 13:19:37,575 - root - INFO - Initialized Telescopes with 0 telescopes
2025-04-08 13:19:37,576 - root - INFO - Initialized Frequencies with 0 IFs
2025-04-08 13:19:37,576 - root - INFO - Initialized Scans with 0 scans
2025-04-08 13:19:37,576 - root - INFO - Initialized Observation 'M87_SPACE_OBS' with type 'VLBI'
2025-04-08 13:19:37,577 - root - INFO - Initialized Sources with 0 sources
2025-04-08 13:19:37,577 - root - INFO - Initialized Telescopes with 0 telescopes
2025-04-08 13:19:37,577 - root - INFO - Initialized Frequencies with 0 IFs
2025-04-08 13:19:37,577 - root - INFO - Initialized Scans with 0 scans
2025-04-08 13:19:37,577 - root - INFO - Initialized Observation 'M87_SINGLE_DISH' with type 'SINGLE_DISH'
2025-04-08 13:19:37,578 - root - INFO - Initialized Telescopes with 2 telescopes
2025-04-08 13:19:37,578 - root - INFO - Initialized Scan with start=2031-03-10T00:00:00.000, duration=3600, source_index=0
2025-04-08 13:19:37,578 - root - INFO - Initialized Scans with 1 scans
2025-04-08 13:19:37,578 - root - INFO - Processing sequence of 2 requests
2025-04-08 13:19:37,579 - root - INFO - Set observation 'M87_SPACE_OBS' with type 'VLBI'
2025-04-08 13:19:37,579 - root - INFO - Applied set_observation to Observation, result=None
2025-04-08 13:19:37,580 - root - INFO - Initialized Telescopes with 4 telescopes
2025-04-08 13:19:38,307 - root - WARNING - No interpolated orbit data available for 'SPACE370' at 2031-03-10T00:00:00.000, falling back to raw orbit data
2025-04-08 13:19:38,307 - root - INFO - Initialized Telescopes with 4 telescopes
2025-04-08 13:19:38,307 - root - INFO - Observation 'M87_SPACE_OBS' validated successfully
2025-04-08 13:19:38,307 - root - INFO - Successfully configured Observation: code='M87_SPACE_OBS'
2025-04-08 13:19:38,307 - root - INFO - Set observation 'M87_SINGLE_DISH' with type 'SINGLE_DISH'
2025-04-08 13:19:38,307 - root - INFO - Applied set_observation to Observation, result=None
2025-04-08 13:19:38,307 - root - INFO - Initialized Telescopes with 2 telescopes
2025-04-08 13:19:38,323 - root - INFO - Initialized Telescopes with 2 telescopes
2025-04-08 13:19:38,323 - root - INFO - Observation 'M87_SINGLE_DISH' validated successfully
2025-04-08 13:19:38,323 - root - INFO - Successfully configured Observation: code='M87_SINGLE_DISH'
2025-04-08 13:19:38,323 - root - INFO - Added item to project 'EHT_M87_SPACE_PROJECT'
2025-04-08 13:19:38,323 - root - INFO - Added observation 'M87_SPACE_OBS' to project 'EHT_M87_SPACE_PROJECT'
2025-04-08 13:19:38,323 - root - INFO - Added item to project 'EHT_M87_SPACE_PROJECT'
2025-04-08 13:19:38,323 - root - INFO - Added observation 'M87_SINGLE_DISH' to project 'EHT_M87_SPACE_PROJECT'
2025-04-08 13:19:38,323 - root - INFO - Processing sequence of 8 requests
2025-04-08 13:19:38,323 - root - INFO - Recalculating 'uv_coverage_f0' for 'M87_SPACE_OBS' with recalculate=False
2025-04-08 13:19:38,325 - root - INFO - Recalculating 'source_visibility' for 'M87_SPACE_OBS' with recalculate=False
2025-04-08 13:19:38,327 - root - INFO - Calculating visibility for 1440 time points from 2031-03-10T00:00:00.000 to 2031-03-20T00:00:00.000
2025-04-08 13:19:38,327 - root - INFO - Recalculating 'telescope_positions' for 'M87_SPACE_OBS' with recalculate=False
2025-04-08 13:19:38,329 - root - INFO - Calculating telescope positions for 1440 time points from 2031-03-10T00:00:00.000 to 2031-03-20T00:00:00.000
2025-04-08 13:19:38,329 - root - INFO - Interpolating orbit for SPACE370
2025-04-08 13:19:38,330 - root - INFO - Interpolating orbit for 'SPACE370' from 2031-03-10T00:00:00.000 to 2031-03-20T00:00:00.000
2025-04-08 13:19:38,330 - root - INFO - Interpolated orbit for 'SPACE370' using linear from 2031-03-10T00:00:00.000 to 2031-03-20T00:00:00.000
2025-04-08 13:19:59,742 - root - INFO - Calculated telescope positions for 1 entries in 'M87_SPACE_OBS'
2025-04-08 13:19:59,742 - root - INFO - Stored calculated data 'telescope_positions' for observation 'M87_SPACE_OBS'
2025-04-08 13:19:59,742 - root - INFO - Calculation 'telescope_positions' for 'M87_SPACE_OBS' completed in 21.416 s
2025-04-08 13:20:28,533 - root - INFO - Stored calculated data 'source_visibility' for observation 'M87_SPACE_OBS'
2025-04-08 13:20:28,533 - root - INFO - Calculation 'source_visibility' for 'M87_SPACE_OBS' completed in 50.221 s
2025-04-08 13:20:28,533 - root - INFO - Retrieved calculated data 'telescope_positions' for observation 'M87_SPACE_OBS'
2025-04-08 13:20:28,533 - root - INFO - Using cached data for 'telescope_positions' in 'M87_SPACE_OBS'
2025-04-08 13:20:28,533 - root - INFO - Calculation 'telescope_positions' for 'M87_SPACE_OBS' completed in 0.001 s
2025-04-08 13:20:30,952 - root - INFO - Stored calculated data 'uv_coverage_f0' for observation 'M87_SPACE_OBS'
2025-04-08 13:20:30,952 - root - INFO - Calculation 'uv_coverage' for 'M87_SPACE_OBS' completed in 52.630 s
2025-04-08 13:20:30,952 - root - INFO - Recalculating 'mollweide_tracks' for 'M87_SPACE_OBS' with recalculate=False
2025-04-08 13:20:30,952 - root - INFO - Retrieved calculated data 'telescope_positions' for observation 'M87_SPACE_OBS'
2025-04-08 13:20:30,952 - root - INFO - Using cached data for 'telescope_positions' in 'M87_SPACE_OBS'
2025-04-08 13:20:30,952 - root - INFO - Calculation 'telescope_positions' for 'M87_SPACE_OBS' completed in 0.001 s
2025-04-08 13:20:31,051 - root - INFO - Stored calculated data 'mollweide_tracks' for observation 'M87_SPACE_OBS'
2025-04-08 13:20:31,051 - root - INFO - Calculation 'mollweide_tracks' for 'M87_SPACE_OBS' completed in 0.106 s
2025-04-08 13:20:31,051 - root - INFO - Recalculating 'baseline_projections_f0' for 'M87_SPACE_OBS' with recalculate=False
2025-04-08 13:20:31,051 - root - INFO - Retrieved calculated data 'uv_coverage_f0' for observation 'M87_SPACE_OBS'
2025-04-08 13:20:31,051 - root - INFO - Using cached data for 'uv_coverage_f0' in 'M87_SPACE_OBS'
2025-04-08 13:20:31,051 - root - INFO - Calculation 'uv_coverage' for 'M87_SPACE_OBS' completed in 0.000 s
2025-04-08 13:20:31,073 - root - INFO - Stored calculated data 'baseline_projections_f0' for observation 'M87_SPACE_OBS'
2025-04-08 13:20:31,073 - root - INFO - Calculation 'baseline_projections' for 'M87_SPACE_OBS' completed in 0.014 s
2025-04-08 13:20:31,073 - root - INFO - Recalculating 'beam_pattern_f0' for 'M87_SINGLE_DISH' with recalculate=False
2025-04-08 13:20:31,073 - root - INFO - Stored calculated data 'beam_pattern_f0' for observation 'M87_SINGLE_DISH'
2025-04-08 13:20:31,073 - root - INFO - Calculation 'beam_pattern' for 'M87_SINGLE_DISH' completed in 0.002 s
2025-04-08 13:20:31,073 - root - INFO - Recalculating 'synthesized_beam_f0' for 'M87_SPACE_OBS' with recalculate=False
2025-04-08 13:20:31,073 - root - INFO - Retrieved calculated data 'uv_coverage_f0' for observation 'M87_SPACE_OBS'
2025-04-08 13:20:31,073 - root - INFO - Using cached data for 'uv_coverage_f0' in 'M87_SPACE_OBS'
2025-04-08 13:20:31,073 - root - INFO - Calculation 'uv_coverage' for 'M87_SPACE_OBS' completed in 0.001 s
2025-04-08 13:20:31,103 - root - INFO - Stored calculated data 'synthesized_beam_f0' for observation 'M87_SPACE_OBS'
2025-04-08 13:20:31,103 - root - INFO - Calculation 'synthesized_beam' for 'M87_SPACE_OBS' completed in 0.029 s
2025-04-08 13:20:31,103 - root - INFO - Recalculating 'time_on_source' for 'M87_SPACE_OBS' with recalculate=False
2025-04-08 13:20:31,103 - root - INFO - Retrieved calculated data 'source_visibility' for observation 'M87_SPACE_OBS'
2025-04-08 13:20:31,103 - root - INFO - Using cached data for 'source_visibility' in 'M87_SPACE_OBS'
2025-04-08 13:20:31,103 - root - INFO - Calculation 'source_visibility' for 'M87_SPACE_OBS' completed in 0.001 s
2025-04-08 13:20:31,268 - root - INFO - Stored calculated data 'time_on_source' for observation 'M87_SPACE_OBS'
2025-04-08 13:20:31,268 - root - INFO - Calculation 'time_on_source' for 'M87_SPACE_OBS' completed in 0.164 s
2025-04-08 13:20:31,268 - root - INFO - Recalculating 'sun_angles' for 'M87_SPACE_OBS' with recalculate=False
2025-04-08 13:21:06,754 - root - INFO - Stored calculated data 'sun_angles' for observation 'M87_SPACE_OBS'
2025-04-08 13:21:06,754 - root - INFO - Calculation 'sun_angles' for 'M87_SPACE_OBS' completed in 35.490 s
2025-04-08 13:21:06,754 - root - INFO - Recalculating 'az_el' for 'M87_SPACE_OBS' with recalculate=False
2025-04-08 13:21:22,556 - root - INFO - Stored calculated data 'az_el' for observation 'M87_SPACE_OBS'
2025-04-08 13:21:22,557 - root - INFO - Calculation 'az_el' for 'M87_SPACE_OBS' completed in 15.795 s
2025-04-08 13:21:22,557 - root - INFO - Processing sequence of 8 requests
2025-04-08 13:21:22,737 - root - INFO - Retrieved calculated data 'uv_coverage_f0' for observation 'M87_SPACE_OBS'
2025-04-08 13:21:23,449 - root - INFO - Visualization saved to 'uv_coverage_m87_space_with_conjugates.png'
2025-04-08 13:21:28,742 - root - INFO - Retrieved calculated data 'mollweide_tracks' for observation 'M87_SPACE_OBS'
2025-04-08 13:21:29,195 - root - INFO - Visualization saved to 'mollweide_track_m87_space_matplotlib_mollweide_j2000_fixed.png'
2025-04-08 13:21:30,960 - root - INFO - Retrieved calculated data 'baseline_projections_f0' for observation 'M87_SPACE_OBS'
2025-04-08 13:21:32,235 - root - INFO - Visualization saved to 'baseline_projections_m87_space.png'
2025-04-08 13:21:35,179 - root - INFO - Retrieved calculated data 'beam_pattern_f0' for observation 'M87_SINGLE_DISH'
2025-04-08 13:21:35,600 - root - INFO - Visualization saved to 'beam_pattern_m87_single_dish.png'
2025-04-08 13:21:36,522 - root - INFO - Retrieved calculated data 'synthesized_beam_f0' for observation 'M87_SPACE_OBS'
2025-04-08 13:21:37,701 - root - INFO - Visualization saved to 'synthesized_beam_2d_m87_vlbi.png'
2025-04-08 13:21:38,831 - root - INFO - Retrieved calculated data 'time_on_source' for observation 'M87_SPACE_OBS'
2025-04-08 13:21:39,534 - root - INFO - Visualization saved to 'time_on_source_m87_space.png'
2025-04-08 13:21:40,623 - root - INFO - Retrieved calculated data 'sun_angles' for observation 'M87_SPACE_OBS'
2025-04-08 13:21:41,401 - root - INFO - Visualization saved to 'sun_angles_m87_space.png'
2025-04-08 13:21:42,522 - root - INFO - Retrieved calculated data 'az_el' for observation 'M87_SPACE_OBS'
2025-04-08 13:21:43,637 - root - INFO - Visualization saved to 'az_el_m87_space.png'
2025-04-08 13:22:50,996 - root - INFO - Initialized Manipulator with 0 initial operations
2025-04-08 13:22:50,996 - root - INFO - Initialized Scheduling Configurator
2025-04-08 13:22:50,996 - root - INFO - Registered operation 'configure' with ScheduleConfigurator
2025-04-08 13:22:50,997 - root - INFO - Initialized Scheduling Inspector
2025-04-08 13:22:50,997 - root - INFO - Registered operation 'inspect' with ScheduleInspector
2025-04-08 13:22:50,997 - root - INFO - Initialized Scheduling Calculator
2025-04-08 13:22:50,998 - root - INFO - Registered operation 'calculate' with ScheduleCalculator
2025-04-08 13:22:50,998 - root - INFO - Initialized Scheduling Visualizer
2025-04-08 13:22:50,999 - root - INFO - Registered operation 'visualize' with ScheduleVisualizer
2025-04-08 13:22:50,999 - root - INFO - Initialized DefaultManipulator with default operations
2025-04-08 13:22:50,999 - root - INFO - Initialized project 'EHT_M87_SPACE_PROJECT' with 0 items
2025-04-08 13:22:50,999 - root - INFO - Set managing object of type 'ScheduleProject' in Manipulator
2025-04-08 13:22:51,000 - root - INFO - Set up test environment with Manipulator and Project
2025-04-08 13:22:51,000 - root - INFO - Supported operations: ['configure', 'inspect', 'calculate', 'visualize']
2025-04-08 13:22:51,000 - root - INFO - Initialized Source 'SOURCE_DEFAULT' at RA=0.0h0.0m0.0s, DEC=0.0d0.0m0.0s
2025-04-08 13:22:51,000 - root - INFO - Set source 'M87' with new coordinates RA=12h30m49.42s, DEC=12d23m28.0s
2025-04-08 13:22:51,001 - root - INFO - Applied set_source to Source, result=None
2025-04-08 13:22:51,001 - root - INFO - Set flux=1.2 Jy for frequency 86000.0 MHz on source 'M87'
2025-04-08 13:22:51,001 - root - INFO - Applied set_flux to Source, result=None
2025-04-08 13:22:51,002 - root - INFO - Successfully configured Source: name='M87'
2025-04-08 13:22:51,002 - root - INFO - Initialized Sources with 1 sources
2025-04-08 13:22:51,002 - root - INFO - Initialized Telescopes with 0 telescopes
2025-04-08 13:22:51,002 - root - INFO - Initialized Telescope 'TEMP' at (0.0, 0.0, 0.0) m, diameter=1.0 m
2025-04-08 13:22:51,003 - root - INFO - Initialized Telescope 'TEMP' at (0.0, 0.0, 0.0) m, diameter=1.0 m
2025-04-08 13:22:51,003 - root - INFO - Initialized Telescope 'TEMP' at (0.0, 0.0, 0.0) m, diameter=1.0 m
2025-04-08 13:22:51,003 - root - INFO - Initialized Telescope 'TEMP_SPACE' at (0.0, 0.0, 0.0) m, diameter=1.0 m
2025-04-08 13:22:52,438 - root - INFO - Loaded orbit data from 'final_orbit370.txt' with 99181 points
2025-04-08 13:22:52,459 - root - INFO - Initialized SpaceTelescope 'TEMP_SPACE' with orbit file 'final_orbit370.txt', diameter=1.0 m
2025-04-08 13:22:52,460 - root - INFO - Processing sequence of 4 requests
2025-04-08 13:22:52,460 - root - INFO - Set telescope 'ALMA' with new parameters
2025-04-08 13:22:52,460 - root - INFO - Applied set_telescope to Telescope, result=None
2025-04-08 13:22:52,461 - root - INFO - Successfully configured Telescope: code='ALMA'
2025-04-08 13:22:52,461 - root - INFO - Set telescope 'APEX' with new parameters
2025-04-08 13:22:52,462 - root - INFO - Applied set_telescope to Telescope, result=None
2025-04-08 13:22:52,462 - root - INFO - Successfully configured Telescope: code='APEX'
2025-04-08 13:22:52,462 - root - INFO - Set telescope 'SMT' with new parameters
2025-04-08 13:22:52,463 - root - INFO - Applied set_telescope to Telescope, result=None
2025-04-08 13:22:52,463 - root - INFO - Successfully configured Telescope: code='SMT'
2025-04-08 13:22:52,463 - root - INFO - Set telescope 'SPACE370' with new parameters
2025-04-08 13:22:53,832 - root - INFO - Loaded orbit data from 'final_orbit370.txt' with 99181 points
2025-04-08 13:22:53,833 - root - INFO - Set SpaceTelescope 'SPACE370' with use_kep=False, diameter=10.0 m
2025-04-08 13:22:53,833 - root - INFO - Applied set_telescope to SpaceTelescope, result=None
2025-04-08 13:22:53,833 - root - INFO - Successfully configured SpaceTelescope: code='SPACE370'
2025-04-08 13:22:53,834 - root - INFO - Added telescope 'ALMA' to Telescopes
2025-04-08 13:22:53,834 - root - INFO - Added telescope 'APEX' to Telescopes
2025-04-08 13:22:53,834 - root - INFO - Added telescope 'SMT' to Telescopes
2025-04-08 13:22:53,834 - root - INFO - Added telescope 'SPACE370' to Telescopes
2025-04-08 13:22:53,835 - root - INFO - Initialized IF with frequency=1000.0 MHz, bandwidth=16.0 MHz, polarizations=[]
2025-04-08 13:22:53,835 - root - INFO - Set IF frequency to 86000.0 MHz for IF
2025-04-08 13:22:53,835 - root - INFO - Applied set_frequency to IF, result=None
2025-04-08 13:22:53,835 - root - INFO - Set IF bandwidth to 4000.0 MHz for IF
2025-04-08 13:22:53,835 - root - INFO - Applied set_bandwidth to IF, result=None
2025-04-08 13:22:53,836 - root - INFO - Successfully configured IF: freq=86000.0, bw=4000.0
2025-04-08 13:22:53,836 - root - INFO - Initialized Frequencies with 1 IFs
2025-04-08 13:22:53,837 - root - INFO - Initialized Scan with start=2025-04-08T10:22:53.838, duration=1.0, OFF SOURCE
2025-04-08 13:22:53,837 - root - INFO - Set Scan with start=2031-03-10T00:00:00.000, duration=864000.0, source_index=0
2025-04-08 13:22:53,838 - root - INFO - Applied set_scan to Scan, result=None
2025-04-08 13:22:53,838 - root - INFO - Successfully configured Scan: start=2031-03-10T00:00:00.000, source_index=0
2025-04-08 13:22:53,838 - root - INFO - Initialized Scans with 1 scans
2025-04-08 13:22:53,839 - root - INFO - Initialized Sources with 0 sources
2025-04-08 13:22:53,839 - root - INFO - Initialized Telescopes with 0 telescopes
2025-04-08 13:22:53,839 - root - INFO - Initialized Frequencies with 0 IFs
2025-04-08 13:22:53,839 - root - INFO - Initialized Scans with 0 scans
2025-04-08 13:22:53,839 - root - INFO - Initialized Observation 'M87_SPACE_OBS' with type 'VLBI'
2025-04-08 13:22:53,840 - root - INFO - Initialized Sources with 0 sources
2025-04-08 13:22:53,840 - root - INFO - Initialized Telescopes with 0 telescopes
2025-04-08 13:22:53,840 - root - INFO - Initialized Frequencies with 0 IFs
2025-04-08 13:22:53,840 - root - INFO - Initialized Scans with 0 scans
2025-04-08 13:22:53,840 - root - INFO - Initialized Observation 'M87_SINGLE_DISH' with type 'SINGLE_DISH'
2025-04-08 13:22:53,840 - root - INFO - Initialized Telescopes with 2 telescopes
2025-04-08 13:22:53,840 - root - INFO - Initialized Scan with start=2031-03-10T00:00:00.000, duration=3600, source_index=0
2025-04-08 13:22:53,841 - root - INFO - Initialized Scans with 1 scans
2025-04-08 13:22:53,841 - root - INFO - Processing sequence of 2 requests
2025-04-08 13:22:53,841 - root - INFO - Set observation 'M87_SPACE_OBS' with type 'VLBI'
2025-04-08 13:22:53,841 - root - INFO - Applied set_observation to Observation, result=None
2025-04-08 13:22:53,842 - root - INFO - Initialized Telescopes with 4 telescopes
2025-04-08 13:22:54,620 - root - WARNING - No interpolated orbit data available for 'SPACE370' at 2031-03-10T00:00:00.000, falling back to raw orbit data
2025-04-08 13:22:54,620 - root - INFO - Initialized Telescopes with 4 telescopes
2025-04-08 13:22:54,621 - root - INFO - Observation 'M87_SPACE_OBS' validated successfully
2025-04-08 13:22:54,621 - root - INFO - Successfully configured Observation: code='M87_SPACE_OBS'
2025-04-08 13:22:54,621 - root - INFO - Set observation 'M87_SINGLE_DISH' with type 'SINGLE_DISH'
2025-04-08 13:22:54,621 - root - INFO - Applied set_observation to Observation, result=None
2025-04-08 13:22:54,621 - root - INFO - Initialized Telescopes with 2 telescopes
2025-04-08 13:22:54,621 - root - INFO - Initialized Telescopes with 2 telescopes
2025-04-08 13:22:54,621 - root - INFO - Observation 'M87_SINGLE_DISH' validated successfully
2025-04-08 13:22:54,621 - root - INFO - Successfully configured Observation: code='M87_SINGLE_DISH'
2025-04-08 13:22:54,621 - root - INFO - Added item to project 'EHT_M87_SPACE_PROJECT'
2025-04-08 13:22:54,621 - root - INFO - Added observation 'M87_SPACE_OBS' to project 'EHT_M87_SPACE_PROJECT'
2025-04-08 13:22:54,621 - root - INFO - Added item to project 'EHT_M87_SPACE_PROJECT'
2025-04-08 13:22:54,621 - root - INFO - Added observation 'M87_SINGLE_DISH' to project 'EHT_M87_SPACE_PROJECT'
2025-04-08 13:22:54,621 - root - INFO - Processing sequence of 8 requests
2025-04-08 13:22:54,621 - root - INFO - Recalculating 'uv_coverage_f0' for 'M87_SPACE_OBS' with recalculate=False
2025-04-08 13:22:54,621 - root - INFO - Recalculating 'source_visibility' for 'M87_SPACE_OBS' with recalculate=False
2025-04-08 13:22:54,626 - root - INFO - Calculating visibility for 1440 time points from 2031-03-10T00:00:00.000 to 2031-03-20T00:00:00.000
2025-04-08 13:22:54,627 - root - INFO - Recalculating 'telescope_positions' for 'M87_SPACE_OBS' with recalculate=False
2025-04-08 13:22:54,629 - root - INFO - Calculating telescope positions for 1440 time points from 2031-03-10T00:00:00.000 to 2031-03-20T00:00:00.000
2025-04-08 13:22:54,629 - root - INFO - Interpolating orbit for SPACE370
2025-04-08 13:22:54,630 - root - INFO - Interpolating orbit for 'SPACE370' from 2031-03-10T00:00:00.000 to 2031-03-20T00:00:00.000
2025-04-08 13:22:54,631 - root - INFO - Interpolated orbit for 'SPACE370' using linear from 2031-03-10T00:00:00.000 to 2031-03-20T00:00:00.000
2025-04-08 13:23:17,054 - root - INFO - Calculated telescope positions for 1 entries in 'M87_SPACE_OBS'
2025-04-08 13:23:17,054 - root - INFO - Stored calculated data 'telescope_positions' for observation 'M87_SPACE_OBS'
2025-04-08 13:23:17,055 - root - INFO - Calculation 'telescope_positions' for 'M87_SPACE_OBS' completed in 22.428 s
2025-04-08 13:23:47,058 - root - INFO - Stored calculated data 'source_visibility' for observation 'M87_SPACE_OBS'
2025-04-08 13:23:47,059 - root - INFO - Calculation 'source_visibility' for 'M87_SPACE_OBS' completed in 52.434 s
2025-04-08 13:23:47,059 - root - INFO - Retrieved calculated data 'telescope_positions' for observation 'M87_SPACE_OBS'
2025-04-08 13:23:47,059 - root - INFO - Using cached data for 'telescope_positions' in 'M87_SPACE_OBS'
2025-04-08 13:23:47,060 - root - INFO - Calculation 'telescope_positions' for 'M87_SPACE_OBS' completed in 0.001 s
2025-04-08 13:23:49,543 - root - INFO - Stored calculated data 'uv_coverage_f0' for observation 'M87_SPACE_OBS'
2025-04-08 13:23:49,543 - root - INFO - Calculation 'uv_coverage' for 'M87_SPACE_OBS' completed in 54.918 s
2025-04-08 13:23:49,544 - root - INFO - Recalculating 'mollweide_tracks' for 'M87_SPACE_OBS' with recalculate=False
2025-04-08 13:23:49,544 - root - INFO - Retrieved calculated data 'telescope_positions' for observation 'M87_SPACE_OBS'
2025-04-08 13:23:49,544 - root - INFO - Using cached data for 'telescope_positions' in 'M87_SPACE_OBS'
2025-04-08 13:23:49,545 - root - INFO - Calculation 'telescope_positions' for 'M87_SPACE_OBS' completed in 0.000 s
2025-04-08 13:23:49,639 - root - INFO - Stored calculated data 'mollweide_tracks' for observation 'M87_SPACE_OBS'
2025-04-08 13:23:49,639 - root - INFO - Calculation 'mollweide_tracks' for 'M87_SPACE_OBS' completed in 0.096 s
2025-04-08 13:23:49,640 - root - INFO - Recalculating 'baseline_projections_f0' for 'M87_SPACE_OBS' with recalculate=False
2025-04-08 13:23:49,640 - root - INFO - Retrieved calculated data 'uv_coverage_f0' for observation 'M87_SPACE_OBS'
2025-04-08 13:23:49,640 - root - INFO - Using cached data for 'uv_coverage_f0' in 'M87_SPACE_OBS'
2025-04-08 13:23:49,641 - root - INFO - Calculation 'uv_coverage' for 'M87_SPACE_OBS' completed in 0.000 s
2025-04-08 13:23:49,652 - root - INFO - Stored calculated data 'baseline_projections_f0' for observation 'M87_SPACE_OBS'
2025-04-08 13:23:49,653 - root - INFO - Calculation 'baseline_projections' for 'M87_SPACE_OBS' completed in 0.013 s
2025-04-08 13:23:49,653 - root - INFO - Recalculating 'beam_pattern_f0' for 'M87_SINGLE_DISH' with recalculate=False
2025-04-08 13:23:49,655 - root - INFO - Stored calculated data 'beam_pattern_f0' for observation 'M87_SINGLE_DISH'
2025-04-08 13:23:49,655 - root - INFO - Calculation 'beam_pattern' for 'M87_SINGLE_DISH' completed in 0.002 s
2025-04-08 13:23:49,656 - root - INFO - Recalculating 'synthesized_beam_f0' for 'M87_SPACE_OBS' with recalculate=False
2025-04-08 13:23:49,656 - root - INFO - Retrieved calculated data 'uv_coverage_f0' for observation 'M87_SPACE_OBS'
2025-04-08 13:23:49,656 - root - INFO - Using cached data for 'uv_coverage_f0' in 'M87_SPACE_OBS'
2025-04-08 13:23:49,657 - root - INFO - Calculation 'uv_coverage' for 'M87_SPACE_OBS' completed in 0.001 s
2025-04-08 13:23:49,688 - root - INFO - Stored calculated data 'synthesized_beam_f0' for observation 'M87_SPACE_OBS'
2025-04-08 13:23:49,689 - root - INFO - Calculation 'synthesized_beam' for 'M87_SPACE_OBS' completed in 0.033 s
2025-04-08 13:23:49,689 - root - INFO - Recalculating 'time_on_source' for 'M87_SPACE_OBS' with recalculate=False
2025-04-08 13:23:49,689 - root - INFO - Retrieved calculated data 'source_visibility' for observation 'M87_SPACE_OBS'
2025-04-08 13:23:49,690 - root - INFO - Using cached data for 'source_visibility' in 'M87_SPACE_OBS'
2025-04-08 13:23:49,690 - root - INFO - Calculation 'source_visibility' for 'M87_SPACE_OBS' completed in 0.001 s
2025-04-08 13:23:49,828 - root - INFO - Stored calculated data 'time_on_source' for observation 'M87_SPACE_OBS'
2025-04-08 13:23:49,829 - root - INFO - Calculation 'time_on_source' for 'M87_SPACE_OBS' completed in 0.140 s
2025-04-08 13:23:49,829 - root - INFO - Recalculating 'sun_angles' for 'M87_SPACE_OBS' with recalculate=False
2025-04-08 13:24:27,237 - root - INFO - Stored calculated data 'sun_angles' for observation 'M87_SPACE_OBS'
2025-04-08 13:24:27,237 - root - INFO - Calculation 'sun_angles' for 'M87_SPACE_OBS' completed in 37.418 s
2025-04-08 13:24:27,237 - root - INFO - Recalculating 'az_el' for 'M87_SPACE_OBS' with recalculate=False
2025-04-08 13:24:43,268 - root - INFO - Stored calculated data 'az_el' for observation 'M87_SPACE_OBS'
2025-04-08 13:24:43,269 - root - INFO - Calculation 'az_el' for 'M87_SPACE_OBS' completed in 16.021 s
2025-04-08 13:24:43,269 - root - INFO - Processing sequence of 8 requests
2025-04-08 13:24:43,461 - root - INFO - Retrieved calculated data 'uv_coverage_f0' for observation 'M87_SPACE_OBS'
2025-04-08 13:24:44,158 - root - INFO - Visualization saved to 'uv_coverage_m87_space_with_conjugates.png'
2025-04-08 13:25:03,548 - root - INFO - Retrieved calculated data 'mollweide_tracks' for observation 'M87_SPACE_OBS'
2025-04-08 13:25:03,962 - root - INFO - Visualization saved to 'mollweide_track_m87_space_matplotlib_mollweide_j2000_fixed.png'
2025-04-08 13:25:05,368 - root - INFO - Retrieved calculated data 'baseline_projections_f0' for observation 'M87_SPACE_OBS'
2025-04-08 13:25:06,649 - root - INFO - Visualization saved to 'baseline_projections_m87_space.png'
2025-04-08 13:25:28,751 - root - INFO - Retrieved calculated data 'beam_pattern_f0' for observation 'M87_SINGLE_DISH'
2025-04-08 13:25:29,181 - root - INFO - Visualization saved to 'beam_pattern_m87_single_dish.png'
2025-04-08 13:25:38,603 - root - INFO - Retrieved calculated data 'synthesized_beam_f0' for observation 'M87_SPACE_OBS'
2025-04-08 13:25:39,719 - root - INFO - Visualization saved to 'synthesized_beam_2d_m87_vlbi.png'
2025-04-08 13:25:40,809 - root - INFO - Retrieved calculated data 'time_on_source' for observation 'M87_SPACE_OBS'
2025-04-08 13:25:41,489 - root - INFO - Visualization saved to 'time_on_source_m87_space.png'
2025-04-08 13:25:42,513 - root - INFO - Retrieved calculated data 'sun_angles' for observation 'M87_SPACE_OBS'
2025-04-08 13:25:43,275 - root - INFO - Visualization saved to 'sun_angles_m87_space.png'
2025-04-08 13:25:44,154 - root - INFO - Retrieved calculated data 'az_el' for observation 'M87_SPACE_OBS'
2025-04-08 13:25:45,228 - root - INFO - Visualization saved to 'az_el_m87_space.png'
2025-04-08 13:26:04,375 - root - INFO - Initialized Manipulator with 0 initial operations
2025-04-08 13:26:04,375 - root - INFO - Initialized Scheduling Configurator
2025-04-08 13:26:04,376 - root - INFO - Registered operation 'configure' with ScheduleConfigurator
2025-04-08 13:26:04,376 - root - INFO - Initialized Scheduling Inspector
2025-04-08 13:26:04,376 - root - INFO - Registered operation 'inspect' with ScheduleInspector
2025-04-08 13:26:04,376 - root - INFO - Initialized Scheduling Calculator
2025-04-08 13:26:04,377 - root - INFO - Registered operation 'calculate' with ScheduleCalculator
2025-04-08 13:26:04,377 - root - INFO - Initialized Scheduling Visualizer
2025-04-08 13:26:04,378 - root - INFO - Registered operation 'visualize' with ScheduleVisualizer
2025-04-08 13:26:04,378 - root - INFO - Initialized DefaultManipulator with default operations
2025-04-08 13:26:04,378 - root - INFO - Initialized project 'EHT_M87_SPACE_PROJECT' with 0 items
2025-04-08 13:26:04,378 - root - INFO - Set managing object of type 'ScheduleProject' in Manipulator
2025-04-08 13:26:04,379 - root - INFO - Set up test environment with Manipulator and Project
2025-04-08 13:26:04,379 - root - INFO - Supported operations: ['configure', 'inspect', 'calculate', 'visualize']
2025-04-08 13:26:04,379 - root - INFO - Initialized Source 'SOURCE_DEFAULT' at RA=0.0h0.0m0.0s, DEC=0.0d0.0m0.0s
2025-04-08 13:26:04,380 - root - INFO - Set source 'M87' with new coordinates RA=12h30m49.42s, DEC=12d23m28.0s
2025-04-08 13:26:04,380 - root - INFO - Applied set_source to Source, result=None
2025-04-08 13:26:04,380 - root - INFO - Set flux=1.2 Jy for frequency 86000.0 MHz on source 'M87'
2025-04-08 13:26:04,380 - root - INFO - Applied set_flux to Source, result=None
2025-04-08 13:26:04,381 - root - INFO - Successfully configured Source: name='M87'
2025-04-08 13:26:04,381 - root - INFO - Initialized Sources with 1 sources
2025-04-08 13:26:04,382 - root - INFO - Initialized Telescopes with 0 telescopes
2025-04-08 13:26:04,382 - root - INFO - Initialized Telescope 'TEMP' at (0.0, 0.0, 0.0) m, diameter=1.0 m
2025-04-08 13:26:04,382 - root - INFO - Initialized Telescope 'TEMP' at (0.0, 0.0, 0.0) m, diameter=1.0 m
2025-04-08 13:26:04,383 - root - INFO - Initialized Telescope 'TEMP' at (0.0, 0.0, 0.0) m, diameter=1.0 m
2025-04-08 13:26:04,383 - root - INFO - Initialized Telescope 'TEMP_SPACE' at (0.0, 0.0, 0.0) m, diameter=1.0 m
2025-04-08 13:26:05,788 - root - INFO - Loaded orbit data from 'final_orbit370.txt' with 99181 points
2025-04-08 13:26:05,804 - root - INFO - Initialized SpaceTelescope 'TEMP_SPACE' with orbit file 'final_orbit370.txt', diameter=1.0 m
2025-04-08 13:26:05,804 - root - INFO - Processing sequence of 4 requests
2025-04-08 13:26:05,804 - root - INFO - Set telescope 'ALMA' with new parameters
2025-04-08 13:26:05,804 - root - INFO - Applied set_telescope to Telescope, result=None
2025-04-08 13:26:05,804 - root - INFO - Successfully configured Telescope: code='ALMA'
2025-04-08 13:26:05,812 - root - INFO - Set telescope 'APEX' with new parameters
2025-04-08 13:26:05,812 - root - INFO - Applied set_telescope to Telescope, result=None
2025-04-08 13:26:05,812 - root - INFO - Successfully configured Telescope: code='APEX'
2025-04-08 13:26:05,812 - root - INFO - Set telescope 'SMT' with new parameters
2025-04-08 13:26:05,812 - root - INFO - Applied set_telescope to Telescope, result=None
2025-04-08 13:26:05,813 - root - INFO - Successfully configured Telescope: code='SMT'
2025-04-08 13:26:05,814 - root - INFO - Set telescope 'SPACE370' with new parameters
2025-04-08 13:26:07,104 - root - INFO - Loaded orbit data from 'final_orbit370.txt' with 99181 points
2025-04-08 13:26:07,104 - root - INFO - Set SpaceTelescope 'SPACE370' with use_kep=False, diameter=10.0 m
2025-04-08 13:26:07,104 - root - INFO - Applied set_telescope to SpaceTelescope, result=None
2025-04-08 13:26:07,104 - root - INFO - Successfully configured SpaceTelescope: code='SPACE370'
2025-04-08 13:26:07,104 - root - INFO - Added telescope 'ALMA' to Telescopes
2025-04-08 13:26:07,104 - root - INFO - Added telescope 'APEX' to Telescopes
2025-04-08 13:26:07,104 - root - INFO - Added telescope 'SMT' to Telescopes
2025-04-08 13:26:07,104 - root - INFO - Added telescope 'SPACE370' to Telescopes
2025-04-08 13:26:07,104 - root - INFO - Initialized IF with frequency=1000.0 MHz, bandwidth=16.0 MHz, polarizations=[]
2025-04-08 13:26:07,104 - root - INFO - Set IF frequency to 86000.0 MHz for IF
2025-04-08 13:26:07,104 - root - INFO - Applied set_frequency to IF, result=None
2025-04-08 13:26:07,104 - root - INFO - Set IF bandwidth to 4000.0 MHz for IF
2025-04-08 13:26:07,104 - root - INFO - Applied set_bandwidth to IF, result=None
2025-04-08 13:26:07,104 - root - INFO - Successfully configured IF: freq=86000.0, bw=4000.0
2025-04-08 13:26:07,104 - root - INFO - Initialized Frequencies with 1 IFs
2025-04-08 13:26:07,120 - root - INFO - Initialized Scan with start=2025-04-08T10:26:07.104, duration=1.0, OFF SOURCE
2025-04-08 13:26:07,120 - root - INFO - Set Scan with start=2031-03-10T00:00:00.000, duration=864000.0, source_index=0
2025-04-08 13:26:07,120 - root - INFO - Applied set_scan to Scan, result=None
2025-04-08 13:26:07,120 - root - INFO - Successfully configured Scan: start=2031-03-10T00:00:00.000, source_index=0
2025-04-08 13:26:07,120 - root - INFO - Initialized Scans with 1 scans
2025-04-08 13:26:07,120 - root - INFO - Initialized Sources with 0 sources
2025-04-08 13:26:07,120 - root - INFO - Initialized Telescopes with 0 telescopes
2025-04-08 13:26:07,120 - root - INFO - Initialized Frequencies with 0 IFs
2025-04-08 13:26:07,122 - root - INFO - Initialized Scans with 0 scans
2025-04-08 13:26:07,122 - root - INFO - Initialized Observation 'M87_SPACE_OBS' with type 'VLBI'
2025-04-08 13:26:07,122 - root - INFO - Initialized Sources with 0 sources
2025-04-08 13:26:07,122 - root - INFO - Initialized Telescopes with 0 telescopes
2025-04-08 13:26:07,123 - root - INFO - Initialized Frequencies with 0 IFs
2025-04-08 13:26:07,123 - root - INFO - Initialized Scans with 0 scans
2025-04-08 13:26:07,123 - root - INFO - Initialized Observation 'M87_SINGLE_DISH' with type 'SINGLE_DISH'
2025-04-08 13:26:07,123 - root - INFO - Initialized Telescopes with 2 telescopes
2025-04-08 13:26:07,124 - root - INFO - Initialized Scan with start=2031-03-10T00:00:00.000, duration=3600, source_index=0
2025-04-08 13:26:07,124 - root - INFO - Initialized Scans with 1 scans
2025-04-08 13:26:07,124 - root - INFO - Processing sequence of 2 requests
2025-04-08 13:26:07,124 - root - INFO - Set observation 'M87_SPACE_OBS' with type 'VLBI'
2025-04-08 13:26:07,125 - root - INFO - Applied set_observation to Observation, result=None
2025-04-08 13:26:07,126 - root - INFO - Initialized Telescopes with 4 telescopes
2025-04-08 13:26:07,859 - root - WARNING - No interpolated orbit data available for 'SPACE370' at 2031-03-10T00:00:00.000, falling back to raw orbit data
2025-04-08 13:26:07,859 - root - INFO - Initialized Telescopes with 4 telescopes
2025-04-08 13:26:07,859 - root - INFO - Observation 'M87_SPACE_OBS' validated successfully
2025-04-08 13:26:07,859 - root - INFO - Successfully configured Observation: code='M87_SPACE_OBS'
2025-04-08 13:26:07,859 - root - INFO - Set observation 'M87_SINGLE_DISH' with type 'SINGLE_DISH'
2025-04-08 13:26:07,859 - root - INFO - Applied set_observation to Observation, result=None
2025-04-08 13:26:07,859 - root - INFO - Initialized Telescopes with 2 telescopes
2025-04-08 13:26:07,859 - root - INFO - Initialized Telescopes with 2 telescopes
2025-04-08 13:26:07,859 - root - INFO - Observation 'M87_SINGLE_DISH' validated successfully
2025-04-08 13:26:07,859 - root - INFO - Successfully configured Observation: code='M87_SINGLE_DISH'
2025-04-08 13:26:07,859 - root - INFO - Added item to project 'EHT_M87_SPACE_PROJECT'
2025-04-08 13:26:07,859 - root - INFO - Added observation 'M87_SPACE_OBS' to project 'EHT_M87_SPACE_PROJECT'
2025-04-08 13:26:07,859 - root - INFO - Added item to project 'EHT_M87_SPACE_PROJECT'
2025-04-08 13:26:07,859 - root - INFO - Added observation 'M87_SINGLE_DISH' to project 'EHT_M87_SPACE_PROJECT'
2025-04-08 13:26:07,859 - root - INFO - Processing sequence of 8 requests
2025-04-08 13:26:07,875 - root - INFO - Recalculating 'uv_coverage_f0' for 'M87_SPACE_OBS' with recalculate=False
2025-04-08 13:26:07,875 - root - INFO - Recalculating 'source_visibility' for 'M87_SPACE_OBS' with recalculate=False
2025-04-08 13:26:07,877 - root - INFO - Calculating visibility for 1440 time points from 2031-03-10T00:00:00.000 to 2031-03-20T00:00:00.000
2025-04-08 13:26:07,877 - root - INFO - Recalculating 'telescope_positions' for 'M87_SPACE_OBS' with recalculate=False
2025-04-08 13:26:07,880 - root - INFO - Calculating telescope positions for 1440 time points from 2031-03-10T00:00:00.000 to 2031-03-20T00:00:00.000
2025-04-08 13:26:07,880 - root - INFO - Interpolating orbit for SPACE370
2025-04-08 13:26:07,880 - root - INFO - Interpolating orbit for 'SPACE370' from 2031-03-10T00:00:00.000 to 2031-03-20T00:00:00.000
2025-04-08 13:26:07,882 - root - INFO - Interpolated orbit for 'SPACE370' using linear from 2031-03-10T00:00:00.000 to 2031-03-20T00:00:00.000
2025-04-08 13:26:30,265 - root - INFO - Calculated telescope positions for 1 entries in 'M87_SPACE_OBS'
2025-04-08 13:26:30,265 - root - INFO - Stored calculated data 'telescope_positions' for observation 'M87_SPACE_OBS'
2025-04-08 13:26:30,265 - root - INFO - Calculation 'telescope_positions' for 'M87_SPACE_OBS' completed in 22.402 s
2025-04-08 13:27:00,485 - root - INFO - Stored calculated data 'source_visibility' for observation 'M87_SPACE_OBS'
2025-04-08 13:27:00,486 - root - INFO - Calculation 'source_visibility' for 'M87_SPACE_OBS' completed in 52.611 s
2025-04-08 13:27:00,486 - root - INFO - Retrieved calculated data 'telescope_positions' for observation 'M87_SPACE_OBS'
2025-04-08 13:27:00,486 - root - INFO - Using cached data for 'telescope_positions' in 'M87_SPACE_OBS'
2025-04-08 13:27:00,487 - root - INFO - Calculation 'telescope_positions' for 'M87_SPACE_OBS' completed in 0.001 s
2025-04-08 13:27:02,855 - root - INFO - Stored calculated data 'uv_coverage_f0' for observation 'M87_SPACE_OBS'
2025-04-08 13:27:02,855 - root - INFO - Calculation 'uv_coverage' for 'M87_SPACE_OBS' completed in 54.986 s
2025-04-08 13:27:02,855 - root - INFO - Recalculating 'mollweide_tracks' for 'M87_SPACE_OBS' with recalculate=False
2025-04-08 13:27:02,855 - root - INFO - Retrieved calculated data 'telescope_positions' for observation 'M87_SPACE_OBS'
2025-04-08 13:27:02,855 - root - INFO - Using cached data for 'telescope_positions' in 'M87_SPACE_OBS'
2025-04-08 13:27:02,855 - root - INFO - Calculation 'telescope_positions' for 'M87_SPACE_OBS' completed in 0.001 s
2025-04-08 13:27:02,944 - root - INFO - Stored calculated data 'mollweide_tracks' for observation 'M87_SPACE_OBS'
2025-04-08 13:27:02,944 - root - INFO - Calculation 'mollweide_tracks' for 'M87_SPACE_OBS' completed in 0.091 s
2025-04-08 13:27:02,944 - root - INFO - Recalculating 'baseline_projections_f0' for 'M87_SPACE_OBS' with recalculate=False
2025-04-08 13:27:02,944 - root - INFO - Retrieved calculated data 'uv_coverage_f0' for observation 'M87_SPACE_OBS'
2025-04-08 13:27:02,944 - root - INFO - Using cached data for 'uv_coverage_f0' in 'M87_SPACE_OBS'
2025-04-08 13:27:02,944 - root - INFO - Calculation 'uv_coverage' for 'M87_SPACE_OBS' completed in 0.000 s
2025-04-08 13:27:02,960 - root - INFO - Stored calculated data 'baseline_projections_f0' for observation 'M87_SPACE_OBS'
2025-04-08 13:27:02,960 - root - INFO - Calculation 'baseline_projections' for 'M87_SPACE_OBS' completed in 0.012 s
2025-04-08 13:27:02,960 - root - INFO - Recalculating 'beam_pattern_f0' for 'M87_SINGLE_DISH' with recalculate=False
2025-04-08 13:27:02,960 - root - INFO - Stored calculated data 'beam_pattern_f0' for observation 'M87_SINGLE_DISH'
2025-04-08 13:27:02,960 - root - INFO - Calculation 'beam_pattern' for 'M87_SINGLE_DISH' completed in 0.001 s
2025-04-08 13:27:02,960 - root - INFO - Recalculating 'synthesized_beam_f0' for 'M87_SPACE_OBS' with recalculate=False
2025-04-08 13:27:02,960 - root - INFO - Retrieved calculated data 'uv_coverage_f0' for observation 'M87_SPACE_OBS'
2025-04-08 13:27:02,960 - root - INFO - Using cached data for 'uv_coverage_f0' in 'M87_SPACE_OBS'
2025-04-08 13:27:02,960 - root - INFO - Calculation 'uv_coverage' for 'M87_SPACE_OBS' completed in 0.000 s
2025-04-08 13:27:02,991 - root - INFO - Stored calculated data 'synthesized_beam_f0' for observation 'M87_SPACE_OBS'
2025-04-08 13:27:02,991 - root - INFO - Calculation 'synthesized_beam' for 'M87_SPACE_OBS' completed in 0.028 s
2025-04-08 13:27:02,991 - root - INFO - Recalculating 'time_on_source' for 'M87_SPACE_OBS' with recalculate=False
2025-04-08 13:27:02,991 - root - INFO - Retrieved calculated data 'source_visibility' for observation 'M87_SPACE_OBS'
2025-04-08 13:27:02,991 - root - INFO - Using cached data for 'source_visibility' in 'M87_SPACE_OBS'
2025-04-08 13:27:02,991 - root - INFO - Calculation 'source_visibility' for 'M87_SPACE_OBS' completed in 0.001 s
2025-04-08 13:27:03,116 - root - INFO - Stored calculated data 'time_on_source' for observation 'M87_SPACE_OBS'
2025-04-08 13:27:03,116 - root - INFO - Calculation 'time_on_source' for 'M87_SPACE_OBS' completed in 0.135 s
2025-04-08 13:27:03,116 - root - INFO - Recalculating 'sun_angles' for 'M87_SPACE_OBS' with recalculate=False
2025-04-08 13:27:37,914 - root - INFO - Stored calculated data 'sun_angles' for observation 'M87_SPACE_OBS'
2025-04-08 13:27:37,914 - root - INFO - Calculation 'sun_angles' for 'M87_SPACE_OBS' completed in 34.795 s
2025-04-08 13:27:37,914 - root - INFO - Recalculating 'az_el' for 'M87_SPACE_OBS' with recalculate=False
2025-04-08 13:27:53,180 - root - INFO - Stored calculated data 'az_el' for observation 'M87_SPACE_OBS'
2025-04-08 13:27:53,181 - root - INFO - Calculation 'az_el' for 'M87_SPACE_OBS' completed in 15.255 s
2025-04-08 13:27:53,181 - root - INFO - Processing sequence of 8 requests
2025-04-08 13:27:53,368 - root - INFO - Retrieved calculated data 'uv_coverage_f0' for observation 'M87_SPACE_OBS'
2025-04-08 13:27:54,114 - root - INFO - Visualization saved to 'uv_coverage_m87_space_with_conjugates.png'
2025-04-08 13:28:16,835 - root - INFO - Retrieved calculated data 'mollweide_tracks' for observation 'M87_SPACE_OBS'
2025-04-08 13:28:17,257 - root - INFO - Visualization saved to 'mollweide_track_m87_space_matplotlib_mollweide_j2000_fixed.png'
2025-04-08 13:28:18,758 - root - INFO - Retrieved calculated data 'baseline_projections_f0' for observation 'M87_SPACE_OBS'
2025-04-08 13:28:19,994 - root - INFO - Visualization saved to 'baseline_projections_m87_space.png'
2025-04-08 13:28:23,295 - root - INFO - Retrieved calculated data 'beam_pattern_f0' for observation 'M87_SINGLE_DISH'
2025-04-08 13:28:23,732 - root - INFO - Visualization saved to 'beam_pattern_m87_single_dish.png'
2025-04-08 13:28:26,491 - root - INFO - Retrieved calculated data 'synthesized_beam_f0' for observation 'M87_SPACE_OBS'
2025-04-08 13:28:27,650 - root - INFO - Visualization saved to 'synthesized_beam_2d_m87_vlbi.png'
2025-04-08 13:28:28,837 - root - INFO - Retrieved calculated data 'time_on_source' for observation 'M87_SPACE_OBS'
2025-04-08 13:28:29,518 - root - INFO - Visualization saved to 'time_on_source_m87_space.png'
2025-04-08 13:28:31,196 - root - INFO - Retrieved calculated data 'sun_angles' for observation 'M87_SPACE_OBS'
2025-04-08 13:28:31,951 - root - INFO - Visualization saved to 'sun_angles_m87_space.png'
2025-04-08 13:28:33,091 - root - INFO - Retrieved calculated data 'az_el' for observation 'M87_SPACE_OBS'
2025-04-08 13:28:34,180 - root - INFO - Visualization saved to 'az_el_m87_space.png'
2025-04-08 13:31:22,862 - root - INFO - Initialized Manipulator with 0 initial operations
2025-04-08 13:31:22,862 - root - INFO - Initialized Scheduling Configurator
2025-04-08 13:31:22,862 - root - INFO - Registered operation 'configure' with ScheduleConfigurator
2025-04-08 13:31:22,862 - root - INFO - Initialized Scheduling Inspector
2025-04-08 13:31:22,862 - root - INFO - Registered operation 'inspect' with ScheduleInspector
2025-04-08 13:31:22,862 - root - INFO - Initialized Scheduling Calculator
2025-04-08 13:31:22,862 - root - INFO - Registered operation 'calculate' with ScheduleCalculator
2025-04-08 13:31:22,862 - root - INFO - Initialized Scheduling Visualizer
2025-04-08 13:31:22,862 - root - INFO - Registered operation 'visualize' with ScheduleVisualizer
2025-04-08 13:31:22,862 - root - INFO - Initialized DefaultManipulator with default operations
2025-04-08 13:31:22,862 - root - INFO - Initialized project 'EHT_M87_SPACE_PROJECT' with 0 items
2025-04-08 13:31:22,862 - root - INFO - Set managing object of type 'ScheduleProject' in Manipulator
2025-04-08 13:31:22,862 - root - INFO - Set up test environment with Manipulator and Project
2025-04-08 13:31:22,862 - root - INFO - Supported operations: ['configure', 'inspect', 'calculate', 'visualize']
2025-04-08 13:31:22,862 - root - INFO - Initialized Source 'SOURCE_DEFAULT' at RA=0.0h0.0m0.0s, DEC=0.0d0.0m0.0s
2025-04-08 13:31:22,862 - root - INFO - Set source 'M87' with new coordinates RA=12h30m49.42s, DEC=12d23m28.0s
2025-04-08 13:31:22,862 - root - INFO - Applied set_source to Source, result=None
2025-04-08 13:31:22,862 - root - INFO - Set flux=1.2 Jy for frequency 86000.0 MHz on source 'M87'
2025-04-08 13:31:22,862 - root - INFO - Applied set_flux to Source, result=None
2025-04-08 13:31:22,872 - root - INFO - Successfully configured Source: name='M87'
2025-04-08 13:31:22,872 - root - INFO - Initialized Sources with 1 sources
2025-04-08 13:31:22,873 - root - INFO - Initialized Telescopes with 0 telescopes
2025-04-08 13:31:22,873 - root - INFO - Initialized Telescope 'TEMP' at (0.0, 0.0, 0.0) m, diameter=1.0 m
2025-04-08 13:31:22,873 - root - INFO - Initialized Telescope 'TEMP' at (0.0, 0.0, 0.0) m, diameter=1.0 m
2025-04-08 13:31:22,874 - root - INFO - Initialized Telescope 'TEMP' at (0.0, 0.0, 0.0) m, diameter=1.0 m
2025-04-08 13:31:22,874 - root - INFO - Initialized Telescope 'TEMP_SPACE' at (0.0, 0.0, 0.0) m, diameter=1.0 m
2025-04-08 13:31:24,248 - root - INFO - Loaded orbit data from 'final_orbit370.txt' with 99181 points
2025-04-08 13:31:24,264 - root - INFO - Initialized SpaceTelescope 'TEMP_SPACE' with orbit file 'final_orbit370.txt', diameter=1.0 m
2025-04-08 13:31:24,264 - root - INFO - Processing sequence of 4 requests
2025-04-08 13:31:24,264 - root - INFO - Set telescope 'ALMA' with new parameters
2025-04-08 13:31:24,264 - root - INFO - Applied set_telescope to Telescope, result=None
2025-04-08 13:31:24,264 - root - INFO - Successfully configured Telescope: code='ALMA'
2025-04-08 13:31:24,277 - root - INFO - Set telescope 'APEX' with new parameters
2025-04-08 13:31:24,277 - root - INFO - Applied set_telescope to Telescope, result=None
2025-04-08 13:31:24,277 - root - INFO - Successfully configured Telescope: code='APEX'
2025-04-08 13:31:24,277 - root - INFO - Set telescope 'SMT' with new parameters
2025-04-08 13:31:24,278 - root - INFO - Applied set_telescope to Telescope, result=None
2025-04-08 13:31:24,278 - root - INFO - Successfully configured Telescope: code='SMT'
2025-04-08 13:31:24,278 - root - INFO - Set telescope 'SPACE370' with new parameters
2025-04-08 13:31:25,614 - root - INFO - Loaded orbit data from 'final_orbit370.txt' with 99181 points
2025-04-08 13:31:25,630 - root - INFO - Set SpaceTelescope 'SPACE370' with use_kep=False, diameter=10.0 m
2025-04-08 13:31:25,630 - root - INFO - Applied set_telescope to SpaceTelescope, result=None
2025-04-08 13:31:25,630 - root - INFO - Successfully configured SpaceTelescope: code='SPACE370'
2025-04-08 13:31:25,630 - root - INFO - Added telescope 'ALMA' to Telescopes
2025-04-08 13:31:25,631 - root - INFO - Added telescope 'APEX' to Telescopes
2025-04-08 13:31:25,631 - root - INFO - Added telescope 'SMT' to Telescopes
2025-04-08 13:31:25,631 - root - INFO - Added telescope 'SPACE370' to Telescopes
2025-04-08 13:31:25,631 - root - INFO - Initialized IF with frequency=1000.0 MHz, bandwidth=16.0 MHz, polarizations=[]
2025-04-08 13:31:25,631 - root - INFO - Set IF frequency to 86000.0 MHz for IF
2025-04-08 13:31:25,631 - root - INFO - Applied set_frequency to IF, result=None
2025-04-08 13:31:25,631 - root - INFO - Set IF bandwidth to 4000.0 MHz for IF
2025-04-08 13:31:25,631 - root - INFO - Applied set_bandwidth to IF, result=None
2025-04-08 13:31:25,631 - root - INFO - Successfully configured IF: freq=86000.0, bw=4000.0
2025-04-08 13:31:25,631 - root - INFO - Initialized Frequencies with 1 IFs
2025-04-08 13:31:25,631 - root - INFO - Initialized Scan with start=2025-04-08T10:31:25.631, duration=1.0, OFF SOURCE
2025-04-08 13:31:25,631 - root - INFO - Set Scan with start=2031-03-10T00:00:00.000, duration=864000.0, source_index=0
2025-04-08 13:31:25,631 - root - INFO - Applied set_scan to Scan, result=None
2025-04-08 13:31:25,631 - root - INFO - Successfully configured Scan: start=2031-03-10T00:00:00.000, source_index=0
2025-04-08 13:31:25,635 - root - INFO - Initialized Scans with 1 scans
2025-04-08 13:31:25,635 - root - INFO - Initialized Sources with 0 sources
2025-04-08 13:31:25,635 - root - INFO - Initialized Telescopes with 0 telescopes
2025-04-08 13:31:25,635 - root - INFO - Initialized Frequencies with 0 IFs
2025-04-08 13:31:25,635 - root - INFO - Initialized Scans with 0 scans
2025-04-08 13:31:25,636 - root - INFO - Initialized Observation 'M87_SPACE_OBS' with type 'VLBI'
2025-04-08 13:31:25,636 - root - INFO - Initialized Sources with 0 sources
2025-04-08 13:31:25,636 - root - INFO - Initialized Telescopes with 0 telescopes
2025-04-08 13:31:25,636 - root - INFO - Initialized Frequencies with 0 IFs
2025-04-08 13:31:25,636 - root - INFO - Initialized Scans with 0 scans
2025-04-08 13:31:25,637 - root - INFO - Initialized Observation 'M87_SINGLE_DISH' with type 'SINGLE_DISH'
2025-04-08 13:31:25,637 - root - INFO - Initialized Telescopes with 2 telescopes
2025-04-08 13:31:25,637 - root - INFO - Initialized Scan with start=2031-03-10T00:00:00.000, duration=3600, source_index=0
2025-04-08 13:31:25,637 - root - INFO - Initialized Scans with 1 scans
2025-04-08 13:31:25,637 - root - INFO - Processing sequence of 2 requests
2025-04-08 13:31:25,638 - root - INFO - Set observation 'M87_SPACE_OBS' with type 'VLBI'
2025-04-08 13:31:25,638 - root - INFO - Applied set_observation to Observation, result=None
2025-04-08 13:31:25,639 - root - INFO - Initialized Telescopes with 4 telescopes
2025-04-08 13:31:26,464 - root - WARNING - No interpolated orbit data available for 'SPACE370' at 2031-03-10T00:00:00.000, falling back to raw orbit data
2025-04-08 13:31:26,464 - root - INFO - Initialized Telescopes with 4 telescopes
2025-04-08 13:31:26,464 - root - INFO - Observation 'M87_SPACE_OBS' validated successfully
2025-04-08 13:31:26,464 - root - INFO - Successfully configured Observation: code='M87_SPACE_OBS'
2025-04-08 13:31:26,464 - root - INFO - Set observation 'M87_SINGLE_DISH' with type 'SINGLE_DISH'
2025-04-08 13:31:26,464 - root - INFO - Applied set_observation to Observation, result=None
2025-04-08 13:31:26,464 - root - INFO - Initialized Telescopes with 2 telescopes
2025-04-08 13:31:26,464 - root - INFO - Initialized Telescopes with 2 telescopes
2025-04-08 13:31:26,464 - root - INFO - Observation 'M87_SINGLE_DISH' validated successfully
2025-04-08 13:31:26,464 - root - INFO - Successfully configured Observation: code='M87_SINGLE_DISH'
2025-04-08 13:31:26,464 - root - INFO - Added item to project 'EHT_M87_SPACE_PROJECT'
2025-04-08 13:31:26,464 - root - INFO - Added observation 'M87_SPACE_OBS' to project 'EHT_M87_SPACE_PROJECT'
2025-04-08 13:31:26,464 - root - INFO - Added item to project 'EHT_M87_SPACE_PROJECT'
2025-04-08 13:31:26,464 - root - INFO - Added observation 'M87_SINGLE_DISH' to project 'EHT_M87_SPACE_PROJECT'
2025-04-08 13:31:26,464 - root - INFO - Processing sequence of 8 requests
2025-04-08 13:31:26,464 - root - INFO - Recalculating 'uv_coverage_f0' for 'M87_SPACE_OBS' with recalculate=False
2025-04-08 13:31:26,470 - root - INFO - Recalculating 'source_visibility' for 'M87_SPACE_OBS' with recalculate=False
2025-04-08 13:31:26,471 - root - INFO - Calculating visibility for 1440 time points from 2031-03-10T00:00:00.000 to 2031-03-20T00:00:00.000
2025-04-08 13:31:26,471 - root - INFO - Recalculating 'telescope_positions' for 'M87_SPACE_OBS' with recalculate=False
2025-04-08 13:31:26,473 - root - INFO - Calculating telescope positions for 1440 time points from 2031-03-10T00:00:00.000 to 2031-03-20T00:00:00.000
2025-04-08 13:31:26,474 - root - INFO - Interpolating orbit for SPACE370
2025-04-08 13:31:26,475 - root - INFO - Interpolating orbit for 'SPACE370' from 2031-03-10T00:00:00.000 to 2031-03-20T00:00:00.000
2025-04-08 13:31:26,476 - root - INFO - Interpolated orbit for 'SPACE370' using linear from 2031-03-10T00:00:00.000 to 2031-03-20T00:00:00.000
2025-04-08 13:31:48,911 - root - INFO - Calculated telescope positions for 1 entries in 'M87_SPACE_OBS'
2025-04-08 13:31:48,911 - root - INFO - Stored calculated data 'telescope_positions' for observation 'M87_SPACE_OBS'
2025-04-08 13:31:48,911 - root - INFO - Calculation 'telescope_positions' for 'M87_SPACE_OBS' completed in 22.445 s
2025-04-08 13:32:18,058 - root - INFO - Stored calculated data 'source_visibility' for observation 'M87_SPACE_OBS'
2025-04-08 13:32:18,058 - root - INFO - Calculation 'source_visibility' for 'M87_SPACE_OBS' completed in 51.590 s
2025-04-08 13:32:18,058 - root - INFO - Retrieved calculated data 'telescope_positions' for observation 'M87_SPACE_OBS'
2025-04-08 13:32:18,058 - root - INFO - Using cached data for 'telescope_positions' in 'M87_SPACE_OBS'
2025-04-08 13:32:18,058 - root - INFO - Calculation 'telescope_positions' for 'M87_SPACE_OBS' completed in 0.001 s
2025-04-08 13:32:20,643 - root - INFO - Stored calculated data 'uv_coverage_f0' for observation 'M87_SPACE_OBS'
2025-04-08 13:32:20,643 - root - INFO - Calculation 'uv_coverage' for 'M87_SPACE_OBS' completed in 54.180 s
2025-04-08 13:32:20,643 - root - INFO - Recalculating 'mollweide_tracks' for 'M87_SPACE_OBS' with recalculate=False
2025-04-08 13:32:20,643 - root - INFO - Retrieved calculated data 'telescope_positions' for observation 'M87_SPACE_OBS'
2025-04-08 13:32:20,643 - root - INFO - Using cached data for 'telescope_positions' in 'M87_SPACE_OBS'
2025-04-08 13:32:20,643 - root - INFO - Calculation 'telescope_positions' for 'M87_SPACE_OBS' completed in 0.000 s
2025-04-08 13:32:20,742 - root - INFO - Stored calculated data 'mollweide_tracks' for observation 'M87_SPACE_OBS'
2025-04-08 13:32:20,743 - root - INFO - Calculation 'mollweide_tracks' for 'M87_SPACE_OBS' completed in 0.093 s
2025-04-08 13:32:20,743 - root - INFO - Recalculating 'baseline_projections_f0' for 'M87_SPACE_OBS' with recalculate=False
2025-04-08 13:32:20,744 - root - INFO - Retrieved calculated data 'uv_coverage_f0' for observation 'M87_SPACE_OBS'
2025-04-08 13:32:20,744 - root - INFO - Using cached data for 'uv_coverage_f0' in 'M87_SPACE_OBS'
2025-04-08 13:32:20,744 - root - INFO - Calculation 'uv_coverage' for 'M87_SPACE_OBS' completed in 0.000 s
2025-04-08 13:32:20,747 - root - INFO - Stored calculated data 'baseline_projections_f0' for observation 'M87_SPACE_OBS'
2025-04-08 13:32:20,747 - root - INFO - Calculation 'baseline_projections' for 'M87_SPACE_OBS' completed in 0.013 s
2025-04-08 13:32:20,747 - root - INFO - Recalculating 'beam_pattern_f0' for 'M87_SINGLE_DISH' with recalculate=False
2025-04-08 13:32:20,757 - root - INFO - Stored calculated data 'beam_pattern_f0' for observation 'M87_SINGLE_DISH'
2025-04-08 13:32:20,757 - root - INFO - Calculation 'beam_pattern' for 'M87_SINGLE_DISH' completed in 0.001 s
2025-04-08 13:32:20,757 - root - INFO - Recalculating 'synthesized_beam_f0' for 'M87_SPACE_OBS' with recalculate=False
2025-04-08 13:32:20,758 - root - INFO - Retrieved calculated data 'uv_coverage_f0' for observation 'M87_SPACE_OBS'
2025-04-08 13:32:20,758 - root - INFO - Using cached data for 'uv_coverage_f0' in 'M87_SPACE_OBS'
2025-04-08 13:32:20,759 - root - INFO - Calculation 'uv_coverage' for 'M87_SPACE_OBS' completed in 0.001 s
2025-04-08 13:32:20,782 - root - INFO - Stored calculated data 'synthesized_beam_f0' for observation 'M87_SPACE_OBS'
2025-04-08 13:32:20,782 - root - INFO - Calculation 'synthesized_beam' for 'M87_SPACE_OBS' completed in 0.030 s
2025-04-08 13:32:20,782 - root - INFO - Recalculating 'time_on_source' for 'M87_SPACE_OBS' with recalculate=False
2025-04-08 13:32:20,782 - root - INFO - Retrieved calculated data 'source_visibility' for observation 'M87_SPACE_OBS'
2025-04-08 13:32:20,782 - root - INFO - Using cached data for 'source_visibility' in 'M87_SPACE_OBS'
2025-04-08 13:32:20,782 - root - INFO - Calculation 'source_visibility' for 'M87_SPACE_OBS' completed in 0.000 s
2025-04-08 13:32:20,914 - root - INFO - Stored calculated data 'time_on_source' for observation 'M87_SPACE_OBS'
2025-04-08 13:32:20,914 - root - INFO - Calculation 'time_on_source' for 'M87_SPACE_OBS' completed in 0.136 s
2025-04-08 13:32:20,914 - root - INFO - Recalculating 'sun_angles' for 'M87_SPACE_OBS' with recalculate=False
2025-04-08 13:32:56,004 - root - INFO - Stored calculated data 'sun_angles' for observation 'M87_SPACE_OBS'
2025-04-08 13:32:56,004 - root - INFO - Calculation 'sun_angles' for 'M87_SPACE_OBS' completed in 35.080 s
2025-04-08 13:32:56,004 - root - INFO - Recalculating 'az_el' for 'M87_SPACE_OBS' with recalculate=False
2025-04-08 13:33:10,793 - root - INFO - Stored calculated data 'az_el' for observation 'M87_SPACE_OBS'
2025-04-08 13:33:10,793 - root - INFO - Calculation 'az_el' for 'M87_SPACE_OBS' completed in 14.790 s
2025-04-08 13:33:10,793 - root - INFO - Processing sequence of 8 requests
2025-04-08 13:33:11,005 - root - INFO - Retrieved calculated data 'uv_coverage_f0' for observation 'M87_SPACE_OBS'
2025-04-08 13:33:11,728 - root - INFO - Visualization saved to 'uv_coverage_m87_space_with_conjugates.png'
2025-04-08 13:33:49,145 - root - INFO - Retrieved calculated data 'mollweide_tracks' for observation 'M87_SPACE_OBS'
2025-04-08 13:33:49,574 - root - INFO - Visualization saved to 'mollweide_track_m87_space_matplotlib_mollweide_j2000_fixed.png'
2025-04-08 13:33:50,618 - root - INFO - Retrieved calculated data 'baseline_projections_f0' for observation 'M87_SPACE_OBS'
2025-04-08 13:33:51,844 - root - INFO - Visualization saved to 'baseline_projections_m87_space.png'
2025-04-08 13:33:52,870 - root - INFO - Retrieved calculated data 'beam_pattern_f0' for observation 'M87_SINGLE_DISH'
2025-04-08 13:33:53,311 - root - INFO - Visualization saved to 'beam_pattern_m87_single_dish.png'
2025-04-08 13:33:54,480 - root - INFO - Retrieved calculated data 'synthesized_beam_f0' for observation 'M87_SPACE_OBS'
2025-04-08 13:33:55,668 - root - INFO - Visualization saved to 'synthesized_beam_2d_m87_vlbi.png'
2025-04-08 13:33:56,396 - root - INFO - Retrieved calculated data 'time_on_source' for observation 'M87_SPACE_OBS'
2025-04-08 13:33:57,089 - root - INFO - Visualization saved to 'time_on_source_m87_space.png'
2025-04-08 13:33:57,935 - root - INFO - Retrieved calculated data 'sun_angles' for observation 'M87_SPACE_OBS'
2025-04-08 13:33:58,690 - root - INFO - Visualization saved to 'sun_angles_m87_space.png'
2025-04-08 13:33:59,450 - root - INFO - Retrieved calculated data 'az_el' for observation 'M87_SPACE_OBS'
2025-04-08 13:34:00,523 - root - INFO - Visualization saved to 'az_el_m87_space.png'
2025-04-08 13:34:06,396 - root - INFO - Initialized Manipulator with 0 initial operations
2025-04-08 13:34:06,396 - root - INFO - Initialized Scheduling Configurator
2025-04-08 13:34:06,396 - root - INFO - Registered operation 'configure' with ScheduleConfigurator
2025-04-08 13:34:06,396 - root - INFO - Initialized Scheduling Inspector
2025-04-08 13:34:06,396 - root - INFO - Registered operation 'inspect' with ScheduleInspector
2025-04-08 13:34:06,396 - root - INFO - Initialized Scheduling Calculator
2025-04-08 13:34:06,396 - root - INFO - Registered operation 'calculate' with ScheduleCalculator
2025-04-08 13:34:06,396 - root - INFO - Initialized Scheduling Visualizer
2025-04-08 13:34:06,396 - root - INFO - Registered operation 'visualize' with ScheduleVisualizer
2025-04-08 13:34:06,396 - root - INFO - Initialized DefaultManipulator with default operations
2025-04-08 13:34:06,396 - root - INFO - Initialized project 'EHT_M87_SPACE_PROJECT' with 0 items
2025-04-08 13:34:06,396 - root - INFO - Set managing object of type 'ScheduleProject' in Manipulator
2025-04-08 13:34:06,396 - root - INFO - Set up test environment with Manipulator and Project
2025-04-08 13:34:06,396 - root - INFO - Supported operations: ['configure', 'inspect', 'calculate', 'visualize']
2025-04-08 13:34:06,396 - root - INFO - Initialized Source 'SOURCE_DEFAULT' at RA=0.0h0.0m0.0s, DEC=0.0d0.0m0.0s
2025-04-08 13:34:06,396 - root - INFO - Set source 'M87' with new coordinates RA=12h30m49.42s, DEC=12d23m28.0s
2025-04-08 13:34:06,396 - root - INFO - Applied set_source to Source, result=None
2025-04-08 13:34:06,396 - root - INFO - Set flux=1.2 Jy for frequency 86000.0 MHz on source 'M87'
2025-04-08 13:34:06,396 - root - INFO - Applied set_flux to Source, result=None
2025-04-08 13:34:06,412 - root - INFO - Successfully configured Source: name='M87'
2025-04-08 13:34:06,412 - root - INFO - Initialized Sources with 1 sources
2025-04-08 13:34:06,412 - root - INFO - Initialized Telescopes with 0 telescopes
2025-04-08 13:34:06,412 - root - INFO - Initialized Telescope 'TEMP' at (0.0, 0.0, 0.0) m, diameter=1.0 m
2025-04-08 13:34:06,412 - root - INFO - Initialized Telescope 'TEMP' at (0.0, 0.0, 0.0) m, diameter=1.0 m
2025-04-08 13:34:06,412 - root - INFO - Initialized Telescope 'TEMP' at (0.0, 0.0, 0.0) m, diameter=1.0 m
2025-04-08 13:34:06,413 - root - INFO - Initialized Telescope 'TEMP_SPACE' at (0.0, 0.0, 0.0) m, diameter=1.0 m
2025-04-08 13:34:07,779 - root - INFO - Loaded orbit data from 'final_orbit370.txt' with 99181 points
2025-04-08 13:34:07,799 - root - INFO - Initialized SpaceTelescope 'TEMP_SPACE' with orbit file 'final_orbit370.txt', diameter=1.0 m
2025-04-08 13:34:07,799 - root - INFO - Processing sequence of 4 requests
2025-04-08 13:34:07,800 - root - INFO - Set telescope 'ALMA' with new parameters
2025-04-08 13:34:07,800 - root - INFO - Applied set_telescope to Telescope, result=None
2025-04-08 13:34:07,801 - root - INFO - Successfully configured Telescope: code='ALMA'
2025-04-08 13:34:07,801 - root - INFO - Set telescope 'APEX' with new parameters
2025-04-08 13:34:07,801 - root - INFO - Applied set_telescope to Telescope, result=None
2025-04-08 13:34:07,801 - root - INFO - Successfully configured Telescope: code='APEX'
2025-04-08 13:34:07,802 - root - INFO - Set telescope 'SMT' with new parameters
2025-04-08 13:34:07,802 - root - INFO - Applied set_telescope to Telescope, result=None
2025-04-08 13:34:07,802 - root - INFO - Successfully configured Telescope: code='SMT'
2025-04-08 13:34:07,802 - root - INFO - Set telescope 'SPACE370' with new parameters
2025-04-08 13:34:09,167 - root - INFO - Loaded orbit data from 'final_orbit370.txt' with 99181 points
2025-04-08 13:34:09,168 - root - INFO - Set SpaceTelescope 'SPACE370' with use_kep=False, diameter=10.0 m
2025-04-08 13:34:09,168 - root - INFO - Applied set_telescope to SpaceTelescope, result=None
2025-04-08 13:34:09,168 - root - INFO - Successfully configured SpaceTelescope: code='SPACE370'
2025-04-08 13:34:09,168 - root - INFO - Added telescope 'ALMA' to Telescopes
2025-04-08 13:34:09,168 - root - INFO - Added telescope 'APEX' to Telescopes
2025-04-08 13:34:09,168 - root - INFO - Added telescope 'SMT' to Telescopes
2025-04-08 13:34:09,168 - root - INFO - Added telescope 'SPACE370' to Telescopes
2025-04-08 13:34:09,168 - root - INFO - Initialized IF with frequency=1000.0 MHz, bandwidth=16.0 MHz, polarizations=[]
2025-04-08 13:34:09,168 - root - INFO - Set IF frequency to 86000.0 MHz for IF
2025-04-08 13:34:09,168 - root - INFO - Applied set_frequency to IF, result=None
2025-04-08 13:34:09,168 - root - INFO - Set IF bandwidth to 4000.0 MHz for IF
2025-04-08 13:34:09,168 - root - INFO - Applied set_bandwidth to IF, result=None
2025-04-08 13:34:09,168 - root - INFO - Successfully configured IF: freq=86000.0, bw=4000.0
2025-04-08 13:34:09,168 - root - INFO - Initialized Frequencies with 1 IFs
2025-04-08 13:34:09,168 - root - INFO - Initialized Scan with start=2025-04-08T10:34:09.169, duration=1.0, OFF SOURCE
2025-04-08 13:34:09,168 - root - INFO - Set Scan with start=2031-03-10T00:00:00.000, duration=864000.0, source_index=0
2025-04-08 13:34:09,168 - root - INFO - Applied set_scan to Scan, result=None
2025-04-08 13:34:09,168 - root - INFO - Successfully configured Scan: start=2031-03-10T00:00:00.000, source_index=0
2025-04-08 13:34:09,168 - root - INFO - Initialized Scans with 1 scans
2025-04-08 13:34:09,175 - root - INFO - Initialized Sources with 0 sources
2025-04-08 13:34:09,175 - root - INFO - Initialized Telescopes with 0 telescopes
2025-04-08 13:34:09,175 - root - INFO - Initialized Frequencies with 0 IFs
2025-04-08 13:34:09,175 - root - INFO - Initialized Scans with 0 scans
2025-04-08 13:34:09,175 - root - INFO - Initialized Observation 'M87_SPACE_OBS' with type 'VLBI'
2025-04-08 13:34:09,175 - root - INFO - Initialized Sources with 0 sources
2025-04-08 13:34:09,176 - root - INFO - Initialized Telescopes with 0 telescopes
2025-04-08 13:34:09,176 - root - INFO - Initialized Frequencies with 0 IFs
2025-04-08 13:34:09,176 - root - INFO - Initialized Scans with 0 scans
2025-04-08 13:34:09,176 - root - INFO - Initialized Observation 'M87_SINGLE_DISH' with type 'SINGLE_DISH'
2025-04-08 13:34:09,176 - root - INFO - Initialized Telescopes with 2 telescopes
2025-04-08 13:34:09,177 - root - INFO - Initialized Scan with start=2031-03-10T00:00:00.000, duration=3600, source_index=0
2025-04-08 13:34:09,177 - root - INFO - Initialized Scans with 1 scans
2025-04-08 13:34:09,177 - root - INFO - Processing sequence of 2 requests
2025-04-08 13:34:09,177 - root - INFO - Set observation 'M87_SPACE_OBS' with type 'VLBI'
2025-04-08 13:34:09,177 - root - INFO - Applied set_observation to Observation, result=None
2025-04-08 13:34:09,178 - root - INFO - Initialized Telescopes with 4 telescopes
2025-04-08 13:34:09,944 - root - WARNING - No interpolated orbit data available for 'SPACE370' at 2031-03-10T00:00:00.000, falling back to raw orbit data
2025-04-08 13:34:09,945 - root - INFO - Initialized Telescopes with 4 telescopes
2025-04-08 13:34:09,945 - root - INFO - Observation 'M87_SPACE_OBS' validated successfully
2025-04-08 13:34:09,945 - root - INFO - Successfully configured Observation: code='M87_SPACE_OBS'
2025-04-08 13:34:09,946 - root - INFO - Set observation 'M87_SINGLE_DISH' with type 'SINGLE_DISH'
2025-04-08 13:34:09,946 - root - INFO - Applied set_observation to Observation, result=None
2025-04-08 13:34:09,947 - root - INFO - Initialized Telescopes with 2 telescopes
2025-04-08 13:34:09,948 - root - INFO - Initialized Telescopes with 2 telescopes
2025-04-08 13:34:09,948 - root - INFO - Observation 'M87_SINGLE_DISH' validated successfully
2025-04-08 13:34:09,948 - root - INFO - Successfully configured Observation: code='M87_SINGLE_DISH'
2025-04-08 13:34:09,948 - root - INFO - Added item to project 'EHT_M87_SPACE_PROJECT'
2025-04-08 13:34:09,948 - root - INFO - Added observation 'M87_SPACE_OBS' to project 'EHT_M87_SPACE_PROJECT'
2025-04-08 13:34:09,949 - root - INFO - Added item to project 'EHT_M87_SPACE_PROJECT'
2025-04-08 13:34:09,949 - root - INFO - Added observation 'M87_SINGLE_DISH' to project 'EHT_M87_SPACE_PROJECT'
2025-04-08 13:34:09,949 - root - INFO - Processing sequence of 8 requests
2025-04-08 13:34:09,949 - root - INFO - Recalculating 'uv_coverage_f0' for 'M87_SPACE_OBS' with recalculate=False
2025-04-08 13:34:09,950 - root - INFO - Recalculating 'source_visibility' for 'M87_SPACE_OBS' with recalculate=False
2025-04-08 13:34:09,951 - root - INFO - Calculating visibility for 1440 time points from 2031-03-10T00:00:00.000 to 2031-03-20T00:00:00.000
2025-04-08 13:34:09,952 - root - INFO - Recalculating 'telescope_positions' for 'M87_SPACE_OBS' with recalculate=False
2025-04-08 13:34:09,954 - root - INFO - Calculating telescope positions for 1440 time points from 2031-03-10T00:00:00.000 to 2031-03-20T00:00:00.000
2025-04-08 13:34:09,954 - root - INFO - Interpolating orbit for SPACE370
2025-04-08 13:34:09,955 - root - INFO - Interpolating orbit for 'SPACE370' from 2031-03-10T00:00:00.000 to 2031-03-20T00:00:00.000
2025-04-08 13:34:09,956 - root - INFO - Interpolated orbit for 'SPACE370' using linear from 2031-03-10T00:00:00.000 to 2031-03-20T00:00:00.000
2025-04-08 13:34:32,833 - root - INFO - Calculated telescope positions for 1 entries in 'M87_SPACE_OBS'
2025-04-08 13:34:32,833 - root - INFO - Stored calculated data 'telescope_positions' for observation 'M87_SPACE_OBS'
2025-04-08 13:34:32,833 - root - INFO - Calculation 'telescope_positions' for 'M87_SPACE_OBS' completed in 22.881 s
2025-04-08 13:35:02,511 - root - INFO - Stored calculated data 'source_visibility' for observation 'M87_SPACE_OBS'
2025-04-08 13:35:02,512 - root - INFO - Calculation 'source_visibility' for 'M87_SPACE_OBS' completed in 52.561 s
2025-04-08 13:35:02,512 - root - INFO - Retrieved calculated data 'telescope_positions' for observation 'M87_SPACE_OBS'
2025-04-08 13:35:02,512 - root - INFO - Using cached data for 'telescope_positions' in 'M87_SPACE_OBS'
2025-04-08 13:35:02,512 - root - INFO - Calculation 'telescope_positions' for 'M87_SPACE_OBS' completed in 0.001 s
2025-04-08 13:35:04,983 - root - INFO - Stored calculated data 'uv_coverage_f0' for observation 'M87_SPACE_OBS'
2025-04-08 13:35:04,983 - root - INFO - Calculation 'uv_coverage' for 'M87_SPACE_OBS' completed in 55.034 s
2025-04-08 13:35:04,984 - root - INFO - Recalculating 'mollweide_tracks' for 'M87_SPACE_OBS' with recalculate=False
2025-04-08 13:35:04,984 - root - INFO - Retrieved calculated data 'telescope_positions' for observation 'M87_SPACE_OBS'
2025-04-08 13:35:04,984 - root - INFO - Using cached data for 'telescope_positions' in 'M87_SPACE_OBS'
2025-04-08 13:35:04,984 - root - INFO - Calculation 'telescope_positions' for 'M87_SPACE_OBS' completed in 0.001 s
2025-04-08 13:35:05,077 - root - INFO - Stored calculated data 'mollweide_tracks' for observation 'M87_SPACE_OBS'
2025-04-08 13:35:05,078 - root - INFO - Calculation 'mollweide_tracks' for 'M87_SPACE_OBS' completed in 0.094 s
2025-04-08 13:35:05,078 - root - INFO - Recalculating 'baseline_projections_f0' for 'M87_SPACE_OBS' with recalculate=False
2025-04-08 13:35:05,078 - root - INFO - Retrieved calculated data 'uv_coverage_f0' for observation 'M87_SPACE_OBS'
2025-04-08 13:35:05,079 - root - INFO - Using cached data for 'uv_coverage_f0' in 'M87_SPACE_OBS'
2025-04-08 13:35:05,079 - root - INFO - Calculation 'uv_coverage' for 'M87_SPACE_OBS' completed in 0.000 s
2025-04-08 13:35:05,090 - root - INFO - Stored calculated data 'baseline_projections_f0' for observation 'M87_SPACE_OBS'
2025-04-08 13:35:05,090 - root - INFO - Calculation 'baseline_projections' for 'M87_SPACE_OBS' completed in 0.012 s
2025-04-08 13:35:05,090 - root - INFO - Recalculating 'beam_pattern_f0' for 'M87_SINGLE_DISH' with recalculate=False
2025-04-08 13:35:05,091 - root - INFO - Stored calculated data 'beam_pattern_f0' for observation 'M87_SINGLE_DISH'
2025-04-08 13:35:05,092 - root - INFO - Calculation 'beam_pattern' for 'M87_SINGLE_DISH' completed in 0.001 s
2025-04-08 13:35:05,092 - root - INFO - Recalculating 'synthesized_beam_f0' for 'M87_SPACE_OBS' with recalculate=False
2025-04-08 13:35:05,092 - root - INFO - Retrieved calculated data 'uv_coverage_f0' for observation 'M87_SPACE_OBS'
2025-04-08 13:35:05,092 - root - INFO - Using cached data for 'uv_coverage_f0' in 'M87_SPACE_OBS'
2025-04-08 13:35:05,093 - root - INFO - Calculation 'uv_coverage' for 'M87_SPACE_OBS' completed in 0.001 s
2025-04-08 13:35:05,115 - root - INFO - Stored calculated data 'synthesized_beam_f0' for observation 'M87_SPACE_OBS'
2025-04-08 13:35:05,115 - root - INFO - Calculation 'synthesized_beam' for 'M87_SPACE_OBS' completed in 0.028 s
2025-04-08 13:35:05,115 - root - INFO - Recalculating 'time_on_source' for 'M87_SPACE_OBS' with recalculate=False
2025-04-08 13:35:05,115 - root - INFO - Retrieved calculated data 'source_visibility' for observation 'M87_SPACE_OBS'
2025-04-08 13:35:05,115 - root - INFO - Using cached data for 'source_visibility' in 'M87_SPACE_OBS'
2025-04-08 13:35:05,115 - root - INFO - Calculation 'source_visibility' for 'M87_SPACE_OBS' completed in 0.001 s
2025-04-08 13:35:05,257 - root - INFO - Stored calculated data 'time_on_source' for observation 'M87_SPACE_OBS'
2025-04-08 13:35:05,257 - root - INFO - Calculation 'time_on_source' for 'M87_SPACE_OBS' completed in 0.136 s
2025-04-08 13:35:05,257 - root - INFO - Recalculating 'sun_angles' for 'M87_SPACE_OBS' with recalculate=False
2025-04-08 13:35:42,379 - root - INFO - Stored calculated data 'sun_angles' for observation 'M87_SPACE_OBS'
2025-04-08 13:35:42,380 - root - INFO - Calculation 'sun_angles' for 'M87_SPACE_OBS' completed in 37.123 s
2025-04-08 13:35:42,380 - root - INFO - Recalculating 'az_el' for 'M87_SPACE_OBS' with recalculate=False
2025-04-08 13:35:57,769 - root - INFO - Stored calculated data 'az_el' for observation 'M87_SPACE_OBS'
2025-04-08 13:35:57,769 - root - INFO - Calculation 'az_el' for 'M87_SPACE_OBS' completed in 15.402 s
2025-04-08 13:35:57,769 - root - INFO - Processing sequence of 8 requests
2025-04-08 13:35:57,943 - root - INFO - Retrieved calculated data 'uv_coverage_f0' for observation 'M87_SPACE_OBS'
2025-04-08 13:35:58,604 - root - INFO - Visualization saved to 'uv_coverage_m87_space_with_conjugates.png'
2025-04-08 13:36:12,600 - root - INFO - Retrieved calculated data 'mollweide_tracks' for observation 'M87_SPACE_OBS'
2025-04-08 13:36:13,024 - root - INFO - Visualization saved to 'mollweide_track_m87_space_matplotlib_mollweide_j2000_fixed.png'
2025-04-08 13:36:14,155 - root - INFO - Retrieved calculated data 'baseline_projections_f0' for observation 'M87_SPACE_OBS'
2025-04-08 13:36:15,370 - root - INFO - Visualization saved to 'baseline_projections_m87_space.png'
2025-04-08 13:36:20,147 - root - INFO - Retrieved calculated data 'beam_pattern_f0' for observation 'M87_SINGLE_DISH'
2025-04-08 13:36:20,593 - root - INFO - Visualization saved to 'beam_pattern_m87_single_dish.png'
2025-04-08 13:36:21,818 - root - INFO - Retrieved calculated data 'synthesized_beam_f0' for observation 'M87_SPACE_OBS'
2025-04-08 13:36:22,958 - root - INFO - Visualization saved to 'synthesized_beam_2d_m87_vlbi.png'
2025-04-08 13:36:24,054 - root - INFO - Retrieved calculated data 'time_on_source' for observation 'M87_SPACE_OBS'
2025-04-08 13:36:24,725 - root - INFO - Visualization saved to 'time_on_source_m87_space.png'
2025-04-08 13:36:26,367 - root - INFO - Retrieved calculated data 'sun_angles' for observation 'M87_SPACE_OBS'
2025-04-08 13:36:27,109 - root - INFO - Visualization saved to 'sun_angles_m87_space.png'
2025-04-08 13:36:28,199 - root - INFO - Retrieved calculated data 'az_el' for observation 'M87_SPACE_OBS'
2025-04-08 13:36:29,275 - root - INFO - Visualization saved to 'az_el_m87_space.png'
2025-04-08 13:38:33,905 - root - INFO - Initialized Manipulator with 0 initial operations
2025-04-08 13:38:33,905 - root - INFO - Initialized Scheduling Configurator
2025-04-08 13:38:33,905 - root - INFO - Registered operation 'configure' with ScheduleConfigurator
2025-04-08 13:38:33,905 - root - INFO - Initialized Scheduling Inspector
2025-04-08 13:38:33,905 - root - INFO - Registered operation 'inspect' with ScheduleInspector
2025-04-08 13:38:33,905 - root - INFO - Initialized Scheduling Calculator
2025-04-08 13:38:33,905 - root - INFO - Registered operation 'calculate' with ScheduleCalculator
2025-04-08 13:38:33,905 - root - INFO - Initialized Scheduling Visualizer
2025-04-08 13:38:33,905 - root - INFO - Registered operation 'visualize' with ScheduleVisualizer
2025-04-08 13:38:33,905 - root - INFO - Initialized DefaultManipulator with default operations
2025-04-08 13:38:33,905 - root - INFO - Initialized project 'EHT_M87_SPACE_PROJECT' with 0 items
2025-04-08 13:38:33,905 - root - INFO - Set managing object of type 'ScheduleProject' in Manipulator
2025-04-08 13:38:33,905 - root - INFO - Set up test environment with Manipulator and Project
2025-04-08 13:38:33,905 - root - INFO - Supported operations: ['configure', 'inspect', 'calculate', 'visualize']
2025-04-08 13:38:33,905 - root - INFO - Initialized Source 'SOURCE_DEFAULT' at RA=0.0h0.0m0.0s, DEC=0.0d0.0m0.0s
2025-04-08 13:38:33,905 - root - INFO - Set source 'M87' with new coordinates RA=12h30m49.42s, DEC=12d23m28.0s
2025-04-08 13:38:33,905 - root - INFO - Applied set_source to Source, result=None
2025-04-08 13:38:33,905 - root - INFO - Set flux=1.2 Jy for frequency 86000.0 MHz on source 'M87'
2025-04-08 13:38:33,905 - root - INFO - Applied set_flux to Source, result=None
2025-04-08 13:38:33,905 - root - INFO - Successfully configured Source: name='M87'
2025-04-08 13:38:33,914 - root - INFO - Initialized Sources with 1 sources
2025-04-08 13:38:33,914 - root - INFO - Initialized Telescopes with 0 telescopes
2025-04-08 13:38:33,914 - root - INFO - Initialized Telescope 'TEMP' at (0.0, 0.0, 0.0) m, diameter=1.0 m
2025-04-08 13:38:33,915 - root - INFO - Initialized Telescope 'TEMP' at (0.0, 0.0, 0.0) m, diameter=1.0 m
2025-04-08 13:38:33,915 - root - INFO - Initialized Telescope 'TEMP' at (0.0, 0.0, 0.0) m, diameter=1.0 m
2025-04-08 13:38:33,915 - root - INFO - Initialized Telescope 'TEMP_SPACE' at (0.0, 0.0, 0.0) m, diameter=1.0 m
2025-04-08 13:38:35,296 - root - INFO - Loaded orbit data from 'final_orbit370.txt' with 99181 points
2025-04-08 13:38:35,317 - root - INFO - Initialized SpaceTelescope 'TEMP_SPACE' with orbit file 'final_orbit370.txt', diameter=1.0 m
2025-04-08 13:38:35,317 - root - INFO - Processing sequence of 4 requests
2025-04-08 13:38:35,318 - root - INFO - Set telescope 'ALMA' with new parameters
2025-04-08 13:38:35,318 - root - INFO - Applied set_telescope to Telescope, result=None
2025-04-08 13:38:35,318 - root - INFO - Successfully configured Telescope: code='ALMA'
2025-04-08 13:38:35,318 - root - INFO - Set telescope 'APEX' with new parameters
2025-04-08 13:38:35,318 - root - INFO - Applied set_telescope to Telescope, result=None
2025-04-08 13:38:35,318 - root - INFO - Successfully configured Telescope: code='APEX'
2025-04-08 13:38:35,318 - root - INFO - Set telescope 'SMT' with new parameters
2025-04-08 13:38:35,318 - root - INFO - Applied set_telescope to Telescope, result=None
2025-04-08 13:38:35,318 - root - INFO - Successfully configured Telescope: code='SMT'
2025-04-08 13:38:35,318 - root - INFO - Set telescope 'SPACE370' with new parameters
2025-04-08 13:38:36,761 - root - INFO - Loaded orbit data from 'final_orbit370.txt' with 99181 points
2025-04-08 13:38:36,761 - root - INFO - Set SpaceTelescope 'SPACE370' with use_kep=False, diameter=10.0 m
2025-04-08 13:38:36,761 - root - INFO - Applied set_telescope to SpaceTelescope, result=None
2025-04-08 13:38:36,761 - root - INFO - Successfully configured SpaceTelescope: code='SPACE370'
2025-04-08 13:38:36,761 - root - INFO - Added telescope 'ALMA' to Telescopes
2025-04-08 13:38:36,761 - root - INFO - Added telescope 'APEX' to Telescopes
2025-04-08 13:38:36,761 - root - INFO - Added telescope 'SMT' to Telescopes
2025-04-08 13:38:36,761 - root - INFO - Added telescope 'SPACE370' to Telescopes
2025-04-08 13:38:36,761 - root - INFO - Initialized IF with frequency=1000.0 MHz, bandwidth=16.0 MHz, polarizations=[]
2025-04-08 13:38:36,761 - root - INFO - Set IF frequency to 86000.0 MHz for IF
2025-04-08 13:38:36,761 - root - INFO - Applied set_frequency to IF, result=None
2025-04-08 13:38:36,761 - root - INFO - Set IF bandwidth to 4000.0 MHz for IF
2025-04-08 13:38:36,761 - root - INFO - Applied set_bandwidth to IF, result=None
2025-04-08 13:38:36,761 - root - INFO - Successfully configured IF: freq=86000.0, bw=4000.0
2025-04-08 13:38:36,761 - root - INFO - Initialized Frequencies with 1 IFs
2025-04-08 13:38:36,761 - root - INFO - Initialized Scan with start=2025-04-08T10:38:36.762, duration=1.0, OFF SOURCE
2025-04-08 13:38:36,761 - root - INFO - Set Scan with start=2031-03-10T00:00:00.000, duration=864000.0, source_index=0
2025-04-08 13:38:36,761 - root - INFO - Applied set_scan to Scan, result=None
2025-04-08 13:38:36,761 - root - INFO - Successfully configured Scan: start=2031-03-10T00:00:00.000, source_index=0
2025-04-08 13:38:36,761 - root - INFO - Initialized Scans with 1 scans
2025-04-08 13:38:36,761 - root - INFO - Initialized Sources with 0 sources
2025-04-08 13:38:36,768 - root - INFO - Initialized Telescopes with 0 telescopes
2025-04-08 13:38:36,768 - root - INFO - Initialized Frequencies with 0 IFs
2025-04-08 13:38:36,768 - root - INFO - Initialized Scans with 0 scans
2025-04-08 13:38:36,768 - root - INFO - Initialized Observation 'M87_SPACE_OBS' with type 'VLBI'
2025-04-08 13:38:36,768 - root - INFO - Initialized Sources with 0 sources
2025-04-08 13:38:36,768 - root - INFO - Initialized Telescopes with 0 telescopes
2025-04-08 13:38:36,769 - root - INFO - Initialized Frequencies with 0 IFs
2025-04-08 13:38:36,769 - root - INFO - Initialized Scans with 0 scans
2025-04-08 13:38:36,769 - root - INFO - Initialized Observation 'M87_SINGLE_DISH' with type 'SINGLE_DISH'
2025-04-08 13:38:36,769 - root - INFO - Initialized Telescopes with 2 telescopes
2025-04-08 13:38:36,769 - root - INFO - Initialized Scan with start=2031-03-10T00:00:00.000, duration=3600, source_index=0
2025-04-08 13:38:36,770 - root - INFO - Initialized Scans with 1 scans
2025-04-08 13:38:36,770 - root - INFO - Processing sequence of 2 requests
2025-04-08 13:38:36,770 - root - INFO - Set observation 'M87_SPACE_OBS' with type 'VLBI'
2025-04-08 13:38:36,770 - root - INFO - Applied set_observation to Observation, result=None
2025-04-08 13:38:36,771 - root - INFO - Initialized Telescopes with 4 telescopes
2025-04-08 13:38:37,553 - root - WARNING - No interpolated orbit data available for 'SPACE370' at 2031-03-10T00:00:00.000, falling back to raw orbit data
2025-04-08 13:38:37,553 - root - INFO - Initialized Telescopes with 4 telescopes
2025-04-08 13:38:37,553 - root - INFO - Observation 'M87_SPACE_OBS' validated successfully
2025-04-08 13:38:37,553 - root - INFO - Successfully configured Observation: code='M87_SPACE_OBS'
2025-04-08 13:38:37,553 - root - INFO - Set observation 'M87_SINGLE_DISH' with type 'SINGLE_DISH'
2025-04-08 13:38:37,553 - root - INFO - Applied set_observation to Observation, result=None
2025-04-08 13:38:37,553 - root - INFO - Initialized Telescopes with 2 telescopes
2025-04-08 13:38:37,553 - root - INFO - Initialized Telescopes with 2 telescopes
2025-04-08 13:38:37,553 - root - INFO - Observation 'M87_SINGLE_DISH' validated successfully
2025-04-08 13:38:37,553 - root - INFO - Successfully configured Observation: code='M87_SINGLE_DISH'
2025-04-08 13:38:37,553 - root - INFO - Added item to project 'EHT_M87_SPACE_PROJECT'
2025-04-08 13:38:37,553 - root - INFO - Added observation 'M87_SPACE_OBS' to project 'EHT_M87_SPACE_PROJECT'
2025-04-08 13:38:37,553 - root - INFO - Added item to project 'EHT_M87_SPACE_PROJECT'
2025-04-08 13:38:37,553 - root - INFO - Added observation 'M87_SINGLE_DISH' to project 'EHT_M87_SPACE_PROJECT'
2025-04-08 13:38:37,553 - root - INFO - Processing sequence of 2 requests
2025-04-08 13:38:37,569 - root - INFO - Recalculating 'uv_coverage_f0' for 'M87_SPACE_OBS' with recalculate=False
2025-04-08 13:38:37,569 - root - INFO - Recalculating 'source_visibility' for 'M87_SPACE_OBS' with recalculate=False
2025-04-08 13:38:37,571 - root - INFO - Calculating visibility for 1440 time points from 2031-03-10T00:00:00.000 to 2031-03-20T00:00:00.000
2025-04-08 13:38:37,571 - root - INFO - Recalculating 'telescope_positions' for 'M87_SPACE_OBS' with recalculate=False
2025-04-08 13:38:37,573 - root - INFO - Calculating telescope positions for 1440 time points from 2031-03-10T00:00:00.000 to 2031-03-20T00:00:00.000
2025-04-08 13:38:37,573 - root - INFO - Interpolating orbit for SPACE370
2025-04-08 13:38:37,575 - root - INFO - Interpolating orbit for 'SPACE370' from 2031-03-10T00:00:00.000 to 2031-03-20T00:00:00.000
2025-04-08 13:38:37,576 - root - INFO - Interpolated orbit for 'SPACE370' using linear from 2031-03-10T00:00:00.000 to 2031-03-20T00:00:00.000
2025-04-08 13:38:59,534 - root - INFO - Calculated telescope positions for 1 entries in 'M87_SPACE_OBS'
2025-04-08 13:38:59,535 - root - INFO - Stored calculated data 'telescope_positions' for observation 'M87_SPACE_OBS'
2025-04-08 13:38:59,535 - root - INFO - Calculation 'telescope_positions' for 'M87_SPACE_OBS' completed in 21.964 s
2025-04-08 13:39:28,351 - root - INFO - Stored calculated data 'source_visibility' for observation 'M87_SPACE_OBS'
2025-04-08 13:39:28,351 - root - INFO - Calculation 'source_visibility' for 'M87_SPACE_OBS' completed in 50.794 s
2025-04-08 13:39:28,351 - root - INFO - Retrieved calculated data 'telescope_positions' for observation 'M87_SPACE_OBS'
2025-04-08 13:39:28,351 - root - INFO - Using cached data for 'telescope_positions' in 'M87_SPACE_OBS'
2025-04-08 13:39:28,351 - root - INFO - Calculation 'telescope_positions' for 'M87_SPACE_OBS' completed in 0.001 s
2025-04-08 13:39:30,755 - root - INFO - Stored calculated data 'uv_coverage_f0' for observation 'M87_SPACE_OBS'
2025-04-08 13:39:30,755 - root - INFO - Calculation 'uv_coverage' for 'M87_SPACE_OBS' completed in 53.201 s
2025-04-08 13:39:30,755 - root - ERROR - Failed to calculate baseline projections: 'NoneType' object has no attribute 'get_observation_type'
2025-04-08 13:39:30,755 - root - ERROR - Failed to process request 'calculate' via execute: 'NoneType' object has no attribute 'get_observation_code'
2025-04-08 13:39:52,352 - root - INFO - Initialized Manipulator with 0 initial operations
2025-04-08 13:39:52,352 - root - INFO - Initialized Scheduling Configurator
2025-04-08 13:39:52,352 - root - INFO - Registered operation 'configure' with ScheduleConfigurator
2025-04-08 13:39:52,352 - root - INFO - Initialized Scheduling Inspector
2025-04-08 13:39:52,352 - root - INFO - Registered operation 'inspect' with ScheduleInspector
2025-04-08 13:39:52,352 - root - INFO - Initialized Scheduling Calculator
2025-04-08 13:39:52,352 - root - INFO - Registered operation 'calculate' with ScheduleCalculator
2025-04-08 13:39:52,352 - root - INFO - Initialized Scheduling Visualizer
2025-04-08 13:39:52,352 - root - INFO - Registered operation 'visualize' with ScheduleVisualizer
2025-04-08 13:39:52,352 - root - INFO - Initialized DefaultManipulator with default operations
2025-04-08 13:39:52,352 - root - INFO - Initialized project 'EHT_M87_SPACE_PROJECT' with 0 items
2025-04-08 13:39:52,352 - root - INFO - Set managing object of type 'ScheduleProject' in Manipulator
2025-04-08 13:39:52,352 - root - INFO - Set up test environment with Manipulator and Project
2025-04-08 13:39:52,352 - root - INFO - Supported operations: ['configure', 'inspect', 'calculate', 'visualize']
2025-04-08 13:39:52,352 - root - INFO - Initialized Source 'SOURCE_DEFAULT' at RA=0.0h0.0m0.0s, DEC=0.0d0.0m0.0s
2025-04-08 13:39:52,352 - root - INFO - Set source 'M87' with new coordinates RA=12h30m49.42s, DEC=12d23m28.0s
2025-04-08 13:39:52,352 - root - INFO - Applied set_source to Source, result=None
2025-04-08 13:39:52,352 - root - INFO - Set flux=1.2 Jy for frequency 86000.0 MHz on source 'M87'
2025-04-08 13:39:52,352 - root - INFO - Applied set_flux to Source, result=None
2025-04-08 13:39:52,367 - root - INFO - Successfully configured Source: name='M87'
2025-04-08 13:39:52,368 - root - INFO - Initialized Sources with 1 sources
2025-04-08 13:39:52,368 - root - INFO - Initialized Telescopes with 0 telescopes
2025-04-08 13:39:52,368 - root - INFO - Initialized Telescope 'TEMP' at (0.0, 0.0, 0.0) m, diameter=1.0 m
2025-04-08 13:39:52,368 - root - INFO - Initialized Telescope 'TEMP' at (0.0, 0.0, 0.0) m, diameter=1.0 m
2025-04-08 13:39:52,369 - root - INFO - Initialized Telescope 'TEMP' at (0.0, 0.0, 0.0) m, diameter=1.0 m
2025-04-08 13:39:52,369 - root - INFO - Initialized Telescope 'TEMP_SPACE' at (0.0, 0.0, 0.0) m, diameter=1.0 m
2025-04-08 13:39:53,708 - root - INFO - Loaded orbit data from 'final_orbit370.txt' with 99181 points
2025-04-08 13:39:53,729 - root - INFO - Initialized SpaceTelescope 'TEMP_SPACE' with orbit file 'final_orbit370.txt', diameter=1.0 m
2025-04-08 13:39:53,729 - root - INFO - Processing sequence of 4 requests
2025-04-08 13:39:53,729 - root - INFO - Set telescope 'ALMA' with new parameters
2025-04-08 13:39:53,730 - root - INFO - Applied set_telescope to Telescope, result=None
2025-04-08 13:39:53,730 - root - INFO - Successfully configured Telescope: code='ALMA'
2025-04-08 13:39:53,730 - root - INFO - Set telescope 'APEX' with new parameters
2025-04-08 13:39:53,730 - root - INFO - Applied set_telescope to Telescope, result=None
2025-04-08 13:39:53,730 - root - INFO - Successfully configured Telescope: code='APEX'
2025-04-08 13:39:53,730 - root - INFO - Set telescope 'SMT' with new parameters
2025-04-08 13:39:53,730 - root - INFO - Applied set_telescope to Telescope, result=None
2025-04-08 13:39:53,730 - root - INFO - Successfully configured Telescope: code='SMT'
2025-04-08 13:39:53,730 - root - INFO - Set telescope 'SPACE370' with new parameters
2025-04-08 13:39:55,078 - root - INFO - Loaded orbit data from 'final_orbit370.txt' with 99181 points
2025-04-08 13:39:55,078 - root - INFO - Set SpaceTelescope 'SPACE370' with use_kep=False, diameter=10.0 m
2025-04-08 13:39:55,079 - root - INFO - Applied set_telescope to SpaceTelescope, result=None
2025-04-08 13:39:55,079 - root - INFO - Successfully configured SpaceTelescope: code='SPACE370'
2025-04-08 13:39:55,079 - root - INFO - Added telescope 'ALMA' to Telescopes
2025-04-08 13:39:55,080 - root - INFO - Added telescope 'APEX' to Telescopes
2025-04-08 13:39:55,081 - root - INFO - Added telescope 'SMT' to Telescopes
2025-04-08 13:39:55,081 - root - INFO - Added telescope 'SPACE370' to Telescopes
2025-04-08 13:39:55,081 - root - INFO - Initialized IF with frequency=1000.0 MHz, bandwidth=16.0 MHz, polarizations=[]
2025-04-08 13:39:55,081 - root - INFO - Set IF frequency to 86000.0 MHz for IF
2025-04-08 13:39:55,081 - root - INFO - Applied set_frequency to IF, result=None
2025-04-08 13:39:55,081 - root - INFO - Set IF bandwidth to 4000.0 MHz for IF
2025-04-08 13:39:55,082 - root - INFO - Applied set_bandwidth to IF, result=None
2025-04-08 13:39:55,082 - root - INFO - Successfully configured IF: freq=86000.0, bw=4000.0
2025-04-08 13:39:55,082 - root - INFO - Initialized Frequencies with 1 IFs
2025-04-08 13:39:55,083 - root - INFO - Initialized Scan with start=2025-04-08T10:39:55.084, duration=1.0, OFF SOURCE
2025-04-08 13:39:55,083 - root - INFO - Set Scan with start=2031-03-10T00:00:00.000, duration=864000.0, source_index=0
2025-04-08 13:39:55,084 - root - INFO - Applied set_scan to Scan, result=None
2025-04-08 13:39:55,085 - root - INFO - Successfully configured Scan: start=2031-03-10T00:00:00.000, source_index=0
2025-04-08 13:39:55,085 - root - INFO - Initialized Scans with 1 scans
2025-04-08 13:39:55,085 - root - INFO - Initialized Sources with 0 sources
2025-04-08 13:39:55,085 - root - INFO - Initialized Telescopes with 0 telescopes
2025-04-08 13:39:55,086 - root - INFO - Initialized Frequencies with 0 IFs
2025-04-08 13:39:55,086 - root - INFO - Initialized Scans with 0 scans
2025-04-08 13:39:55,086 - root - INFO - Initialized Observation 'M87_SPACE_OBS' with type 'VLBI'
2025-04-08 13:39:55,086 - root - INFO - Initialized Sources with 0 sources
2025-04-08 13:39:55,086 - root - INFO - Initialized Telescopes with 0 telescopes
2025-04-08 13:39:55,087 - root - INFO - Initialized Frequencies with 0 IFs
2025-04-08 13:39:55,087 - root - INFO - Initialized Scans with 0 scans
2025-04-08 13:39:55,087 - root - INFO - Initialized Observation 'M87_SINGLE_DISH' with type 'SINGLE_DISH'
2025-04-08 13:39:55,087 - root - INFO - Initialized Telescopes with 2 telescopes
2025-04-08 13:39:55,087 - root - INFO - Initialized Scan with start=2031-03-10T00:00:00.000, duration=3600, source_index=0
2025-04-08 13:39:55,087 - root - INFO - Initialized Scans with 1 scans
2025-04-08 13:39:55,088 - root - INFO - Processing sequence of 2 requests
2025-04-08 13:39:55,088 - root - INFO - Set observation 'M87_SPACE_OBS' with type 'VLBI'
2025-04-08 13:39:55,088 - root - INFO - Applied set_observation to Observation, result=None
2025-04-08 13:39:55,089 - root - INFO - Initialized Telescopes with 4 telescopes
2025-04-08 13:39:55,889 - root - WARNING - No interpolated orbit data available for 'SPACE370' at 2031-03-10T00:00:00.000, falling back to raw orbit data
2025-04-08 13:39:55,889 - root - INFO - Initialized Telescopes with 4 telescopes
2025-04-08 13:39:55,889 - root - INFO - Observation 'M87_SPACE_OBS' validated successfully
2025-04-08 13:39:55,889 - root - INFO - Successfully configured Observation: code='M87_SPACE_OBS'
2025-04-08 13:39:55,889 - root - INFO - Set observation 'M87_SINGLE_DISH' with type 'SINGLE_DISH'
2025-04-08 13:39:55,889 - root - INFO - Applied set_observation to Observation, result=None
2025-04-08 13:39:55,889 - root - INFO - Initialized Telescopes with 2 telescopes
2025-04-08 13:39:55,889 - root - INFO - Initialized Telescopes with 2 telescopes
2025-04-08 13:39:55,889 - root - INFO - Observation 'M87_SINGLE_DISH' validated successfully
2025-04-08 13:39:55,889 - root - INFO - Successfully configured Observation: code='M87_SINGLE_DISH'
2025-04-08 13:39:55,889 - root - INFO - Added item to project 'EHT_M87_SPACE_PROJECT'
2025-04-08 13:39:55,889 - root - INFO - Added observation 'M87_SPACE_OBS' to project 'EHT_M87_SPACE_PROJECT'
2025-04-08 13:39:55,889 - root - INFO - Added item to project 'EHT_M87_SPACE_PROJECT'
2025-04-08 13:39:55,889 - root - INFO - Added observation 'M87_SINGLE_DISH' to project 'EHT_M87_SPACE_PROJECT'
2025-04-08 13:39:55,889 - root - INFO - Processing sequence of 2 requests
2025-04-08 13:39:55,896 - root - INFO - Recalculating 'uv_coverage_f0' for 'M87_SPACE_OBS' with recalculate=False
2025-04-08 13:39:55,896 - root - INFO - Recalculating 'source_visibility' for 'M87_SPACE_OBS' with recalculate=False
2025-04-08 13:39:55,898 - root - INFO - Calculating visibility for 1440 time points from 2031-03-10T00:00:00.000 to 2031-03-20T00:00:00.000
2025-04-08 13:39:55,899 - root - INFO - Recalculating 'telescope_positions' for 'M87_SPACE_OBS' with recalculate=False
2025-04-08 13:39:55,900 - root - INFO - Calculating telescope positions for 1440 time points from 2031-03-10T00:00:00.000 to 2031-03-20T00:00:00.000
2025-04-08 13:39:55,900 - root - INFO - Interpolating orbit for SPACE370
2025-04-08 13:39:55,902 - root - INFO - Interpolating orbit for 'SPACE370' from 2031-03-10T00:00:00.000 to 2031-03-20T00:00:00.000
2025-04-08 13:39:55,903 - root - INFO - Interpolated orbit for 'SPACE370' using linear from 2031-03-10T00:00:00.000 to 2031-03-20T00:00:00.000
2025-04-08 13:40:17,427 - root - INFO - Calculated telescope positions for 1 entries in 'M87_SPACE_OBS'
2025-04-08 13:40:17,427 - root - INFO - Stored calculated data 'telescope_positions' for observation 'M87_SPACE_OBS'
2025-04-08 13:40:17,427 - root - INFO - Calculation 'telescope_positions' for 'M87_SPACE_OBS' completed in 21.530 s
2025-04-08 13:40:45,395 - root - INFO - Stored calculated data 'source_visibility' for observation 'M87_SPACE_OBS'
2025-04-08 13:40:45,395 - root - INFO - Calculation 'source_visibility' for 'M87_SPACE_OBS' completed in 49.504 s
2025-04-08 13:40:45,395 - root - INFO - Retrieved calculated data 'telescope_positions' for observation 'M87_SPACE_OBS'
2025-04-08 13:40:45,395 - root - INFO - Using cached data for 'telescope_positions' in 'M87_SPACE_OBS'
2025-04-08 13:40:45,395 - root - INFO - Calculation 'telescope_positions' for 'M87_SPACE_OBS' completed in 0.001 s
2025-04-08 13:40:47,717 - root - INFO - Stored calculated data 'uv_coverage_f0' for observation 'M87_SPACE_OBS'
2025-04-08 13:40:47,717 - root - INFO - Calculation 'uv_coverage' for 'M87_SPACE_OBS' completed in 51.832 s
2025-04-08 13:40:47,717 - root - INFO - Recalculating 'baseline_projections_f0' for 'M87_SPACE_OBS' with recalculate=False
2025-04-08 13:40:47,717 - root - INFO - Retrieved calculated data 'uv_coverage_f0' for observation 'M87_SPACE_OBS'
2025-04-08 13:40:47,717 - root - INFO - Using cached data for 'uv_coverage_f0' in 'M87_SPACE_OBS'
2025-04-08 13:40:47,717 - root - INFO - Calculation 'uv_coverage' for 'M87_SPACE_OBS' completed in 0.000 s
2025-04-08 13:40:47,740 - root - INFO - Stored calculated data 'baseline_projections_f0' for observation 'M87_SPACE_OBS'
2025-04-08 13:40:47,740 - root - INFO - Calculation 'baseline_projections' for 'M87_SPACE_OBS' completed in 0.015 s
2025-04-08 13:40:47,744 - root - INFO - Processing sequence of 2 requests
2025-04-08 13:40:47,911 - root - INFO - Retrieved calculated data 'uv_coverage_f0' for observation 'M87_SPACE_OBS'
2025-04-08 13:40:48,658 - root - INFO - Visualization saved to 'uv_coverage_m87_space_with_conjugates.png'
2025-04-08 13:40:57,270 - root - INFO - Retrieved calculated data 'baseline_projections_f0' for observation 'M87_SPACE_OBS'
2025-04-08 13:40:58,865 - root - INFO - Visualization saved to 'baseline_projections_m87_space.png'
2025-04-08 13:50:12,139 - root - INFO - Initialized Manipulator with 0 initial operations
2025-04-08 13:50:12,154 - root - INFO - Initialized Scheduling Configurator
2025-04-08 13:50:12,155 - root - INFO - Registered operation 'configure' with ScheduleConfigurator
2025-04-08 13:50:12,155 - root - INFO - Initialized Scheduling Inspector
2025-04-08 13:50:12,155 - root - INFO - Registered operation 'inspect' with ScheduleInspector
2025-04-08 13:50:12,156 - root - INFO - Initialized Scheduling Calculator
2025-04-08 13:50:12,156 - root - INFO - Registered operation 'calculate' with ScheduleCalculator
2025-04-08 13:50:12,157 - root - INFO - Initialized Scheduling Visualizer
2025-04-08 13:50:12,158 - root - INFO - Registered operation 'visualize' with ScheduleVisualizer
2025-04-08 13:50:12,158 - root - INFO - Initialized DefaultManipulator with default operations
2025-04-08 13:50:12,158 - root - INFO - Initialized project 'EHT_M87_SPACE_PROJECT' with 0 items
2025-04-08 13:50:12,159 - root - INFO - Set managing object of type 'ScheduleProject' in Manipulator
2025-04-08 13:50:12,159 - root - INFO - Set up test environment with Manipulator and Project
2025-04-08 13:50:12,159 - root - INFO - Supported operations: ['configure', 'inspect', 'calculate', 'visualize']
2025-04-08 13:50:12,159 - root - INFO - Initialized Source 'SOURCE_DEFAULT' at RA=0.0h0.0m0.0s, DEC=0.0d0.0m0.0s
2025-04-08 13:50:12,160 - root - INFO - Set source 'M87' with new coordinates RA=12h30m49.42s, DEC=12d23m28.0s
2025-04-08 13:50:12,160 - root - INFO - Applied set_source to Source, result=None
2025-04-08 13:50:12,160 - root - INFO - Set flux=1.2 Jy for frequency 86000.0 MHz on source 'M87'
2025-04-08 13:50:12,161 - root - INFO - Applied set_flux to Source, result=None
2025-04-08 13:50:12,161 - root - INFO - Successfully configured Source: name='M87'
2025-04-08 13:50:12,161 - root - INFO - Initialized Sources with 1 sources
2025-04-08 13:50:12,161 - root - INFO - Initialized Telescopes with 0 telescopes
2025-04-08 13:50:12,162 - root - INFO - Initialized Telescope 'TEMP' at (0.0, 0.0, 0.0) m, diameter=1.0 m
2025-04-08 13:50:12,162 - root - INFO - Initialized Telescope 'TEMP' at (0.0, 0.0, 0.0) m, diameter=1.0 m
2025-04-08 13:50:12,162 - root - INFO - Initialized Telescope 'TEMP' at (0.0, 0.0, 0.0) m, diameter=1.0 m
2025-04-08 13:50:12,162 - root - INFO - Initialized Telescope 'TEMP_SPACE' at (0.0, 0.0, 0.0) m, diameter=1.0 m
2025-04-08 13:50:13,482 - root - INFO - Loaded orbit data from 'final_orbit370.txt' with 99181 points
2025-04-08 13:50:13,498 - root - INFO - Initialized SpaceTelescope 'TEMP_SPACE' with orbit file 'final_orbit370.txt', diameter=1.0 m
2025-04-08 13:50:13,498 - root - INFO - Processing sequence of 4 requests
2025-04-08 13:50:13,498 - root - INFO - Set telescope 'ALMA' with new parameters
2025-04-08 13:50:13,498 - root - INFO - Applied set_telescope to Telescope, result=None
2025-04-08 13:50:13,509 - root - INFO - Successfully configured Telescope: code='ALMA'
2025-04-08 13:50:13,509 - root - INFO - Set telescope 'APEX' with new parameters
2025-04-08 13:50:13,509 - root - INFO - Applied set_telescope to Telescope, result=None
2025-04-08 13:50:13,510 - root - INFO - Successfully configured Telescope: code='APEX'
2025-04-08 13:50:13,510 - root - INFO - Set telescope 'SMT' with new parameters
2025-04-08 13:50:13,510 - root - INFO - Applied set_telescope to Telescope, result=None
2025-04-08 13:50:13,511 - root - INFO - Successfully configured Telescope: code='SMT'
2025-04-08 13:50:13,511 - root - INFO - Set telescope 'SPACE370' with new parameters
2025-04-08 13:50:14,826 - root - INFO - Loaded orbit data from 'final_orbit370.txt' with 99181 points
2025-04-08 13:50:14,826 - root - INFO - Set SpaceTelescope 'SPACE370' with use_kep=False, diameter=10.0 m
2025-04-08 13:50:14,826 - root - INFO - Applied set_telescope to SpaceTelescope, result=None
2025-04-08 13:50:14,842 - root - INFO - Successfully configured SpaceTelescope: code='SPACE370'
2025-04-08 13:50:14,842 - root - INFO - Added telescope 'ALMA' to Telescopes
2025-04-08 13:50:14,842 - root - INFO - Added telescope 'APEX' to Telescopes
2025-04-08 13:50:14,842 - root - INFO - Added telescope 'SMT' to Telescopes
2025-04-08 13:50:14,842 - root - INFO - Added telescope 'SPACE370' to Telescopes
2025-04-08 13:50:14,842 - root - INFO - Initialized IF with frequency=1000.0 MHz, bandwidth=16.0 MHz, polarizations=[]
2025-04-08 13:50:14,842 - root - INFO - Set IF frequency to 86000.0 MHz for IF
2025-04-08 13:50:14,842 - root - INFO - Applied set_frequency to IF, result=None
2025-04-08 13:50:14,842 - root - INFO - Set IF bandwidth to 4000.0 MHz for IF
2025-04-08 13:50:14,842 - root - INFO - Applied set_bandwidth to IF, result=None
2025-04-08 13:50:14,842 - root - INFO - Successfully configured IF: freq=86000.0, bw=4000.0
2025-04-08 13:50:14,842 - root - INFO - Initialized Frequencies with 1 IFs
2025-04-08 13:50:14,842 - root - INFO - Initialized Scan with start=2025-04-08T10:50:14.842, duration=1.0, OFF SOURCE
2025-04-08 13:50:14,842 - root - INFO - Set Scan with start=2031-03-10T00:00:00.000, duration=864000.0, source_index=0
2025-04-08 13:50:14,842 - root - INFO - Applied set_scan to Scan, result=None
2025-04-08 13:50:14,842 - root - INFO - Successfully configured Scan: start=2031-03-10T00:00:00.000, source_index=0
2025-04-08 13:50:14,842 - root - INFO - Initialized Scans with 1 scans
2025-04-08 13:50:14,842 - root - INFO - Initialized Sources with 0 sources
2025-04-08 13:50:14,842 - root - INFO - Initialized Telescopes with 0 telescopes
2025-04-08 13:50:14,847 - root - INFO - Initialized Frequencies with 0 IFs
2025-04-08 13:50:14,847 - root - INFO - Initialized Scans with 0 scans
2025-04-08 13:50:14,848 - root - INFO - Initialized Observation 'M87_SPACE_OBS' with type 'VLBI'
2025-04-08 13:50:14,848 - root - INFO - Initialized Sources with 0 sources
2025-04-08 13:50:14,848 - root - INFO - Initialized Telescopes with 0 telescopes
2025-04-08 13:50:14,848 - root - INFO - Initialized Frequencies with 0 IFs
2025-04-08 13:50:14,848 - root - INFO - Initialized Scans with 0 scans
2025-04-08 13:50:14,849 - root - INFO - Initialized Observation 'M87_SINGLE_DISH' with type 'SINGLE_DISH'
2025-04-08 13:50:14,849 - root - INFO - Initialized Telescopes with 2 telescopes
2025-04-08 13:50:14,849 - root - INFO - Initialized Scan with start=2031-03-10T00:00:00.000, duration=3600, source_index=0
2025-04-08 13:50:14,849 - root - INFO - Initialized Scans with 1 scans
2025-04-08 13:50:14,849 - root - INFO - Processing sequence of 2 requests
2025-04-08 13:50:14,849 - root - INFO - Set observation 'M87_SPACE_OBS' with type 'VLBI'
2025-04-08 13:50:14,850 - root - INFO - Applied set_observation to Observation, result=None
2025-04-08 13:50:14,850 - root - INFO - Initialized Telescopes with 4 telescopes
2025-04-08 13:50:15,616 - root - WARNING - No interpolated orbit data available for 'SPACE370' at 2031-03-10T00:00:00.000, falling back to raw orbit data
2025-04-08 13:50:15,616 - root - INFO - Initialized Telescopes with 4 telescopes
2025-04-08 13:50:15,616 - root - INFO - Observation 'M87_SPACE_OBS' validated successfully
2025-04-08 13:50:15,616 - root - INFO - Successfully configured Observation: code='M87_SPACE_OBS'
2025-04-08 13:50:15,616 - root - INFO - Set observation 'M87_SINGLE_DISH' with type 'SINGLE_DISH'
2025-04-08 13:50:15,616 - root - INFO - Applied set_observation to Observation, result=None
2025-04-08 13:50:15,616 - root - INFO - Initialized Telescopes with 2 telescopes
2025-04-08 13:50:15,616 - root - INFO - Initialized Telescopes with 2 telescopes
2025-04-08 13:50:15,616 - root - INFO - Observation 'M87_SINGLE_DISH' validated successfully
2025-04-08 13:50:15,616 - root - INFO - Successfully configured Observation: code='M87_SINGLE_DISH'
2025-04-08 13:50:15,616 - root - INFO - Added item to project 'EHT_M87_SPACE_PROJECT'
2025-04-08 13:50:15,616 - root - INFO - Added observation 'M87_SPACE_OBS' to project 'EHT_M87_SPACE_PROJECT'
2025-04-08 13:50:15,616 - root - INFO - Added item to project 'EHT_M87_SPACE_PROJECT'
2025-04-08 13:50:15,616 - root - INFO - Added observation 'M87_SINGLE_DISH' to project 'EHT_M87_SPACE_PROJECT'
2025-04-08 13:50:15,616 - root - INFO - Processing sequence of 2 requests
2025-04-08 13:50:15,616 - root - INFO - Recalculating 'uv_coverage_f0' for 'M87_SPACE_OBS' with recalculate=False
2025-04-08 13:50:15,624 - root - ERROR - Failed to calculate visibility: cannot access local variable 'target' where it is not associated with a value
2025-04-08 13:50:15,624 - root - INFO - Calculation 'source_visibility' for 'M87_SPACE_OBS' completed in 0.000 s
2025-04-08 13:50:15,625 - root - INFO - Recalculating 'telescope_positions' for 'M87_SPACE_OBS' with recalculate=False
2025-04-08 13:50:15,626 - root - INFO - Calculating telescope positions for 1440 time points from 2031-03-10T00:00:00.000 to 2031-03-20T00:00:00.000
2025-04-08 13:50:15,626 - root - INFO - Interpolating orbit for SPACE370
2025-04-08 13:50:15,627 - root - INFO - Interpolating orbit for 'SPACE370' from 2031-03-10T00:00:00.000 to 2031-03-20T00:00:00.000
2025-04-08 13:50:15,628 - root - INFO - Interpolated orbit for 'SPACE370' using linear from 2031-03-10T00:00:00.000 to 2031-03-20T00:00:00.000
2025-04-08 13:50:34,420 - root - INFO - Calculated telescope positions for 1 entries in 'M87_SPACE_OBS'
2025-04-08 13:50:34,420 - root - INFO - Stored calculated data 'telescope_positions' for observation 'M87_SPACE_OBS'
2025-04-08 13:50:34,420 - root - INFO - Calculation 'telescope_positions' for 'M87_SPACE_OBS' completed in 18.801 s
2025-04-08 13:51:04,105 - root - INFO - Stored calculated data 'uv_coverage_f0' for observation 'M87_SPACE_OBS'
2025-04-08 13:51:04,105 - root - INFO - Calculation 'uv_coverage' for 'M87_SPACE_OBS' completed in 48.489 s
2025-04-08 13:51:04,105 - root - INFO - Recalculating 'baseline_projections_f0' for 'M87_SPACE_OBS' with recalculate=False
2025-04-08 13:51:04,105 - root - INFO - Retrieved calculated data 'uv_coverage_f0' for observation 'M87_SPACE_OBS'
2025-04-08 13:51:04,105 - root - INFO - Using cached data for 'uv_coverage_f0' in 'M87_SPACE_OBS'
2025-04-08 13:51:04,105 - root - INFO - Calculation 'uv_coverage' for 'M87_SPACE_OBS' completed in 0.001 s
2025-04-08 13:51:04,126 - root - INFO - Stored calculated data 'baseline_projections_f0' for observation 'M87_SPACE_OBS'
2025-04-08 13:51:04,126 - root - INFO - Calculation 'baseline_projections' for 'M87_SPACE_OBS' completed in 0.013 s
2025-04-08 13:51:04,127 - root - INFO - Processing sequence of 2 requests
2025-04-08 13:51:04,283 - root - INFO - Retrieved calculated data 'uv_coverage_f0' for observation 'M87_SPACE_OBS'
2025-04-08 13:51:04,963 - root - INFO - Visualization saved to 'uv_coverage_m87_space_with_conjugates.png'
2025-04-08 13:51:19,073 - root - INFO - Retrieved calculated data 'baseline_projections_f0' for observation 'M87_SPACE_OBS'
2025-04-08 13:51:20,401 - root - INFO - Visualization saved to 'baseline_projections_m87_space.png'
2025-04-08 13:54:10,115 - root - INFO - Initialized Manipulator with 0 initial operations
2025-04-08 13:54:10,131 - root - INFO - Initialized Scheduling Configurator
2025-04-08 13:54:10,131 - root - INFO - Registered operation 'configure' with ScheduleConfigurator
2025-04-08 13:54:10,131 - root - INFO - Initialized Scheduling Inspector
2025-04-08 13:54:10,131 - root - INFO - Registered operation 'inspect' with ScheduleInspector
2025-04-08 13:54:10,131 - root - INFO - Initialized Scheduling Calculator
2025-04-08 13:54:10,131 - root - INFO - Registered operation 'calculate' with ScheduleCalculator
2025-04-08 13:54:10,131 - root - INFO - Initialized Scheduling Visualizer
2025-04-08 13:54:10,131 - root - INFO - Registered operation 'visualize' with ScheduleVisualizer
2025-04-08 13:54:10,131 - root - INFO - Initialized DefaultManipulator with default operations
2025-04-08 13:54:10,131 - root - INFO - Initialized project 'EHT_M87_SPACE_PROJECT' with 0 items
2025-04-08 13:54:10,131 - root - INFO - Set managing object of type 'ScheduleProject' in Manipulator
2025-04-08 13:54:10,131 - root - INFO - Set up test environment with Manipulator and Project
2025-04-08 13:54:10,131 - root - INFO - Supported operations: ['configure', 'inspect', 'calculate', 'visualize']
2025-04-08 13:54:10,131 - root - INFO - Initialized Source 'SOURCE_DEFAULT' at RA=0.0h0.0m0.0s, DEC=0.0d0.0m0.0s
2025-04-08 13:54:10,131 - root - INFO - Set source 'M87' with new coordinates RA=12h30m49.42s, DEC=12d23m28.0s
2025-04-08 13:54:10,131 - root - INFO - Applied set_source to Source, result=None
2025-04-08 13:54:10,131 - root - INFO - Set flux=1.2 Jy for frequency 86000.0 MHz on source 'M87'
2025-04-08 13:54:10,131 - root - INFO - Applied set_flux to Source, result=None
2025-04-08 13:54:10,131 - root - INFO - Successfully configured Source: name='M87'
2025-04-08 13:54:10,131 - root - INFO - Initialized Sources with 1 sources
2025-04-08 13:54:10,131 - root - INFO - Initialized Telescopes with 0 telescopes
2025-04-08 13:54:10,131 - root - INFO - Initialized Telescope 'TEMP' at (0.0, 0.0, 0.0) m, diameter=1.0 m
2025-04-08 13:54:10,131 - root - INFO - Initialized Telescope 'TEMP' at (0.0, 0.0, 0.0) m, diameter=1.0 m
2025-04-08 13:54:10,137 - root - INFO - Initialized Telescope 'TEMP' at (0.0, 0.0, 0.0) m, diameter=1.0 m
2025-04-08 13:54:10,137 - root - INFO - Initialized Telescope 'TEMP_SPACE' at (0.0, 0.0, 0.0) m, diameter=1.0 m
2025-04-08 13:54:11,461 - root - INFO - Loaded orbit data from 'final_orbit370.txt' with 99181 points
2025-04-08 13:54:11,471 - root - INFO - Initialized SpaceTelescope 'TEMP_SPACE' with orbit file 'final_orbit370.txt', diameter=1.0 m
2025-04-08 13:54:11,472 - root - INFO - Processing sequence of 4 requests
2025-04-08 13:54:11,472 - root - INFO - Set telescope 'ALMA' with new parameters
2025-04-08 13:54:11,472 - root - INFO - Applied set_telescope to Telescope, result=None
2025-04-08 13:54:11,473 - root - INFO - Successfully configured Telescope: code='ALMA'
2025-04-08 13:54:11,473 - root - INFO - Set telescope 'APEX' with new parameters
2025-04-08 13:54:11,473 - root - INFO - Applied set_telescope to Telescope, result=None
2025-04-08 13:54:11,473 - root - INFO - Successfully configured Telescope: code='APEX'
2025-04-08 13:54:11,474 - root - INFO - Set telescope 'SMT' with new parameters
2025-04-08 13:54:11,474 - root - INFO - Applied set_telescope to Telescope, result=None
2025-04-08 13:54:11,474 - root - INFO - Successfully configured Telescope: code='SMT'
2025-04-08 13:54:11,475 - root - INFO - Set telescope 'SPACE370' with new parameters
2025-04-08 13:54:12,817 - root - INFO - Loaded orbit data from 'final_orbit370.txt' with 99181 points
2025-04-08 13:54:12,818 - root - INFO - Set SpaceTelescope 'SPACE370' with use_kep=False, diameter=10.0 m
2025-04-08 13:54:12,818 - root - INFO - Applied set_telescope to SpaceTelescope, result=None
2025-04-08 13:54:12,818 - root - INFO - Successfully configured SpaceTelescope: code='SPACE370'
2025-04-08 13:54:12,819 - root - INFO - Added telescope 'ALMA' to Telescopes
2025-04-08 13:54:12,819 - root - INFO - Added telescope 'APEX' to Telescopes
2025-04-08 13:54:12,819 - root - INFO - Added telescope 'SMT' to Telescopes
2025-04-08 13:54:12,819 - root - INFO - Added telescope 'SPACE370' to Telescopes
2025-04-08 13:54:12,820 - root - INFO - Initialized IF with frequency=1000.0 MHz, bandwidth=16.0 MHz, polarizations=[]
2025-04-08 13:54:12,820 - root - INFO - Set IF frequency to 86000.0 MHz for IF
2025-04-08 13:54:12,820 - root - INFO - Applied set_frequency to IF, result=None
2025-04-08 13:54:12,820 - root - INFO - Set IF bandwidth to 4000.0 MHz for IF
2025-04-08 13:54:12,821 - root - INFO - Applied set_bandwidth to IF, result=None
2025-04-08 13:54:12,821 - root - INFO - Successfully configured IF: freq=86000.0, bw=4000.0
2025-04-08 13:54:12,821 - root - INFO - Initialized Frequencies with 1 IFs
2025-04-08 13:54:12,821 - root - INFO - Initialized Scan with start=2025-04-08T10:54:12.822, duration=1.0, OFF SOURCE
2025-04-08 13:54:12,821 - root - INFO - Set Scan with start=2031-03-10T00:00:00.000, duration=864000.0, source_index=0
2025-04-08 13:54:12,821 - root - INFO - Applied set_scan to Scan, result=None
2025-04-08 13:54:12,823 - root - INFO - Successfully configured Scan: start=2031-03-10T00:00:00.000, source_index=0
2025-04-08 13:54:12,823 - root - INFO - Initialized Scans with 1 scans
2025-04-08 13:54:12,823 - root - INFO - Initialized Sources with 0 sources
2025-04-08 13:54:12,823 - root - INFO - Initialized Telescopes with 0 telescopes
2025-04-08 13:54:12,823 - root - INFO - Initialized Frequencies with 0 IFs
2025-04-08 13:54:12,823 - root - INFO - Initialized Scans with 0 scans
2025-04-08 13:54:12,824 - root - INFO - Initialized Observation 'M87_SPACE_OBS' with type 'VLBI'
2025-04-08 13:54:12,824 - root - INFO - Initialized Sources with 0 sources
2025-04-08 13:54:12,824 - root - INFO - Initialized Telescopes with 0 telescopes
2025-04-08 13:54:12,824 - root - INFO - Initialized Frequencies with 0 IFs
2025-04-08 13:54:12,824 - root - INFO - Initialized Scans with 0 scans
2025-04-08 13:54:12,825 - root - INFO - Initialized Observation 'M87_SINGLE_DISH' with type 'SINGLE_DISH'
2025-04-08 13:54:12,825 - root - INFO - Initialized Telescopes with 2 telescopes
2025-04-08 13:54:12,825 - root - INFO - Initialized Scan with start=2031-03-10T00:00:00.000, duration=3600, source_index=0
2025-04-08 13:54:12,825 - root - INFO - Initialized Scans with 1 scans
2025-04-08 13:54:12,825 - root - INFO - Processing sequence of 2 requests
2025-04-08 13:54:12,826 - root - INFO - Set observation 'M87_SPACE_OBS' with type 'VLBI'
2025-04-08 13:54:12,826 - root - INFO - Applied set_observation to Observation, result=None
2025-04-08 13:54:12,827 - root - INFO - Initialized Telescopes with 4 telescopes
2025-04-08 13:54:13,594 - root - WARNING - No interpolated orbit data available for 'SPACE370' at 2031-03-10T00:00:00.000, falling back to raw orbit data
2025-04-08 13:54:13,594 - root - INFO - Initialized Telescopes with 4 telescopes
2025-04-08 13:54:13,594 - root - INFO - Observation 'M87_SPACE_OBS' validated successfully
2025-04-08 13:54:13,594 - root - INFO - Successfully configured Observation: code='M87_SPACE_OBS'
2025-04-08 13:54:13,594 - root - INFO - Set observation 'M87_SINGLE_DISH' with type 'SINGLE_DISH'
2025-04-08 13:54:13,594 - root - INFO - Applied set_observation to Observation, result=None
2025-04-08 13:54:13,594 - root - INFO - Initialized Telescopes with 2 telescopes
2025-04-08 13:54:13,594 - root - INFO - Initialized Telescopes with 2 telescopes
2025-04-08 13:54:13,594 - root - INFO - Observation 'M87_SINGLE_DISH' validated successfully
2025-04-08 13:54:13,594 - root - INFO - Successfully configured Observation: code='M87_SINGLE_DISH'
2025-04-08 13:54:13,594 - root - INFO - Added item to project 'EHT_M87_SPACE_PROJECT'
2025-04-08 13:54:13,594 - root - INFO - Added observation 'M87_SPACE_OBS' to project 'EHT_M87_SPACE_PROJECT'
2025-04-08 13:54:13,594 - root - INFO - Added item to project 'EHT_M87_SPACE_PROJECT'
2025-04-08 13:54:13,594 - root - INFO - Added observation 'M87_SINGLE_DISH' to project 'EHT_M87_SPACE_PROJECT'
2025-04-08 13:54:13,594 - root - INFO - Processing sequence of 2 requests
2025-04-08 13:54:13,594 - root - INFO - Recalculating 'uv_coverage_f0' for 'M87_SPACE_OBS' with recalculate=False
2025-04-08 13:54:13,594 - root - ERROR - Failed to calculate visibility: cannot access local variable 'target' where it is not associated with a value
2025-04-08 13:54:13,594 - root - INFO - Calculation 'source_visibility' for 'M87_SPACE_OBS' completed in 0.000 s
2025-04-08 13:54:13,602 - root - INFO - Recalculating 'telescope_positions' for 'M87_SPACE_OBS' with recalculate=False
2025-04-08 13:54:13,604 - root - INFO - Calculating telescope positions for 1440 time points from 2031-03-10T00:00:00.000 to 2031-03-20T00:00:00.000
2025-04-08 13:54:13,604 - root - INFO - Interpolating orbit for SPACE370
2025-04-08 13:54:13,605 - root - INFO - Interpolating orbit for 'SPACE370' from 2031-03-10T00:00:00.000 to 2031-03-20T00:00:00.000
2025-04-08 13:54:13,607 - root - INFO - Interpolated orbit for 'SPACE370' using linear from 2031-03-10T00:00:00.000 to 2031-03-20T00:00:00.000
2025-04-08 13:54:32,241 - root - INFO - Calculated telescope positions for 1 entries in 'M87_SPACE_OBS'
2025-04-08 13:54:32,241 - root - INFO - Stored calculated data 'telescope_positions' for observation 'M87_SPACE_OBS'
2025-04-08 13:54:32,241 - root - INFO - Calculation 'telescope_positions' for 'M87_SPACE_OBS' completed in 18.650 s
2025-04-08 14:11:59,690 - root - INFO - Initialized Manipulator with 0 initial operations
2025-04-08 14:11:59,690 - root - INFO - Initialized Scheduling Configurator
2025-04-08 14:11:59,690 - root - INFO - Registered operation 'configure' with ScheduleConfigurator
2025-04-08 14:11:59,690 - root - INFO - Initialized Scheduling Inspector
2025-04-08 14:11:59,690 - root - INFO - Registered operation 'inspect' with ScheduleInspector
2025-04-08 14:11:59,690 - root - INFO - Initialized Scheduling Calculator
2025-04-08 14:11:59,690 - root - INFO - Registered operation 'calculate' with ScheduleCalculator
2025-04-08 14:11:59,690 - root - INFO - Initialized Scheduling Visualizer
2025-04-08 14:11:59,690 - root - INFO - Registered operation 'visualize' with ScheduleVisualizer
2025-04-08 14:11:59,690 - root - INFO - Initialized DefaultManipulator with default operations
2025-04-08 14:11:59,690 - root - INFO - Initialized project 'EHT_M87_SPACE_PROJECT' with 0 items
2025-04-08 14:11:59,690 - root - INFO - Set managing object of type 'ScheduleProject' in Manipulator
2025-04-08 14:11:59,690 - root - INFO - Set up test environment with Manipulator and Project
2025-04-08 14:11:59,690 - root - INFO - Supported operations: ['configure', 'inspect', 'calculate', 'visualize']
2025-04-08 14:11:59,690 - root - INFO - Initialized Source 'SOURCE_DEFAULT' at RA=0.0h0.0m0.0s, DEC=0.0d0.0m0.0s
2025-04-08 14:11:59,690 - root - INFO - Set source 'M87' with new coordinates RA=12h30m49.42s, DEC=12d23m28.0s
2025-04-08 14:11:59,690 - root - INFO - Applied set_source to Source, result=None
2025-04-08 14:11:59,690 - root - INFO - Set flux=1.2 Jy for frequency 86000.0 MHz on source 'M87'
2025-04-08 14:11:59,690 - root - INFO - Applied set_flux to Source, result=None
2025-04-08 14:11:59,690 - root - INFO - Successfully configured Source: name='M87'
2025-04-08 14:11:59,690 - root - INFO - Initialized Sources with 1 sources
2025-04-08 14:11:59,690 - root - INFO - Initialized Telescopes with 0 telescopes
2025-04-08 14:11:59,690 - root - INFO - Initialized Telescope 'TEMP' at (0.0, 0.0, 0.0) m, diameter=1.0 m
2025-04-08 14:11:59,690 - root - INFO - Initialized Telescope 'TEMP' at (0.0, 0.0, 0.0) m, diameter=1.0 m
2025-04-08 14:11:59,690 - root - INFO - Initialized Telescope 'TEMP' at (0.0, 0.0, 0.0) m, diameter=1.0 m
2025-04-08 14:11:59,690 - root - INFO - Initialized Telescope 'TEMP_SPACE' at (0.0, 0.0, 0.0) m, diameter=1.0 m
2025-04-08 14:12:01,261 - root - INFO - Loaded orbit data from 'final_orbit370.txt' with 99181 points
2025-04-08 14:12:01,261 - root - INFO - Initialized SpaceTelescope 'TEMP_SPACE' with orbit file 'final_orbit370.txt', diameter=1.0 m
2025-04-08 14:12:01,261 - root - INFO - Processing sequence of 4 requests
2025-04-08 14:12:01,277 - root - INFO - Set telescope 'ALMA' with new parameters
2025-04-08 14:12:01,277 - root - INFO - Applied set_telescope to Telescope, result=None
2025-04-08 14:12:01,277 - root - INFO - Successfully configured Telescope: code='ALMA'
2025-04-08 14:12:01,278 - root - INFO - Set telescope 'APEX' with new parameters
2025-04-08 14:12:01,278 - root - INFO - Applied set_telescope to Telescope, result=None
2025-04-08 14:12:01,278 - root - INFO - Successfully configured Telescope: code='APEX'
2025-04-08 14:12:01,279 - root - INFO - Set telescope 'SMT' with new parameters
2025-04-08 14:12:01,279 - root - INFO - Applied set_telescope to Telescope, result=None
2025-04-08 14:12:01,279 - root - INFO - Successfully configured Telescope: code='SMT'
2025-04-08 14:12:01,280 - root - INFO - Set telescope 'SPACE370' with new parameters
2025-04-08 14:12:02,761 - root - INFO - Loaded orbit data from 'final_orbit370.txt' with 99181 points
2025-04-08 14:12:02,761 - root - INFO - Set SpaceTelescope 'SPACE370' with use_kep=False, diameter=10.0 m
2025-04-08 14:12:02,761 - root - INFO - Applied set_telescope to SpaceTelescope, result=None
2025-04-08 14:12:02,761 - root - INFO - Successfully configured SpaceTelescope: code='SPACE370'
2025-04-08 14:12:02,761 - root - INFO - Added telescope 'ALMA' to Telescopes
2025-04-08 14:12:02,761 - root - INFO - Added telescope 'APEX' to Telescopes
2025-04-08 14:12:02,761 - root - INFO - Added telescope 'SMT' to Telescopes
2025-04-08 14:12:02,761 - root - INFO - Added telescope 'SPACE370' to Telescopes
2025-04-08 14:12:02,761 - root - INFO - Initialized IF with frequency=1000.0 MHz, bandwidth=16.0 MHz, polarizations=[]
2025-04-08 14:12:02,761 - root - INFO - Set IF frequency to 86000.0 MHz for IF
2025-04-08 14:12:02,761 - root - INFO - Applied set_frequency to IF, result=None
2025-04-08 14:12:02,761 - root - INFO - Set IF bandwidth to 4000.0 MHz for IF
2025-04-08 14:12:02,761 - root - INFO - Applied set_bandwidth to IF, result=None
2025-04-08 14:12:02,761 - root - INFO - Successfully configured IF: freq=86000.0, bw=4000.0
2025-04-08 14:12:02,761 - root - INFO - Initialized Frequencies with 1 IFs
2025-04-08 14:12:02,761 - root - INFO - Initialized Scan with start=2025-04-08T11:12:02.761, duration=1.0, OFF SOURCE
2025-04-08 14:12:02,761 - root - INFO - Set Scan with start=2031-03-10T00:00:00.000, duration=864000.0, source_index=0
2025-04-08 14:12:02,761 - root - INFO - Applied set_scan to Scan, result=None
2025-04-08 14:12:02,761 - root - INFO - Successfully configured Scan: start=2031-03-10T00:00:00.000, source_index=0
2025-04-08 14:12:02,761 - root - INFO - Initialized Scans with 1 scans
2025-04-08 14:12:02,761 - root - INFO - Initialized Sources with 0 sources
2025-04-08 14:12:02,761 - root - INFO - Initialized Telescopes with 0 telescopes
2025-04-08 14:12:02,776 - root - INFO - Initialized Frequencies with 0 IFs
2025-04-08 14:12:02,776 - root - INFO - Initialized Scans with 0 scans
2025-04-08 14:12:02,776 - root - INFO - Initialized Observation 'M87_SPACE_OBS' with type 'VLBI'
2025-04-08 14:12:02,776 - root - INFO - Initialized Sources with 0 sources
2025-04-08 14:12:02,776 - root - INFO - Initialized Telescopes with 0 telescopes
2025-04-08 14:12:02,778 - root - INFO - Initialized Frequencies with 0 IFs
2025-04-08 14:12:02,778 - root - INFO - Initialized Scans with 0 scans
2025-04-08 14:12:02,778 - root - INFO - Initialized Observation 'M87_SINGLE_DISH' with type 'SINGLE_DISH'
2025-04-08 14:12:02,778 - root - INFO - Initialized Telescopes with 2 telescopes
2025-04-08 14:12:02,778 - root - INFO - Initialized Scan with start=2031-03-10T00:00:00.000, duration=3600, source_index=0
2025-04-08 14:12:02,778 - root - INFO - Initialized Scans with 1 scans
2025-04-08 14:12:02,778 - root - INFO - Processing sequence of 2 requests
2025-04-08 14:12:02,779 - root - INFO - Set observation 'M87_SPACE_OBS' with type 'VLBI'
2025-04-08 14:12:02,779 - root - INFO - Applied set_observation to Observation, result=None
2025-04-08 14:12:02,780 - root - INFO - Initialized Telescopes with 4 telescopes
2025-04-08 14:12:03,564 - root - WARNING - No interpolated orbit data available for 'SPACE370' at 2031-03-10T00:00:00.000, falling back to raw orbit data
2025-04-08 14:12:03,564 - root - INFO - Initialized Telescopes with 4 telescopes
2025-04-08 14:12:03,564 - root - INFO - Observation 'M87_SPACE_OBS' validated successfully
2025-04-08 14:12:03,564 - root - INFO - Successfully configured Observation: code='M87_SPACE_OBS'
2025-04-08 14:12:03,564 - root - INFO - Set observation 'M87_SINGLE_DISH' with type 'SINGLE_DISH'
2025-04-08 14:12:03,564 - root - INFO - Applied set_observation to Observation, result=None
2025-04-08 14:12:03,564 - root - INFO - Initialized Telescopes with 2 telescopes
2025-04-08 14:12:03,564 - root - INFO - Initialized Telescopes with 2 telescopes
2025-04-08 14:12:03,564 - root - INFO - Observation 'M87_SINGLE_DISH' validated successfully
2025-04-08 14:12:03,564 - root - INFO - Successfully configured Observation: code='M87_SINGLE_DISH'
2025-04-08 14:12:03,564 - root - INFO - Added item to project 'EHT_M87_SPACE_PROJECT'
2025-04-08 14:12:03,564 - root - INFO - Added observation 'M87_SPACE_OBS' to project 'EHT_M87_SPACE_PROJECT'
2025-04-08 14:12:03,564 - root - INFO - Added item to project 'EHT_M87_SPACE_PROJECT'
2025-04-08 14:12:03,564 - root - INFO - Added observation 'M87_SINGLE_DISH' to project 'EHT_M87_SPACE_PROJECT'
2025-04-08 14:12:03,564 - root - INFO - Processing sequence of 2 requests
2025-04-08 14:12:03,564 - root - INFO - Recalculating 'uv_coverage_f0' for 'M87_SPACE_OBS' with recalculate=False
2025-04-08 14:12:03,564 - root - INFO - Recalculating 'source_visibility' for 'M87_SPACE_OBS' with recalculate=False
2025-04-08 14:12:03,564 - root - INFO - Recalculating 'telescope_positions' for 'M87_SPACE_OBS' with recalculate=False
2025-04-08 14:12:03,578 - root - INFO - Interpolating orbit for SPACE370
2025-04-08 14:12:03,579 - root - INFO - Interpolating orbit for 'SPACE370' from 2031-03-10T00:00:00.000 to 2031-03-20T00:00:00.000
2025-04-08 14:12:03,580 - root - INFO - Interpolated orbit for 'SPACE370' using linear from 2031-03-10T00:00:00.000 to 2031-03-20T00:00:00.000
2025-04-08 14:12:23,978 - root - INFO - Calculated telescope positions for 1 scans in 'M87_SPACE_OBS'
2025-04-08 14:12:23,978 - root - INFO - Stored calculated data 'telescope_positions' for observation 'M87_SPACE_OBS'
2025-04-08 14:12:23,994 - root - INFO - Calculation 'telescope_positions' for 'M87_SPACE_OBS' completed in 20.416 s
2025-04-08 14:12:23,994 - root - INFO - Processing visibility for scan 0: 4 telescopes
2025-04-08 14:13:03,087 - root - INFO - Stored calculated data 'source_visibility' for observation 'M87_SPACE_OBS'
2025-04-08 14:13:03,087 - root - INFO - Calculation 'source_visibility' for 'M87_SPACE_OBS' completed in 59.525 s
2025-04-08 14:13:03,087 - root - INFO - Retrieved calculated data 'telescope_positions' for observation 'M87_SPACE_OBS'
2025-04-08 14:13:03,087 - root - INFO - Using cached data for 'telescope_positions' in 'M87_SPACE_OBS'
2025-04-08 14:13:03,103 - root - INFO - Calculation 'telescope_positions' for 'M87_SPACE_OBS' completed in 0.001 s
2025-04-08 14:13:05,397 - root - INFO - Stored calculated data 'uv_coverage_f0' for observation 'M87_SPACE_OBS'
2025-04-08 14:13:05,397 - root - INFO - Calculation 'uv_coverage' for 'M87_SPACE_OBS' completed in 61.821 s
2025-04-08 14:13:05,397 - root - INFO - Recalculating 'baseline_projections_f0' for 'M87_SPACE_OBS' with recalculate=False
2025-04-08 14:13:05,397 - root - INFO - Retrieved calculated data 'uv_coverage_f0' for observation 'M87_SPACE_OBS'
2025-04-08 14:13:05,397 - root - INFO - Using cached data for 'uv_coverage_f0' in 'M87_SPACE_OBS'
2025-04-08 14:13:05,397 - root - INFO - Calculation 'uv_coverage' for 'M87_SPACE_OBS' completed in 0.000 s
2025-04-08 14:13:05,412 - root - INFO - Stored calculated data 'baseline_projections_f0' for observation 'M87_SPACE_OBS'
2025-04-08 14:13:05,413 - root - INFO - Calculation 'baseline_projections' for 'M87_SPACE_OBS' completed in 0.015 s
2025-04-08 14:13:05,413 - root - INFO - Processing sequence of 2 requests
2025-04-08 14:13:05,579 - root - INFO - Retrieved calculated data 'uv_coverage_f0' for observation 'M87_SPACE_OBS'
2025-04-08 14:13:06,269 - root - INFO - Visualization saved to 'uv_coverage_m87_space_with_conjugates.png'
2025-04-08 14:13:26,559 - root - INFO - Retrieved calculated data 'baseline_projections_f0' for observation 'M87_SPACE_OBS'
2025-04-08 14:13:28,201 - root - INFO - Visualization saved to 'baseline_projections_m87_space.png'
2025-04-08 14:45:24,188 - root - INFO - Initialized Manipulator with 0 initial operations
2025-04-08 14:45:24,188 - root - INFO - Initialized Scheduling Configurator
2025-04-08 14:45:24,188 - root - INFO - Registered operation 'configure' with ScheduleConfigurator
2025-04-08 14:45:24,188 - root - INFO - Initialized Scheduling Inspector
2025-04-08 14:45:24,188 - root - INFO - Registered operation 'inspect' with ScheduleInspector
2025-04-08 14:45:24,188 - root - INFO - Initialized Scheduling Calculator
2025-04-08 14:45:24,188 - root - INFO - Registered operation 'calculate' with ScheduleCalculator
2025-04-08 14:45:24,188 - root - INFO - Initialized Scheduling Visualizer
2025-04-08 14:45:24,188 - root - INFO - Registered operation 'visualize' with ScheduleVisualizer
2025-04-08 14:45:24,188 - root - INFO - Initialized DefaultManipulator with default operations
2025-04-08 14:45:24,188 - root - INFO - Initialized project 'EHT_M87_SPACE_PROJECT' with 0 items
2025-04-08 14:45:24,188 - root - INFO - Set managing object of type 'ScheduleProject' in Manipulator
2025-04-08 14:45:24,188 - root - INFO - Set up test environment with Manipulator and Project
2025-04-08 14:45:24,188 - root - INFO - Supported operations: ['configure', 'inspect', 'calculate', 'visualize']
2025-04-08 14:45:24,188 - root - INFO - Initialized Source 'SOURCE_DEFAULT' at RA=0.0h0.0m0.0s, DEC=0.0d0.0m0.0s
2025-04-08 14:45:24,188 - root - INFO - Set source 'M87' with new coordinates RA=12h30m49.42s, DEC=12d23m28.0s
2025-04-08 14:45:24,188 - root - INFO - Applied set_source to Source, result=None
2025-04-08 14:45:24,188 - root - INFO - Set flux=1.2 Jy for frequency 86000.0 MHz on source 'M87'
2025-04-08 14:45:24,188 - root - INFO - Applied set_flux to Source, result=None
2025-04-08 14:45:24,188 - root - INFO - Successfully configured Source: name='M87'
2025-04-08 14:45:24,188 - root - INFO - Initialized Sources with 1 sources
2025-04-08 14:45:24,188 - root - INFO - Initialized Telescopes with 0 telescopes
2025-04-08 14:45:24,188 - root - INFO - Initialized Telescope 'TEMP' at (0.0, 0.0, 0.0) m, diameter=1.0 m
2025-04-08 14:45:24,188 - root - INFO - Initialized Telescope 'TEMP' at (0.0, 0.0, 0.0) m, diameter=1.0 m
2025-04-08 14:45:24,188 - root - INFO - Initialized Telescope 'TEMP' at (0.0, 0.0, 0.0) m, diameter=1.0 m
2025-04-08 14:45:24,188 - root - INFO - Initialized Telescope 'TEMP_SPACE' at (0.0, 0.0, 0.0) m, diameter=1.0 m
2025-04-08 14:45:25,980 - root - INFO - Loaded orbit data from 'final_orbit370.txt' with 99181 points
2025-04-08 14:45:25,991 - root - INFO - Initialized SpaceTelescope 'TEMP_SPACE' with orbit file 'final_orbit370.txt', diameter=1.0 m
2025-04-08 14:45:25,992 - root - INFO - Processing sequence of 4 requests
2025-04-08 14:45:25,992 - root - INFO - Set telescope 'ALMA' with new parameters
2025-04-08 14:45:25,993 - root - INFO - Applied set_telescope to Telescope, result=None
2025-04-08 14:45:25,993 - root - INFO - Successfully configured Telescope: code='ALMA'
2025-04-08 14:45:25,994 - root - INFO - Set telescope 'APEX' with new parameters
2025-04-08 14:45:25,994 - root - INFO - Applied set_telescope to Telescope, result=None
2025-04-08 14:45:25,994 - root - INFO - Successfully configured Telescope: code='APEX'
2025-04-08 14:45:25,994 - root - INFO - Set telescope 'SMT' with new parameters
2025-04-08 14:45:25,995 - root - INFO - Applied set_telescope to Telescope, result=None
2025-04-08 14:45:25,995 - root - INFO - Successfully configured Telescope: code='SMT'
2025-04-08 14:45:25,995 - root - INFO - Set telescope 'SPACE370' with new parameters
2025-04-08 14:45:27,507 - root - INFO - Loaded orbit data from 'final_orbit370.txt' with 99181 points
2025-04-08 14:45:27,507 - root - INFO - Set SpaceTelescope 'SPACE370' with use_kep=False, diameter=10.0 m
2025-04-08 14:45:27,507 - root - INFO - Applied set_telescope to SpaceTelescope, result=None
2025-04-08 14:45:27,508 - root - INFO - Successfully configured SpaceTelescope: code='SPACE370'
2025-04-08 14:45:27,508 - root - INFO - Added telescope 'ALMA' to Telescopes
2025-04-08 14:45:27,508 - root - INFO - Added telescope 'APEX' to Telescopes
2025-04-08 14:45:27,509 - root - INFO - Added telescope 'SMT' to Telescopes
2025-04-08 14:45:27,509 - root - INFO - Added telescope 'SPACE370' to Telescopes
2025-04-08 14:45:27,509 - root - INFO - Initialized IF with frequency=1000.0 MHz, bandwidth=16.0 MHz, polarizations=[]
2025-04-08 14:45:27,510 - root - INFO - Set IF frequency to 86000.0 MHz for IF
2025-04-08 14:45:27,510 - root - INFO - Applied set_frequency to IF, result=None
2025-04-08 14:45:27,510 - root - INFO - Set IF bandwidth to 4000.0 MHz for IF
2025-04-08 14:45:27,510 - root - INFO - Applied set_bandwidth to IF, result=None
2025-04-08 14:45:27,511 - root - INFO - Successfully configured IF: freq=86000.0, bw=4000.0
2025-04-08 14:45:27,511 - root - INFO - Initialized Frequencies with 1 IFs
2025-04-08 14:45:27,512 - root - INFO - Initialized Scan with start=2025-04-08T11:45:27.513, duration=1.0, OFF SOURCE
2025-04-08 14:45:27,512 - root - INFO - Set Scan with start=2031-03-10T00:00:00.000, duration=864000.0, source_index=0
2025-04-08 14:45:27,513 - root - INFO - Applied set_scan to Scan, result=None
2025-04-08 14:45:27,513 - root - INFO - Successfully configured Scan: start=2031-03-10T00:00:00.000, source_index=0
2025-04-08 14:45:27,514 - root - INFO - Initialized Scans with 1 scans
2025-04-08 14:45:27,514 - root - INFO - Initialized Sources with 0 sources
2025-04-08 14:45:27,514 - root - INFO - Initialized Telescopes with 0 telescopes
2025-04-08 14:45:27,514 - root - INFO - Initialized Frequencies with 0 IFs
2025-04-08 14:45:27,515 - root - INFO - Initialized Scans with 0 scans
2025-04-08 14:45:27,515 - root - INFO - Initialized Observation 'M87_SPACE_OBS' with type 'VLBI'
2025-04-08 14:45:27,515 - root - INFO - Initialized Sources with 0 sources
2025-04-08 14:45:27,515 - root - INFO - Initialized Telescopes with 0 telescopes
2025-04-08 14:45:27,516 - root - INFO - Initialized Frequencies with 0 IFs
2025-04-08 14:45:27,516 - root - INFO - Initialized Scans with 0 scans
2025-04-08 14:45:27,516 - root - INFO - Initialized Observation 'M87_SINGLE_DISH' with type 'SINGLE_DISH'
2025-04-08 14:45:27,517 - root - INFO - Initialized Telescopes with 2 telescopes
2025-04-08 14:45:27,517 - root - INFO - Initialized Scan with start=2031-03-10T00:00:00.000, duration=3600, source_index=0
2025-04-08 14:45:27,517 - root - INFO - Initialized Scans with 1 scans
2025-04-08 14:45:27,518 - root - INFO - Processing sequence of 2 requests
2025-04-08 14:45:27,518 - root - INFO - Set observation 'M87_SPACE_OBS' with type 'VLBI'
2025-04-08 14:45:27,518 - root - INFO - Applied set_observation to Observation, result=None
2025-04-08 14:45:27,520 - root - INFO - Initialized Telescopes with 4 telescopes
2025-04-08 14:45:28,562 - root - WARNING - No interpolated orbit data available for 'SPACE370' at 2031-03-10T00:00:00.000, falling back to raw orbit data
2025-04-08 14:45:28,563 - root - INFO - Initialized Telescopes with 4 telescopes
2025-04-08 14:45:28,563 - root - INFO - Observation 'M87_SPACE_OBS' validated successfully
2025-04-08 14:45:28,563 - root - INFO - Successfully configured Observation: code='M87_SPACE_OBS'
2025-04-08 14:45:28,563 - root - INFO - Set observation 'M87_SINGLE_DISH' with type 'SINGLE_DISH'
2025-04-08 14:45:28,564 - root - INFO - Applied set_observation to Observation, result=None
2025-04-08 14:45:28,564 - root - INFO - Initialized Telescopes with 2 telescopes
2025-04-08 14:45:28,565 - root - INFO - Initialized Telescopes with 2 telescopes
2025-04-08 14:45:28,565 - root - INFO - Observation 'M87_SINGLE_DISH' validated successfully
2025-04-08 14:45:28,566 - root - INFO - Successfully configured Observation: code='M87_SINGLE_DISH'
2025-04-08 14:45:28,566 - root - INFO - Added item to project 'EHT_M87_SPACE_PROJECT'
2025-04-08 14:45:28,566 - root - INFO - Added observation 'M87_SPACE_OBS' to project 'EHT_M87_SPACE_PROJECT'
2025-04-08 14:45:28,566 - root - INFO - Added item to project 'EHT_M87_SPACE_PROJECT'
2025-04-08 14:45:28,566 - root - INFO - Added observation 'M87_SINGLE_DISH' to project 'EHT_M87_SPACE_PROJECT'
2025-04-08 14:45:28,567 - root - INFO - Processing sequence of 2 requests
2025-04-08 14:45:28,567 - root - INFO - Recalculating 'uv_coverage_f0' for 'M87_SPACE_OBS' with recalculate=False
2025-04-08 14:45:28,567 - root - INFO - Recalculating 'source_visibility' for 'M87_SPACE_OBS' with recalculate=False
2025-04-08 14:45:28,568 - root - INFO - Recalculating 'telescope_positions' for 'M87_SPACE_OBS' with recalculate=False
2025-04-08 14:45:28,569 - root - INFO - Interpolating orbit for SPACE370
2025-04-08 14:45:28,570 - root - INFO - Interpolating orbit for 'SPACE370' from 2031-03-10T00:00:00.000 to 2031-03-20T00:00:00.000
2025-04-08 14:45:28,571 - root - INFO - Interpolated orbit for 'SPACE370' using linear from 2031-03-10T00:00:00.000 to 2031-03-20T00:00:00.000
2025-04-08 14:45:51,987 - root - INFO - Calculated telescope positions for 1 scans in 'M87_SPACE_OBS'
2025-04-08 14:45:51,988 - root - INFO - Stored calculated data 'telescope_positions' for observation 'M87_SPACE_OBS'
2025-04-08 14:45:51,988 - root - INFO - Calculation 'telescope_positions' for 'M87_SPACE_OBS' completed in 23.421 s
2025-04-08 14:45:51,988 - root - INFO - Processing visibility for scan 0: 4 telescopes
2025-04-08 14:46:33,587 - root - INFO - Stored calculated data 'source_visibility' for observation 'M87_SPACE_OBS'
2025-04-08 14:46:33,587 - root - INFO - Calculation 'source_visibility' for 'M87_SPACE_OBS' completed in 65.033 s
2025-04-08 14:46:33,587 - root - INFO - Retrieved calculated data 'telescope_positions' for observation 'M87_SPACE_OBS'
2025-04-08 14:46:33,587 - root - INFO - Using cached data for 'telescope_positions' in 'M87_SPACE_OBS'
2025-04-08 14:46:33,587 - root - INFO - Calculation 'telescope_positions' for 'M87_SPACE_OBS' completed in 0.001 s
2025-04-08 14:46:36,070 - root - INFO - Stored calculated data 'uv_coverage_f0' for observation 'M87_SPACE_OBS'
2025-04-08 14:46:36,070 - root - INFO - Calculation 'uv_coverage' for 'M87_SPACE_OBS' completed in 67.514 s
2025-04-08 14:46:36,070 - root - INFO - Recalculating 'baseline_projections_f0' for 'M87_SPACE_OBS' with recalculate=False
2025-04-08 14:46:36,070 - root - INFO - Retrieved calculated data 'uv_coverage_f0' for observation 'M87_SPACE_OBS'
2025-04-08 14:46:36,070 - root - INFO - Using cached data for 'uv_coverage_f0' in 'M87_SPACE_OBS'
2025-04-08 14:46:36,070 - root - INFO - Calculation 'uv_coverage' for 'M87_SPACE_OBS' completed in 0.000 s
2025-04-08 14:46:36,085 - root - INFO - Stored calculated data 'baseline_projections_f0' for observation 'M87_SPACE_OBS'
2025-04-08 14:46:36,085 - root - INFO - Calculation 'baseline_projections' for 'M87_SPACE_OBS' completed in 0.014 s
2025-04-08 14:46:36,085 - root - INFO - Processing sequence of 2 requests
2025-04-08 14:46:36,277 - root - INFO - Retrieved calculated data 'uv_coverage_f0' for observation 'M87_SPACE_OBS'
2025-04-08 14:46:37,021 - root - INFO - Visualization saved to 'uv_coverage_m87_space_with_conjugates.png'
2025-04-08 14:48:14,635 - root - INFO - Retrieved calculated data 'baseline_projections_f0' for observation 'M87_SPACE_OBS'
2025-04-08 14:48:16,312 - root - INFO - Visualization saved to 'baseline_projections_m87_space.png'
2025-04-08 16:15:43,344 - root - INFO - Initialized Manipulator with 0 initial operations
2025-04-08 16:15:43,344 - root - INFO - Initialized Scheduling Configurator
2025-04-08 16:15:43,344 - root - INFO - Registered operation 'configure' with ScheduleConfigurator
2025-04-08 16:15:43,345 - root - INFO - Initialized Scheduling Inspector
2025-04-08 16:15:43,345 - root - INFO - Registered operation 'inspect' with ScheduleInspector
2025-04-08 16:15:43,345 - root - INFO - Initialized Scheduling Calculator
2025-04-08 16:15:43,345 - root - INFO - Registered operation 'calculate' with ScheduleCalculator
2025-04-08 16:15:43,345 - root - INFO - Initialized Scheduling Visualizer
2025-04-08 16:15:43,345 - root - INFO - Registered operation 'visualize' with ScheduleVisualizer
2025-04-08 16:15:43,345 - root - INFO - Initialized DefaultManipulator with default operations
2025-04-08 16:15:43,345 - root - INFO - Initialized project 'EHT_M87_SPACE_PROJECT' with 0 items
2025-04-08 16:15:43,345 - root - INFO - Set managing object of type 'ScheduleProject' in Manipulator
2025-04-08 16:15:43,345 - root - INFO - Set up test environment with Manipulator and Project
2025-04-08 16:15:43,346 - root - INFO - Supported operations: ['configure', 'inspect', 'calculate', 'visualize']
2025-04-08 16:15:43,346 - root - INFO - Initialized Source 'SOURCE_DEFAULT' at RA=0.0h0.0m0.0s, DEC=0.0d0.0m0.0s
2025-04-08 16:15:43,346 - root - INFO - Set source 'M87' with new coordinates RA=12h30m49.42s, DEC=12d23m28.0s
2025-04-08 16:15:43,346 - root - INFO - Applied set_source to Source, result=None
2025-04-08 16:15:43,346 - root - INFO - Set flux=1.2 Jy for frequency 86000.0 MHz on source 'M87'
2025-04-08 16:15:43,346 - root - INFO - Applied set_flux to Source, result=None
2025-04-08 16:15:43,346 - root - INFO - Successfully configured Source: name='M87'
2025-04-08 16:15:43,346 - root - INFO - Initialized Sources with 1 sources
2025-04-08 16:15:43,346 - root - INFO - Initialized Telescopes with 0 telescopes
2025-04-08 16:15:43,346 - root - INFO - Initialized Telescope 'TEMP' at (0.0, 0.0, 0.0) m, diameter=1.0 m
2025-04-08 16:15:43,346 - root - INFO - Initialized Telescope 'TEMP' at (0.0, 0.0, 0.0) m, diameter=1.0 m
2025-04-08 16:15:43,347 - root - INFO - Initialized Telescope 'TEMP' at (0.0, 0.0, 0.0) m, diameter=1.0 m
2025-04-08 16:15:43,347 - root - INFO - Initialized Telescope 'TEMP_SPACE' at (0.0, 0.0, 0.0) m, diameter=1.0 m
2025-04-08 16:15:43,347 - root - ERROR - Orbit file 'final_orbit370.txt' not found
