# Resource object code (Python 3)
# Created by: object code
# Created by: The Resource Compiler for Qt version 6.8.2
# WARNING! All changes made in this file will be lost!

from PySide6 import QtCore

qt_resource_data = b"\
\x00\x02\xe2\xf0\
\x89\
PNG\x0d\x0a\x1a\x0a\x00\x00\x00\x0dIHDR\x00\
\x00\x02\x00\x00\x00\x02\x00\x08\x03\x00\x00\x01\xb4\xa1\x14^\
\x00\x00\x03\x00PLTE\x00N\xc1\x00P\xbf\x002\
\x97\x00N\xc3\x00L\xc1\x00P\xc1\x00N\xbd\xff\xff\xff\
\x00N\xbf\x00L\xbf\x00>\xad\x00P\xc3\x00>\xab\x00\
L\xbd\x00<\xad\x004\x99\x002\x99\x00%\x82\x00.\
\x91\x00,\x8a\x00S\xc3\x000\x93\x004\x9b\x00S\xc6\
\x004\x97\x00J\xbf\x00+\x8d\x000\x97\x00(\x86\x00\
[\xc8\x00*\x8a\x000\x9a\x00'\x83\x00<\xab\x00-\
\x8e\x000\x95\x00.\x93\x00.\x8f\x002\x95\x00(\x81\
\x00P\xbd\x00R\xc1\x00I\xc2\x002\x9b\x00A\xaf\x00\
_\xcc\x00>\xa9\xff\xff\xfe\x00.\x96\x00V\xc7\x00L\
\xc3\x00>\xaf\x00[\xce\x00'~\x00:\xad\x01V\xc4\
\x00*\x84\x003\x9e\x00;\xa9\x00:\xab\x00P\xc6\x00\
V\xc8\x00n\xd3\x00I\xba\x00*\x87\x00b\xd0\x00X\
\xcb\x00%\x86\x00o\xdb\xfd\xff\xfe\xff\xfd\xfe\x00v\xe2\
\x00u\xdb\x00<\xb0\x01R\xbf\x00I\xbe\x00^\xd0\x01\
\x94\xe4\x00N\xbb\xf9\xff\xff\x00j\xd8\x00+\x93\x00c\
\xd3\x008\x91\x00^\xc8\x00\x97\xf1\x00e\xcd\x002\x93\
\x00G\xb5\x00M\xc6\x00*\x91\x00&z\x00(\x8a\x00\
A\xaa\x00\x22\x83\x01H\xb0\x00[\xcb\x00|\xe0\x00\x96\
\xe8\x00t\xd6\x00\x92\xeb\x00\x97\xec\x00\x81\xe1\x00b\xcc\
\x000\x9e\x00\x19\x7f\x00B\xb4\x00\x84\xee\x00i\xd4\x00\
f\xd4\x04R\xab\x00`\xc9\x006\x9c\x00Z\xc4\xf1\xfe\
\xff\x028\x98\x00\x84\xe8\x00!x\x00\x8b\xf4\x04T\xb9\
\x01\x85\xe2\x00>\xb2\x00\x87\xf0\x00h\xcf\x002\x90\x00\
F\x9d\x00<\xa4\x03O\xb5\x02?\x95\x00\x8e\xf5\x07O\
\xa3\x00\x13v\x008\xa9\x00{\xe7\x01+\x80\xfb\xfc\xfc\
\x03V\xbe\x02D\x98\x00\x0cd\x01\x8c\xe4\x01\x8f\xd6\x00\
k\xce\x01H\xa2\x03+{\x00F\xb9\x00\x81\xec\x02Q\
\xbe\x02<\x9e\x03H\xa9\x060\x83\x0bH\x9f\x0b9\x8d\
\x033\x8a\x008\xb1\x05U\xb2\x00\x22}\x00~\xe8\x00\
A\xbb\x00#\x7f\x01t\xcf\x00e\xc8\x00%\x8b\x01^\
\xc2\xd8\xef\xff\x04\x99\xec3]\xa4\x00\x1co\xf8\xf8\xf9\
\x00\x8a\xf1!F\x8f\x11C\x94\x00\x15m\x01[\xb7\x00\
\x1e\x8b\x01\x92\xde\x00\x1aw\x00\x0eod\x9e\xd8$R\
\xa0\x00z\xdc\x00\x8c\xebN\x90\xd4\x17:\x81\x006\xa2\
\x11\x97\xde\xef\xf5\xfb\x00*\x97\x02a\xba\xc1\xd3\xeb\xb3\
\xd4\xf1G\x83\xce\xea\xfe\xff\x15c\xb82~\xccFf\
\xa3\xd1\xdf\xf2\x01{\xd30s\xc4\x00\x85\xd1\x0f_\xc3\
\x00\x1a\x85\x8a\xb1\xdb\x00\x83\xda\xc9\xee\xfe\xe2\xff\xff.\
e\xb4*i\xc0\xd4\xe6\xfa\x13[\xb4`~\xb4\x13i\
\xc3,O\x94\x98\xbd\xe3\x97\xb2\xd6\x85\xc2\xe8\xe3\xf6\xff\
\xa3\xe4\xf9\xe2\xee\xfd\xc9\xfa\xff|\xb0\xdfL}\xbe\xc3\
\xdc\xf5\x01\x8b\xde\x0e\x8d\xd5t\x9f\xd5\xd8\xfc\xff\xa5\xbd\
\xd8l\xb1\xe1d\x90\xcb`\x86\xc2\x9f\xd4\xf1\x0e\x81\xd0\
\xc3\xe5\xfa\xa4\xc7\xebJn\xafu\x94\xc4\xb1\xca\xe8F\
r\xba\x99\xc9\xe9N\xb1\xe5\x00@\xa8\x84\xa3\xd3\x0ck\
\xcd\x84\x9f\xc50\x94\xd7N\xa0\xdc0\xa6\xe0\xb2\xc4\xdc\
\x85\xd7\xf3\x11u\xc7U\xbf\xec\xb5\xe0\xf8\x01i\xc2l\
\xc8\xed\xb5\xf0\xfe*\xaa\xeb\x1e|#\xde\x00\x00\x00\x09\
pHYs\x00\x00\x0b\x13\x00\x00\x0b\x13\x01\x00\x9a\x9c\
\x18\x00\x00 \x00IDATx\x9cl|\x09\x5cS\
W\xda\xf7\xb97\xf7\xdc\x9c\x93\xe4&!\x0bd\x03\xb3\
\xdf\xa4`\xae\x80!a\x11\xa2\x92`\xa3\x04F\xd1P\
\x11AD\x19\x17\xc0\xe0.\xa8\x14+\x8b\x8a(\x95\x91\
VE\xab\xad{\xd1j\xc5\xd6\xbaTm\xb5\xb5\x8bZ\
k[k\x97i\xa7v:\xda\xe9\xd8\xaf\xed\xdb\xe9;\
\x9d\xbe\xdf{b\xe7};\xdf\xef\xbb\xe4\x17BH\xee\
\xd9\x9f\xf3<\xff\xff\xff9 (\x0e\x89\xc5bq\xb0\
#\xd8t6\x82\x19\x96\xc3\x98\x8bD8\x0e\x03\x80\x11\
\x839\x1c\x7f\xc5r\x0c\xc3\xea9\x06\x00\xccq,w\
[\x1c\x0c\x8a\x1f\x5c\xe0\xc1\x8b\xd0\x8b\x22\x84\xf5,F\
\x080\x18\xb0\x08s\x08\x00\x80!\xc7\x00\x84X\xc0 \
\x86A\x1c\x831\xc3 \x849=\xc2\xf8\x91\x92\xdf\xde\
 \x841F\x98\xc1z\x84\x19\xc4`\x0c!\xc4\x0c\xa3\
\x87\x90\xe1 `\xf4\x98\x01\xe4}\x0e@=`0F\
,\x00@\xcf\x89B\xffs\x83\x12\x0c9\x96\xc1I#\
\xabG\x8e\xac\x1eY]\x9d<f\xcc\x98\xea\xea\x91\xd5\
c\xc6\x8c\x1c\x93\x5cM\xde\x1d3r\xcc\xc8\x91\xd5\xd5\
\x13\xaa\x87WWW\x0f\x1f\xa9a0\x07\xf4\xbd\xc2\xaf\
7h\xe2X\x8a\xc3\xc3'\xd6\xfd\xf1\xfaX\x9e\x17\xbe\
\xf3N\xefY\xc7\x87n\xf0^\xde;\xe0\x1d\xf0&x\
M\xe6\x04\xb3\x99\x7f\xf0\xc3\xf3~\xde>\xb1\xbe\x1a\xb1\
\x18\x84\x05\xb1\x18\x08\xe2`D\xcfQT}s\xb0\xb5\
?\xc1+x\xbd\x87\xbc\x02\xef\x15\x1f]\xcc\x9b\xf9\x01\
\xbf\xf7\xa6\xf7&\x9f\xc0'\x98\x13\x0e\x0c\x99Mf\xd3\
\x01~\xdb\x80\xd8l\xf6\xd7\xcf\x17a\x06\xbb\xc4b\xd0\
!.pa\x0cJ?\xbb\xd2\xb6\xf2\xd8$oOO\
\xcfu\x9e\x17\xf8\xa3\x03\x17\x16_0\xf3\xed\x02o\xe6\
\x13x\xf3\x0d\xb3\xf7\xb4`2\x9b\xdb+\x0e\xf9\xfb\xb6\
\x99L\x81@Y=f\xd1\xf8\x87\xff\xfb\x06\x1d\x1c\xcb\
\xa0\xfce\x83\xc1\x97Ot\xfd2\x89\xd4{\x1d\xbf8\
(\x0cx\xf9\xa6C\x07\x06\xcc&\x9e_\xbc\x977\x9b\
\xf8\x9e!\x93\xc9\xec\x9f\xde\xe37\xf5\xa5\xa8\xd5ju\
\xf2|\x06`\xd0\x01:\x1eb\x18\xfd\xfc\x1f\xbe\xdc\xf0\
\xcf\xe2}\x1f~u\xb7\x957{C\x8b\xf9\x9e\xe9\x17\
\x07\x86\xd6\xf5\xf0<?\xdd\xcc\x8b\xf9\x14\x93\x897\x99\
\x03\x01SE \xc5\xa0V\x07\xd4\xd6\xa85\xa5\xb4\x1e\
cf\x0b \x15\xc0\xf9[\xbb\xae\x14\xbf\xf0\xc9\xe0\x86\
6a\x92yo\xcf\x91\x8eC\xa1\xc5\x09\xde\xa6\x04~\
/?V8bn\xef1\xf9\x03f\xbf)\x10\x08\x8c\
5XSRn\x1a\xfa\x8e:\xac\xea|\x8e\xc5\xbd@\
\xcc\x01\xa6t\xa6\xd0\xb5\xf2\xf0`qM\xf1\xfa\xae\xae\
~\xafw\xdd\xde\x1eoE\xcf:/\xcf\xf3b\x7f\x82\
\xdf\x14Xs\xb5\xbd'\x90b0\xdc2X\x0d)V\
\x87\xc3\xe0\xb0:T\x8e\xc2\x89\x80c\xc1_X\x86+\
\xdcV\xd1/\xb4\xb5\x15\xd7|Z3\xd8\xd5\xd5z\xa1\
\xef\xcd\x1e~M\x8f\xd7;\xc0\xf3\xbc9p\xf7\x9e\x90\
bR\x1f18\xd4\xea\xa3V\x87\xc3zS\xadV\xa9\
\xb4*\xbbJY\xa8\xc7\x08\xf4\x02\x8e)<\xe4\x0d\xf5\
wuu\xfd}\xfd\xd3\xc5\xc5\x1bW\xde\xe9S7y\
?\xef\xf0\x0f\xf1fRoS\xc0\xdfu\xce\xa0V\xab\
S\xacj\xeb1R\xb6]ew8Z\xfe\xa0\x1d\xa7\
gY\xa0\xc7,W\xd8\xee\xf5.\xde\xbbr\xe5\xeb\x7f\
\xbb\xf4aqMCWk\xff\x11\xde\xbb\xd7\x94\x22L\
;\x18\xb8\xa8\xf6\xaaS\xfa\x0f\xaa\x0d\xfdOY\xd5V\
\xab\xd5\xe1P\xd9\xedv\x95CkW\xb5\x14a\xc0\x02\
N\xcf\xe1\x22\xaf\xf8\x96\x97\xdf*\xac\xdcP\x5c\x5cS\
\x13Z\xd9\xd5\xb5\xb7\xe2\x808`\xf2\xdf\xbd\xe1\x0f\x18\
\xa6Y\x0dV\xab\xd5jPk\xfb\x8f\x92\xd2\x1dv\xbb\
\xb6_\xa5u\xa8\xecE\x08p\x80\xc5\x0c.\x0a\xac\xab\
\xe8\xd9{kk\xd7\xcf\xe2b\xf1\xac\xc3\x1fn<\xd8\
\xd57t1\xe0M\xe9\xb1Z;\xacj\x83\xfa#\x87\
\xc3\xe1xm\xda\x80C\xa5R\xa9\xb4\xad]\xda\x96\x16\
\x95V\xab]\xcb\xb1\x00`\x0c\xd8\x19\xdb\x16\x7f\xe7\x1d\
\xba\xf1]OS\xff\xa5\xe2\xa7kj\x1bV\xb6\xdd\x99\
\x14\xfc\xd8\x1f\xd8z\xecc\x83\xaa%zq\xaaCe\
oQ9>\x7f=\xde{\x07\x82\x93l\xd7?\xb2\xdb\
\x8ckY\x8e\x05d\xc5\xcf\x16.\xf6\xf0\xed\xb7\xfaz\
\x84\xae\xb7f\xd7|X\x5c#\x1cn\xed\x0a\xaa\xfb\xfa\
\xa7N\x0a\xae\xda\xeah\xe9w\xaa\x1c*\xad\xd6\xaer\
\xda\xed\xc7\xb4\xf6\xd6V\xad\x96\xd6\xaa\xb5\xda\xb5\x18 \
\xa0\xe7\xb8\xc8v\xbe\xc2{\xc3\x9b\xc2\xf3\xb7\x84\xb6\xcf\
^o\x10jjv6l\x14tw\xee3\xbe\x1d\xbd\
\xc2\xd2\x06\x95]\xa5U\xd9\xb4*\xd5\x9e\xe9Q\x95\xce\
i\xd7F_\xd7j\xb5N\xdbv\x8e\xc5\xc4\xee\xe0\xed\
\x82y\xdd\xba\x1b\xbc_\xac\xee\x9f\xf4z\xdbG/\x05\
_\x985\xeb\xb0\xb8c\xb5\xbb$\xa3\x03\x86\xf6\x9c{\
n\x95V\xabU\x09\xb6\xa8Q\xeb\xd4i\xa3\xb4qD\
t\xac\xcafsngX\x0c0\xc6\xecv\xdeo\x0e\
\x98\xfc~\xff\xde\x94\xbd\xb7\x82\x1f5\xfc<k\xd6\xe4\
\xc1\xc3m\xe2W\xdd\xc1^\xe4\xda\xc4\xbazOX\xa7\
k\xb5Z{T\x15\x15G\xbf\xb6\xdb\xa2Q\xda\xe9T\
\xd2\xdb1\x0b\xc9\x0d\xf0v\x7f \xe0\x1f;}_ \
\x10\xf0\xf7m{\xb2\xe1\xa5\x0d\xb3\xae\xfc\xf4\xd5\xee\xa5\
\xcb\xdf}{\xd5R\x0b\x02\x80\xc5\x91.'M;m\
\xda\x8f\xb4N\xa3\xf3)\xa3m\x98RI+7\x03\x06\
\x00\x96A\xcc\xa2\xc0\x91@ E\x1d8\xe0\x08\x04\xac\
\xba\x8dK\x0f\xd7\x0c\xd66\x15\xcf\x9a\xf5\xc4\xf90\xa6\
\xdea!\xa7gQ\xefI\xdaH;\x9dZ\xa3\xcd\xa8\
\x9d\xe34\xd2\xcaT\x9br3F\x18p\x0cF\xf3R\
\x12\xd6\x04B\x9f\xab\xd5\x01\xc11-DE\x96\x1e>\
\xff\xf3\x1bO\xd7N\xfe{\xc1\x19\x16\xc3\x92\xa6\x12\x8e\
Cp\xd3y\x9b\xd6\xd6\xff\xecSNZG+\x95J\
\x1d\xcd\xc1y\x18S \xc2\x00v\xb3z`\x8e!p\
Wu\xc7ou\x8c\xed\x8ct\x8a\x0fw\x1e~\xfe\xf9\
\x8e\xa5\xb5%a*#T\xf0P/\x14\xbd\xcc\x86\x1f\
\xe2\xd8/\xe8\x85\x07u_(\xef*OF\x18\x1c\x86\
\xf3\x18\x06\x02\xcc!v\xde9\xabz\xaa\xd5\xaanz\
q\xaa\xc3\xb1\xdc\xfd\xc5a\xfc\xf2\xe5\x8eO'\x07W\
\xa7Un\xf9rc\xb9\x9b\x82\xbe^\x0c\xde\x85\x1c{\
\x0e\xc2&*\xc2^c\x11\xc6\x90]\xc11\x08p\x8c\
\x1e\xcf\xb3\x86\x1cZ\xf50\x87\xc3\xde7g\xcdj\x17\
\xd3\xe4\xa2z\xbf\x9eU\xb3\xfa\xe7\xcb\x95[\x1a.^\
\xdb(|s\xeaI\xec\xe28\xc0\xb9 \xc5!@\x85\
\x82\xd0\xf5$d\xf7s\x8c\x1e`=\xcb\xaepD\x9d\
\xc2\x1c\xad\xdd\xa1\xbdu\xef\xe0B\x0a\x81\x0c7B\xe1\
\xe0\x1f.\xd5\x14/\xa8\xca\x92\xd5.]-\x92\x22\xc4\
\x84\x11\xcb\xb1\xbd{0\x83\xd9\xde\xc7\x10\xc3\xb0+\xf4\
\x18\x02N\xafG+Z\xa2Q\xbbj\x9f\xca\xa1\xbd\xdb\
\xd2\x22\xe6N\x84?\xce\x04\xc8\xf5\xd6\xa5\xc1K\xbb\xb6\
|\x9c\x96\xbbkr\xe8\x9c\x98r\xb1\x10\xb0,\xcbR\
\x081l\x1a\x99\x82h\x05\x8b\x19\xc0\xe9\x11\xbb_e\
\xb7;\x0e\xaa\xe6\xf4\xb78TZ\x9d>\xdc\xf9\xaa\xf8\
\xec\xd9\xaa\xb6O\x1b&W\x95W\xfe\xb3vr\xc7\xe5\
M.\x16`\x04Y,\x85\x98\xe3\xb0K\x8cE,\x86\
\xfb\xb1\x9e\x05,f\xd9%Z\xbb\xbd\xe53GTa\
\xd3:\xb5\xda{\xc9\x1d\xb1\x1dI\xbd\x9d\x0d\x97\x06?\
[\xe6\xfe\xf4\xdc\xe47g\xa5\x95\x17p\x00\x00\x0a\x03\
\x0e\x9f\xc0\x10R;X7\x80\xbd\xfbY=\x04X\x0f\
\xd0\x12\x95}\x8ev\x8b\xbdEk\xd3\xd2Q\xa7Sp\
\xbb\xcb\xa9p\xb8m\xc3\x86\xe2\xe2\xc1\x97?\xf9\xa0\xb6\
\xb2\x92#\xbbn\x06`!'\xe2\x10\xb7\x9ab\xe1\x1f\
\x01\x84K\xc8>\xcba\x8c\x96\xdc\xd1j\xa3b[4\
\xfa\xa3\x8d\x1efs\xaa\x5c(\x13\x85\xdf\xdb\xf8\xd3\x86\
\xc1\xe2\xba\xe0\x8b\x1b\xceE\x1e\x83\x90\x05\xacH\xda\x1b\
\x12:5\x90\xa2\x10\xcb\x02\x0as\x8f\x22b\x0fH\x0d\
\x9cv\xe7\xe7\xd1\xe8S\xda\xdf\xd9\x9cJ\xa3M\x17a\
:\xf3z{\x1b\xbe\xfdt\xc3\x86\xe2\xabg\xaf<\xbd\
\xac\xd2\xc7=\xe1r\xef\x8bt\x08w\xc20|\x1b\x01\
\x060\x08\x80\x075`8\xf6Q\x9b\xcd\xa9u:\x15\
\xba\xefl\xd1\xa9\xb4\x93\xd6q\xe2s\xd4\xfbIs\xdb\
6|pMfXx\xe5C\xdf\xed\x0f\xa8\xc8\x0e_\
\x878T>\xfe\x0c\xeb\x82\x88A\xc0\x85EK8=\
\x06\x98c\xd9%4m\xb3\xd9\x9c\xe2a\xe7\x8c\xd1\xd4\
T\xa3r/\xc6O\x14D\xb8\xde\x8dg\xee\xe7TV\
\xde\xda\xb2>\x88\xc4\x00i\xee\x04Cg\xdc\x8c\x94B\
\x1c\x18\xbf\xaf\x97q\x85\x1f\xc5l\x18D\x10\x8b\xf6;\
\xe9aJ\x9d\xd6\xb6\x80\xa6\x15\xa9\x0bO)\x8d\x0cr\
Q\xa4{\xab<\x95\x9eU\x0d\xb0w\xc6\x89\xb4\x08%\
\x0butD\xc2\xef\x22\x04D\xd2\xb0\x14\xba5\xbe%\
\xc4\x95\x82\x18\xb3K\x94FcT\x18\xe1\xa4m\x89/\
\xd2!\xa5\xd2\xc8Qp\xe9\xee\x97/CiR\xe7s\
\xe17\x93\xde[Z2\x9f}N,\x16\x1e\xeb\x1c\xef\
\xd6Pn\x8d\xe6\x07\xe8\xeb\xf4\xc1\xfd\x0f\xac2bV\
\xd0\x1d'u6E\xa2\xd2\xa8\xa0i\x85\xd3HW\xdd\
\x06\xd4\xee\x8e]o\x80N\x0dBa\xf1#\xd7\x0e/\
\xeb\x0c\x8a;~\xbf+m\xbcF\xa3\x81\xd0\x97\xee\xf3\
\xed\x88\xc5\xf6sz\xe2\xcb\xb1h\x05\xed\x5c\xa0s\xd2\
t\xa2.\xd5hL\x1dF_\x7f\x5c\xc4\xcde5\xbe\
3\xacx9\x02\x18<\x07\xa9H\x878\xf4Ly\xee\
\xb2\xf4\xf4X,\x16K>\x1b\x8b\xad\xf6\xc5\xe6q\xc4\
\xa0p\x00\xcf3\xea\x14\xa7h\x9b\xf1Yc\xa2\xcd\xf8\
1\xdd\xf2;\x0e\xb8\x00F\x88B\xae/\xa9\x02VD\
\x01wRHh\xcd\x8aYb\xe3\x84\xd3y\xf7c\xe9\
Kc\xbb_J.\x9b\x87X\x04\x22\x88C\xf3\x94\xca\
Dz\x98\xe2\x94R\xf1\xbaNI\x1b\xe9\xd7\xae\x893\
z\xc3\xef\x86\xc5l\xf8E\x0ab)\x12\x81\xcf\x04\xf9\
\x95N_A\xce\xee\xeaO\x1a\x93w\xef\xee,\x1b\xde\
\xf8~\xd9\xbc\x07\xfe(\x876\xebh\xf10\x9dn\x81\
S\xab4*\x869uQ\x84\xd0x6\xe9\x1av\xdd\
\x86\xd8\xdd07\xfc\xa5\xa6\xd3\xe7\xf3]I\x8eY\x92\
\xcb\x1a?m\x14\xd7\xc5\xa6\xd4}_\xb7k\x1ef\x11\
\xe0X\x0eo\xd6\xfdN\xb7\xf0\x14\xddu\xe7\x0f:\xa5\
n\x0e\xad;\x15Fz@\xbd\xdd\x8b0\xc6\x1c\xa2\xa8\
Q\x1a\xdf\xb9X,&N\xde\xbd'\x5c\xb7\xeb\xfc\xec\
\xfcF\xa1\xb9\xbb\xb9{\xca\xe6\x08\xb1H,B\xdbu\
t4j4\xfeAXi\xcbNLT(\x15 \x82\
\x00\xfa\x8c\x05\x081\xdf \x91\xfb\xb2\xc6\xe7KN\x16\
\x0f\x0f6\xbf'\xe9\xd8\xf5\xc3\x97;?\x99\xdf\xfdK\
w~\xf3\x22\x0e\x93U\xce\xe9\xb7\x0fS8O)\x94\
\xc6\x85N\xfa\xee3\x07\x95t\x81\x88\x8d\xbc\x1e\xc1l\
/\xc60\xac\x91\xba}i\xbe\xd8\xees\xe7vM\xf9\
~\x97\xac\xa1\xbb\xbb\xbb\xf0\x97e\xf9\xdd\x1f\xcc\x9c\xb9\
\x96C\x0c\xd9\x17\xd8\x19\x0aE\xaapZ\x99\xea4\xd2\
\xa9\x7f5\xd2J\xc0\xa0\xc8\x13\x90b\x90\x0b!\xdf\x89\
$M\xf2\x9bee\x8d\xbb\x1b\x7f\xda\xb5\xe7o\xb9\x8f\
\xcd\x9cY\xf8\xfd\xcc\x99\x97f\x8e;>s-\xc70\
d-0k\x95\xa9\xb4\xee)\xe5B\x9d\xe2[\xa7B\
1l\x15\x0b\xe7\xb2,D\xf0=\x06@\xf7(_\xec\
\xc3\xe4\xb2\xc6\xc6\xba)\xcd\xdd\x7f?\xe1{%\xed\x97\
7^\x99\xf9\xca\xf1\x7f\xce\x98q|m|9s\x1c\
[D\x1bu\xdb~\xaf\xd0)Ru:\xa52\x11\x81\
\xaf0\x07 \x04\xbd\x9d\xabI\xe3c\xbb\xf7\x0c\x9f2\
\xa59?\x7f\xa7x\xdc\x9f\x8e\xa7\x1d?^r\xe5\x95\
e\x7f[6{\xf6\x0c\x96\xe5\x80\x9eeqQb*\
M+\x12\x95\x89\xbaS\x8a\xc4\xbbn\xa0g\x11f\xc0\
x\xd8\xa9q\x8f\x8a%\x95\x95\xd5\xedJn\xfeS~\
~\xfe\x9eW\xae\x1c/\x98\x9d{e\xd9\xb2E\xf1\xc7\
qN\xaf\x07,\xc3\xb2E:\x85B\x99\xaaLU\xa4\
.\x5c\xa0\x5c\xb5#\x84\x19\x16R \x22<\xa1I\x8a\
\xc5v\xd75\x8e\x9er\xbe;\xff\x87\x993\xbf\x9c1\
cv\xce\xb2\xfcE3\xc3\xff(\x97\xdc\xaf\xbc_\xc4\
\xb2$p\xd0s\x85Su\xbaDE\xa2B\xa9\xbb5\
\xa0\xebuq\x10#\x08\x10\xa0\xdc\xbe\xf4\xf4Xc]\
]\xf3\x9e\xfc\xfc\x993\x8f\xef\xcco\xf4x<\x9e\x9c\
\x9c\x5cO\x8e'7'\xc7SH6W\x14\xe1\xd8B\
\xa5B\x99\xaa S \xb4\xb2\x83bX\xccb\x11\xa0\
\x90\xd4\xe7\x8b%7\xd6M\xa9\xcf\xef\x9e\xd9M\xbeh\
\xc9\xf1\xe4Z\xc8\xc3\x93\x95c\xc9\xcd\xcd-$}\xf0\
\x17\x96\xe3ff'*\x16(\x13\x13\x95\x89\xf4\xeew\
X\x08 \x06\x8fa uk|\xc9e\x8d\xa3\xbb\x9b\
c\xf2\x5c\x8f\xc5\x92\x93\x9b+\x91\xe5\xcae\x9e\xdc\x5c\
\x99,\xd7#{ly!\xc2\x18\x94p\xcc\xf8\xd2\xc2\
\xc4D\x85B\xa9\xd0eC\x04]\x22\x00(\xc0\xf6>\
\xe4\xf6\xc5\x92\xeb\x1aw\xad\x96\xc9,\x9e,\xb9\xc7\x92\
%\xb1\xc8d\x9e,\x99Lb\x91X\xb2,\xb2\xdc\xd2\
\x89\x1c\xa7\x07\x1dd\x1cKu\xd9:\xe5\x02:\x12\x0e\
#\x16@\x0e\xb1,tk`z\xac\xdc\x93\xe5!\x9f\
\x95I,\x1eIV\xae\x5c&\x97x\xe4r\x89D.\
\xf1\xe4Z,\xa5\x11\xccq (\xe58&\x7f~\xb6\
B\xb7*\x22\xc2\x5cU\x84lz\x14\xa44\xe1\x1c\x8f\
\xc5b\x91K\xe4\x12\x8b<S&\x91[\xe4Y2\x99\
L&\xcf\x94YH\x1d<9\xf3\xeb9\x8e)\x07\xc1\
\x12\x16s\x5c\xa9+\xdbE\xc2E\xc4D \xa4\x10k\
\xc9\x91g\x91\x8a\xcbe\xb9Yr\xf2\x0d\x99G\x22\x93\
[$\x1e\xb9\xccSIZ\xe2\xf1\x0c\xaf'\x0d !\
\x0fE\xfc\xcd\xfa\x09\x00\x00\x04!\x0a#X`\xf1X\
\xe4\x16K\xa6\x84|\x87\xd4_&\xb1\xc8-\xb2\xccL\
\xb9\x5c&\xf1X,\x12\x89\x9c|\xbf\x80E\xa2\x021\
\xe8\x08\x85\x18\x848\xdc\x5c\xcf`&\x83e\xd2\xe4\xb9\
\x9e,\x8b\xc5\x92%\x93\x91\x0aHd\x0f\x1a\x90%\x91\
\xc8\xc8\xfd\xe4\x1e\x0f\xa9\x8e\xa5\xb9\x9eC\x8c\x9e\x09\x91\
\xb81T\xc2\xb1\x1c\xc2\xc3GO\xd4\xcc},7\xf7\
19\x19\xe2\xc7,Y\xb9\xb9Y\xb9\xb9\xb9\xb99\x9e\
\xdc,yn\xae<Wn\x91\xe7Z,\xb99\x8f=\
\xb6\xa9nt2\x89aA\xe8_\x91+ \xfbv\x04\
\x90\xb8\xb4\xb1\x9a\x5ce\xc9c\xaa\x87'W\x8f!q\
\xec\xc8\xea\xe1\xd5\xc9#\xab\x93\x93\xab\x93\xab\xab\x93\xab\
\x87\x0f\xafN\x06\x0c\xc7\x01\xa67\xf4\xbf\xb1s\x1e\xe6\
0\x99\x80z\x06\x91_,Y%8\xc2`\x86a\x18\
\x12\xd2\x8f\xd7c\x06\xb1\x11\x8ec1f9\x96%\xee\
i\xf8A\xec\xdc\x11\x8f\xc1\x85\x12F\xaf'\xd19\x8b\
1\x83\xe2v\x86c\x88\x1f\x0c\x18\xb2\x113\x98\xd53\
zb\xff\xc8\xf2'\xefs\xe3\xff\x15\xfe\x8b\x7f\xc5\x0f\
\x82\xe2\x7f\x5c\xe60\xe28\x0eE\x22\x1c\xe20\x18\xaf\
\xc7\xa42,\xe6\x18=y?\x829\x8c0\xf9\xc0\xcb\
W\xc5\x1d\xbf\xe2\x07%\xe0\xc1\xef\xd0r\xc4!=\xcb\
2T\x1c4\xa0X\x17\x8e\xbb\x1e\x10!\x80(\x80\x10\
\xc2\x88\xc5\x1c@\x1c\x86\x00FX\x0e\xbc\xf5\xbf5\x10\
\x8bC_\xb0\x18\xea\x19b`\x11\xc8\x80\x08\x02\x062\
\x19 C\x8a\x10\x0a\x13\xafJ\xca1\x10\x03\x0cI#\
\x01\xc2\x98\xfc\xc6gB\xff\xbaAp)q\xa0\x22T\
\xf5\x84\xe1\xa4\xd7\xc7$\x8f\xa9\x1eI\x10\x841#\x09\
f0rB\xf5\xc8\x91#G\xc6q\x84\xe1\x13&\x8c\
,\x9b0!\x19\x8b\x10`\xd8\xb9\xff\xbaA\x01\x02\x14\
\xa3\x992%\xe6\xffq\x1d\xef\xbd\xee]\xe7\x0d\xf1G\
\xf9m\x04+0o\xf3z\x0f$\xf0\x04=\xf0\x93\x08\
\xdc\xcc\xf3f\xff@Y\xfdDH\x01\x8c\xe7>\xb8\xc1\
c\xa4sF\x8f^\xba\xb8\xb5=\xa1g]B\xc5\x91\
\x9eC^\xfeP\xa8b:o\xe6\x83s\xf8m&\xaf\
9!\xc1\xdcw\xa0\xcfl2\xf3\xef\xf3\xdb\x0e\xf1\xe6\
\xc0\x96\xfa\xe1P\xca\xb0\xef\x86\xc4@,`\x00\xb9\xfa\
\xd2\x0d\x0d+\xbb&\xf9{.\x5c8p\xf7\xc2\x1as\
\xc8\xeb]|\x81\xe7\x13\xae\xb7\xf3\x03\x03\x09f\xfe\x80\
y\xa8c\xc8\xe47\xdf\x08%\x98L\xd7\x03\x81\x94\x94\
\xfa\xd1\x04\xc3 7\xa0\x98\x0c81\xbf\xb8\xe3\xa7\x86\
I\xe7\x9e\xe9\xe3+\xf8c^s\xc7\x05\xbf\xd7\xbbf\
\xe0b_\xc2\x0d3?44\xddl6\xf3C\xfe@\
\xc0\x94\xd0\xc7\x9b\x08\x02`0\xa8K\x93!F\xe5A\
\x10b\x11\x03K\xcf\x7f\xda\xf4\xc1\xe0\xf7m_u\xf5\
\x9b\xcd\xde\xab\xe6\x04!\xe1\xc6\xd6\x04\xc1\xeb7\xf3c\
\xcd\xfe\xa3\xbc\xdfl6\x99\x02&\x7f\xa0$EmP\
\xa7\xa4\x18\xc4V\xab\xaa\x94\xc1\x8c+\x04\xe6\x02\x8e\xca\
\xff\xd3\xbec\xeb\x8bw\x0a\x83\x1b\xdaZ\xfa\xb7\xdd\x15\
\x02\x15\xd7\x0fx\x8f\x0cyy\xaf\x98?j\xe6y\x93\
\xc9d2\x9b\xfc\x01\xb5:`\xb0ZS\xd6X\xefZ\
\x85\x14Ga\xa9\x8b\x03g\x00\x85\x117S\xdd\x7f\xac\
a\xc3\xa5\xe2\x9a\xe2W\xfa\x85I^!A\xec\xf5n\
\x13\xb6U\xf0f\xef\x11\x9e\xf7\x9b\xe7\xf8\x17\x0b\x81\x80\
:e\x8d\xd5\x1a0X\x1dV\xabU\xe5P9\xb43\
1b\xc7\x83\x08\x04\xe9\x85\x03}=]m\x9f\xd4\xfc\
\xe7\xe0\x0b?\xadl\x9d$\x08\xde\x9e\x81\xc5C\xfcQ\
\xfe\x00\x01\x00\x86R\xd6\x05\x02\xea\x1f\x0f\xa8\xadj\x12\
\xbe\xab\xb7\x19\xa6\xaa\x1c*\xbbVU\xa8g\x90\x0bp\
\x00\x94\xce\x17\x12\xd6\xb5\xb6u\xbd\xbc\xa1\xb8\xb6v\xe3\
\xca\x1f\xfb_\xeci7\xf7\xf4\xf0\x17M\xd3\xcc)\x81\
i\xa6\x80Z\xe8'\xd0\x09\x89\xe1O;Z\x1c\xf1\xaf\
k/\xda\x8b\x86s\x00\x03\x96\x05\xe3\xb2{\x12\xb6\x09\
}+\x1b>\xabiz\xe1\x85\xf5\x93\xba*\x043?\
\xb4.p\xe3P\xe0n\xe0\x19!\xc5\xa0\xea\xea\xb7\xda\
\x83\x0e\xb5Ce\x9d\x1a\xc7\x0f\xb4Q\xadJe/-\
\x04\xa4|\x8c\x8a\x94\xe6u\x07\xbc\xfd]m\x9f|Z\
S3\xeb\xe9\xb6\x95]A\xe1\xcdu\xfe@J\xca\x05\
qJ\x8aZ0\x18\xac\x06\xc7T\xb5u\xea1\xc1\xe1\
\xd0\xc6\xc3\xf0\x03*\xbb\xd6^X\xc40\x18@\x96\x99\
\xb1\xe0^\x09\x1f\xba\xd1\xdf\xba\xf2\xe7\xe2\x0dO\xd74\
\xb4\xb65M\xda\x13x\xc6t\xeb\xa6\xdap\xd3\xea\xb0\
:\xeeXU\xd6\x96\xd0\xef\x82\x8e\x16\x87V\xab\x8d\x1e\
l\xb5\xdbTZ\xbb\xaa\xb0\x08a\x16\xb8\x00\xbbv\xe1\
\x9a\x9eC\xde\xef*\xae\xdf\xe8\x12\xd6?]S\xf3\xf3\
\xe1\xb6\xb6\xd6\xc0\x9c\x85\x81\x94\x03\xd3\xee:\xacA\xd5\
]\xbb\xca\xaejq\xe8\x16\xaaI\xdf\xb5\x96\xb4i\xaf\
\x1f\x1ck\xd7\xfez\x03\x86\x9d\xb1\xf0\xe8\xddv\xbe\xfd\
\x86\xd0?\xac\xab\xadfp\xd6/\x1b\x1a\x1a\x84\xae#\
j\xf1\x11U\xda\xef\xef8TkT\x046\x19a\xb7\
G[T\xc7\x1cQm\xd7\xc2\xa8M\x1b=E\x17\xae\
e9b\xa5\xd8\xed\x8f{\x13\xbc\xb7\xbe\xf3'\xf4\xdf\
\xbb\xfaV\xdb\xcfO>=kVC[\xebBU\x09\
\x00\x1d\x08d\x9eQ\xd8\xedv\xad6\x1aU\x8d\x98\x13\
\xb2\xdb\xbf\xb5\x8dp\xda\xfa\x9cN\xda6n-\x0b\xc8\
>\xc6l\x9ej\x16B/\x06\xfcG\xc7\xb6\xf7\xb5~\
\xd4\xf0\xcd\xcfo\xce\x9a\xf5\xfc3\x87\xe7f\xb8\xde\xee\
\xdd\x81\x9e\x88\xcc}O5B\xa5Z\x90M\xdb\x8dZ\
c\x8b]\xebt\x1a\x05ct\x98\xb1h-\xce\xe0\x00\
F`\xd1\x82\x90\xd94\xd6t\xeb\x96p\xd4t\xe8\xd8\
\xa9\xc3\xc1\xf5\xb5\xb3&\x1f~\xa3\xad7\xef\xec\x13\x08\
\xee\xc0\x88\xbb\xac}Je\xa4\x9dQ\xa7mj\xf6A\
\x95\xd3i\xa4\x1f\xd7*\x15Ek\x19\x08\x00\xc5\xe0\xcd\
'\xfd\x01\xd3\xf5P\xcbk\x01k\xca\xbe\x84\x8d\x87\x0f\
\xd7\xfcW\xedN\xe1p\xa7[8\xfb>%\x8eP\x1c\
p\xb1\x9f\x11\xf8\x80\xa6G\xa4FmF\xe7U\xa3\x8e\
6\xa6\xea\xd6n\x07\xc4[\x87\xdc\xa2U\xd3\x03\xfe\x94\
\xc0\x1c\xeb\xd8\xc0\x91>\xb5\xd8Ur\xb8\xf8?f\xfd\
\xc7\xeeY\xe5g\x5c\x11\x0e>\x02\x11\xc5q\x88S:\
i\x9a\xfe(\xea\xa4\xe9\xb7\xc4F\xa3\xf2-\xa5b\xed\
v\x04(\xc0A0\xefq\x83Z\xad\xba0\xf5w\x86\
5\xfd\x03\xaa\x02\xce\xb5\xf4\xfc\xf9`M\xed\xe4\x9a\xa5\
\xffx\xdb\x05\xdf\xdd\xb1t)\x85\xe0\x89\xd5Uv\xad\
1\xf4;Zg\xb3)u\x89:\xa5\x87\xd9\xbe\x19p\
\x18P\x0c3o\xd5\xad\x0e\x83\xe1\xaaU|S\xad\x0a\
:4!\xf4Dgghr\x8d\xa66=\xdd\x9d\x97\
t\xe2O\x90\x82\xe7Y\xe6v\x04\x9d\xb8\xa6[\xd0D\
\x1f;\x95M\xa7!$\x85\xdb7\x03\x11q\xc6\x98\x15\
\xf7\xadV\xb5\xd5aPUT8\x1cbi\xf9\xea\x13\
\x0f\xf5.]VS\xbct\xcb\x96\xfb[\xaa*#p\
\x93\xe8,\xa44\x10\xa1\xb7\xa90\x15A\xd4m\x0a@\
\x88\xe1\xf6y\x08@\xa0\xe7\xc0\x8aU\xfds\x0c\x8e\x17\
UV\xab\xaaD%\xb0\xf8\xf2;\x1c{\xf6O5\x9f\
l)\xdeR.k[\xdd4\xe9\xf1\x90\xf8\xbc\x8bc\
(\x88\x10\xa6\x5c\x002\xee'\xe0\x8b,\xd8\xbc\xe2\x81\
\xb3\x8d\xf7{N\xefS\x85\xa6:T\x8e\xe8\xc1\xad\x06\
\x94\xe7\x06\x8f\xf5\x22\xd40U\xa8\xa9\xdd\x98#\xce\x0a\
\xceZ\xb5\x0a\x8d\x8f0(\x0c!\xc0\xf0U\x8eA\xbd\
\xa8\x170`\xf3\x0a\x04!\x89\xdeWxTb\xbb\xe3\
\xb5\xe9v\xdb\x8f6\xfb*c\x01Dg{\x11z_\
\xb8\xd449\xad\xea\xf7i\x0b'_ih\xf3\xf5\x02\
\x08 \xb7\x03\x92\xbdJ*F\x11\x8eB\xf3V\xb0a\
\x0c\x18r\x03\x87\xcd\xae\x9d\xa6\x12\xeb\xec\x8e\xa8V\xc0\
I\x05O,\xfd\xfa\x9b\xc7\x85\xc1\x97\xd6W\x9e\xadj\
\x9a\xfc|\xed\xedG\x10\x05\xc2\x80A\x19\x14`\xc3\x14\
\xeam\xe2\x10`7\xaf`0\x09J\xf0\x8aJ\xfb\x08\
\x95\xb8E{\xcbF\xd3\xd1\xa8\xf3\xf0\xad3\xcf\x85\xc1\
\xdb[.]\x1a\x5c\xffS\xf0\xf9\xe2\xc9\x8f\x8e\x97<\
GA\x0a\x02\xe4\xe2 {\x1e`F\xccb\x88\xd8\xcd\
+\xb8\x0c\x17`1\xda_\xe9\xb8\xe7h\xb1FUs\
\x9cN\xda\xe9\x5c\xe8\xde]\xf2:\xd0<\xfe\xe1\xa5\xe2\
\x9aQ?\xac\xbe5\xb9v\x8b,\x09S\x10#@\x00\
H\x8c\xd0&*<\x17\x224o\x05\x83\x22\x00G\xc0\
\xfe\xca\xcfm\xc69\xb4\x8d~\x8aV\x1a\x8d\xceh$\
\x0f\x89a\xe8l\xf0\xd2\x86\xe2\xf5\xab\x0f\x97\xfc\xad\xf8\
\xdd\x93\x9d$\x00\xc1\xb0Jl\x11(\x088i\x81\x8b\
\x03\xaey\xfbA\x1c\xd1D\x8fV\xdai\xfa;\xa7\xd8\
\xe8\x1cA\x1b\x13\x8d\xf4\xefX\xb0\x0fP\xe1\xfb/m\
\x18\xac\xf9\x8f-%\x1f\xaeO+\x10\xc4s\xa9Q\xe1\
\xdbB\x07C\xc1r)\x04\x88a@x\xc5\x12\xc0p\
\x80\xe3\x98G\xd3\xecN\xdaiw:\xe9{\xf4T\xa3\
2\xaas\xed8\x1bF/w\xc8/\xfd\xed\xec\xe3\xa1\
\xae\xb3\x7f\xde\xc0mr\x83\xa0\xe6c\xb1\xf8\xea\x09\xea\
9\x11\x02a\x8a\x84\x14\xf3Vp\x0c\x07X\x06<\x9a\
F\xd36\xa5\xed\xd9\xd4\x16\x1b\x9d\xfa\xac\xce\xd6Q\xc0\
r\xcbY\x0e\xa5\xddo\xb8_\xe9\xa9|ucmU\
Z\x98\xea-\x08\x06C\x99p.\xa2\x18)\x14\x8d\xa2\
\x00\xb5y\x09 \xed\xc1\xdc\xfe\xb4T\xa3Q\xa1\xd3\xda\
Ri\x85\x22ds\x0e\xcb\x96rT\x04c\xa8\xb9\x96\
V\xe9\xf9\xa2\x5c\xb3{\xfd\x87\xe20h\x0a\x86\x16X\
\xfe\xe8\x96J5y0I\x9a\xf72$}\x00\x00\xc5\
\xb2+\xd2t\xb4\xf2\xea\xb3\x0a\xa5N\xb7\xe0\xe4k\xd9\
:\x9d\x92\x01\x1d\xfb\xde\xf9I\x03\xc1\xbe?j\xa4/\
\xb3gc\xf3\x19$\x16\x04\xa1\xac\xa0@\x03\xa1\x9bz\
W\x03}>\xdf\xe6\xfd\x0c\x87\x01\xe2\xd0\xfe4\xfaY\
\x9dMA\xdb\x8c\xce\x05:\xa5Q\xa1\xd0\xfd\xe3|o\
\xefK\x1d\x87\xcb\x97/\x0dC\xdc\xb9\xe3\xa1\xab\x91e\
\xff\xed\xccu,\x9d+N\xd2h4I>\x9f\xdb\x17\
\x13\x92\xb7\xaf\xe0\x00C:qE\x951[I\x0f\xd3\
\xe9\x94\x89\xa9J\x9dS\xe1\xbc\xf3\x06\x8b\xb9\xce\xdd\xcf\
\xfd\xa2y\x88\x90=\xbdg(\xd4*\x88;\xee{\x1e\
[\x9f\x9e\x1eK\xf7\xc5\xca\xc2\xa3b\x1d\xb1\xcd\xf3p\
\x9cBB+\xd2h\xdaxK\xa93\xfe.Q\xa9S\
:\xa2\xa1l\x14f9H\x01\xc4i\x96?,\x12!\
HQ\x1dBpU\xb5\xbb\xaas\xe7\xee\x13\xa1X,\
\xd8\xf0\xc3\xe8X\xf2\xe6\xcd\xc4\xa4\xb1\x18\xcc\xab\xd2\xa5\
\xea\x94\x8aa\xb4\xeen*\x9dJ;\xe9\x93\x1f>\x11\
F\xa2\x86\xf1\x9a7\xd8'\x93\xd0G\x22(\x0a\x97\x5c\
\x9dq9\x96\xec\xe9M_VV\x96,\x9co\xac\x1b\
\xdexx\xf3f=\xe2\x00\x87\xd9yi:\xfa\xd9T\
\x9dR\xa9\x1b\xa6\xd3%\xd2J\xe5\x02\x96\x02\xd7\xf2z\
\xbf\xc2\xb7\xc3.\x91X\xd0\xacv\x87{\xdd\xe9\xb5\xb1\
XcyY\xc3\xccW:w\xfdP7\xe5\x9b)u\
\xdb\xb7\xa3\x08\x00\x91\x08\xb7\xe8\xbe.\xa4\xeb\xd0)\xaf\
?\xa3T*h\x81V\x8a!f\x10\xec\x05\x90\x22\x01\
\x94\x1b\xde\xd6$\xbd\x13\x8bu~\xd2\xd8x\xaa\xb1\xf1\
\xab\x9d\xcb\xea\xa6$7w7\x8f\xde\xbe=>\x91X\
\xb4\xbd2\xd1\xa93*\xe8\xe0]\xa3\x92V*h\x1a\
Q\x11\x80\x9f\x0c\x03\x0c1x\x95J:\x1f\xd3<\x17\
Kn,8\xb1\xf3\x97\xdd\xbb;\xff\xb4\xab{Yw\
wcws\xfe\xf6\x19z\x14\x01\x08\xa3\xed\x95\x0a\xc5\
]\xfa\xf7\x0ae\xa2MK\xafT$\xea\x00>\x1f9\
O!\xe8\x02\x04or\xfb4\xe7\x92\xff\xd4\xb9Z\xdc\
\xd8\xf1Y\xb3\xe5\xfb\xee\x9d\xf9?=\x9f\x9f\x9f\xff\xc3\
\xcc\x19382\x0c\x80\xdd^\x99J\xa7\xce\xf9+\xad\
P*\x9d\xf4U\x9dN\x86 ,\x81R$\x82\xae<\
M\xd8\xa7I~;F\x02\xf0\xef\xeb\x9a\xff\xf3\x95\xb4\
\xb9\xf9;\xbf\xff\xf0\xd3\x19\xc7_\x197\xf3x\x91\x9e\
\x89\x8f\xe3\xda4\x9aV\xd2\xa7\xbeU\xa4.p\xea\x12\
\x8dJ\x80n\x83^\x04\xd8\xf0\xab\x22\xb7&I3J\
\xd4\xd8\xd8XW7\xba\xb9\xf9\x83\x9dWrsw\xfe\
t|\xdcq\xe1\xca\xdff\xcc\x9eQ\x849\x96\x8c\xe4\
\xdaL\xa5\xaeC\x91\x9d\xaaKL\xa5S\x15t\x1aH\
\x82\x80\x85\x22\x08\xdd_&%\xf9\xbeJn\x1c\xfeS\
]\xf3\x94\xee\xfc\xfc=\xa5\xaf\xc8\x8e\xa7\x1d\x9fqE\
\x98-\x9c\x9b={\xc68BF2,7\xa3<Q\
A\x93\xe8]\x91}:\x95\x9e\xe4\x22x5\x03\xa9\x8f\
I\xef\xc7\x92\x93\x877\x8en\x9c\xd2\xfc^~\xfe\xcc\
\xeeq\xb3sg\xaf\x9e={\xf6\xb2e\xcbfo_\
t\xbc\x90\x904\x18\xa1\x22\x8fM\xa1\xd0)\xb2\x154\
\xbd@\xa7\xc8\xe8x\x82@\xb7\x18\x845P\xe3K\xae\
.\xab\xab\x9b\xd2\xfda\xfe\x973\xc7}p|\xc6\xec\
\xaa+\xcb,\xdbcU\x05U\xb9\x92\xb4\xc2B=\xe0\
\x00\xa3g\x8ar\xb2\xb3\x15\xcal\x85R\xf1l\xb6\xce\
\x05\xf4\x90\x80/\x1c\x22\x0b.\xbd\xac\xb1qJ\xf3\xf9\
\xee\xfc\x99\xe3\x8e\xcfx\x7f\xe6j\x8b%\xd7\x93\x9b\xeb\
\xc9\xcd\xb2\xe4\xe6d\x15\x16b\x16\x03\x96c\x0a\x0b\xb3\
\xe9\xec\xc4\xd4\x05\xa9\xd9\xafM\xda\xf7\x13\xc3B@\x89\
\x80\x94rC_z\xf2\xf0\xba\xba)\xa3\xf3\xf3\x0b\xd3\
,\xb9\x9e\x1c\x0b\x09[\xb3$\x96\x5c\x8f$\xd7\x22\xb7\
\x14Nd\x19\x0eDX\xbd\xa6055{Avv\
\xa2B\xc9\xbd\x13C\x80B\x88\x12\xbb\xa1F\xe3\x8b\x95\
\xd5M\x99\xdf\xdc]\xe5\xc9\xf5\xe4z<Y\x12\xb9\x87\
\x04\xde2I\x96%K\x96\xeb)\x8c\x10Lu5\x83\
\xb8\xd2\x05\x0a\x85B\x91\xa8\xd0Q\x22\x8e\x80\x07@J\
E\xc4>\x02\xe0\xd4M\x09[\x1e\xcb\xc9\x91\x930Z\
N\xc0\x07\x0b\x01\x11dr\x09\x09k\x0b9\x96\x8d\x80\
M\x98cJ\xf3\xb3\x95\x8al\xe5\x02\x08D\x1c  \
 \xe4\xa4\x9a$_\xb2;M.\x97e\x91\xc8_F\
\x02v\x8bL\x9e%\xf1H,2y\xa5D\x9e\x93S\
:\x9f\xc5\xfa\xd7\x01!|q~\xa221\x91\x80\xf2\
'0K\xe0{ \x92J{-9\xb2\x9c,\x99D\
.\xcf\xcc$\xe17\x81\x1e2%\x92\xcaLI\x9a\x84\
D\xf4\xb9\xf9\xfa\x08\x04! \xa6X\x8cG\xcf\xd7\x15\
 \x062a\x888\x0aj\xd8rKV\x96D&\xf1\
\xc8d\x99\x12\x99\x84|\x8f\xc0\x1e\x99\x12\x89\x5cF\xa2\
x\xf2/Oi\xb5>\x829\x01\x84\xc4\x08\xb3\xdc\xc4\
z\x84\x10\xe4(\x88 \xa6,\x12\x8fG.\x91d\x92\
o\xc93er\xf2y\xb9$S.\x89\xf7\x81\xdc\x22\
\x97K,9\xf3G\xeb\x99\x08\x08\x05AH\x9c\xcb\xe9\
Y\xfd\xe8\xd1c8,\xa2 \xce\xcc\xb5\xe4J\xb2d\
\x99\x16\x09\x01<,2\x02<X$\xb9\x16\x8fL.\
\x93{d\x04\xc9\x90dy\xd2\x9b\x93\x19\xc01\xcf=\
\x88\x9d5H\x048\xe9\xe8\xe6\x09\xe8\xb1\x9c\x1c\x82\x18\
\xc8s\x1f\xcb%PA\xae%'+'+377\
\x97@\x12\xb9Y\xb9YY9\xe4\xdf\xc3\x9b'\xb0,\
`\xa8\xb9\xa1_C\xdf\x1d0\xc2q\x11}\xfa\xf0\xe1\
\xc3\xe3\xe8\xc1H\x82\x1cT\x13\xb0 \xce\x82\x8fL\x8e\
\x83\x07e\xc9\xc9\xc3\xab\xab\x87\x0f/\xab\x1e\xc5\x00\x04\
\x00\x95\x16\xfaW\xec,\xfe\x96\xe0\x02\x9c\x1e\xeb9\x0e\
a\x84X\x8c\x09\xc2\xc3\x02\xcc2,\x22\xc4\x08\x878\
6\x1e\xb8\xb3d\xf2\x10H\x01\xe0\xaf\xc4\xff{\x03q\
\xf0\x1a\xc3\x90\x8f`\x96C\x88,Q\x96!D$\xb9\
\xc6c\x02\x1b\x10]\x00f\x09K\x81\xf5z\x86\xc5\x91\
/B\xbfF\xef\x82\xf8\xdf\xae\xa0\xf0z%\x88p\x9c\
\x1ec\xac'<\x1a\xf1\xc2\x18\x06 =F\x84\xa4\x00\
\x1cB\x000\xf1\x8b\x983=\x80\x0c`Y\x86\xe8\x0a\
@\x9c6`\x80\x88\xe5\xc8w0\xc3H\xe3\x16\x0b3\
\xa4\x5c\x16\xa3^\xb6\xf2\x8c\xf0\xab\xe0\xe1_\x17\x08\xfe\
\xe6\x8f\xa6'XD\xee\x8b\x19\xc0D\x88\x94!\x0c\xa5\
\xa4\x00(\x85\x8c\x8b<1\x8c\x0b\xc1\x0c\x11&DO\
\xde#d\xba\x02\x91\x08\x10\x06\x1d` \x12eH\x19\
\x86\x01\xc4\xfb@\x00\x8a\x88H\x81\x01\x19\x80\x81\x10R\
\x90\xd0\xbb\xa41\x94\xd4\xb5:$\xfc\x7f* \x04\x97\
\xb3\x88!k\x09`,B\x14\x00\x00\x02)\xcc\x83\x08\
\x00\xa9\x08\x00\x90\x07\xa5\xd0\x0d!\x05\xc2\x10J\xa5R\
)\x0c\x87!\x80y\x90Bn(\xa2\x10\x80R)t\
\x03\x08\xdc\x22HL*\xf9\x04\x84P*\x02\x14E\xe5\
\x91\x9b\x81\x0c$B\x04#\xc1\x11\xf8v\xf0\xff\xa9@\
\xb0\xe9\xa1^\x84)\x8c\x10\x07XM\xf2\xe8\xfa\x89\xa3\
\xa7L\x98\xd0Y^U\xb5z\xcb\x96\xd5KWW\x91\
\x8b<\xaf\xde\xb4\xba\xaa|uUUyyy\xd5\x83\
\xab\xbc\xbc*\xfe\xba\xbc|\x13\xf9\xff\xea\xf2\x82\xf2\xf2\
\xf2\xd5\xe4\xa9\xaa\xa0\xa0\xbc`\xf5\xea\xaa-\x9a\xea\x89\
\xa3GO\x988\xbaZ*\x92\xf6\x22 bq\xc4\xb5\
\x5c\xf8\xed\x1c\x10\x9e\x88p\x80E\x94H\xcfT\xd7O\
\xaco\xacj\xed\xf9\xb1\xdd\xec?\x22\xecM\xa8\xf0\x8a\
\xd7\xdc\xbc\xd9'\x84z\xda{\xcc\x09G\xfc\xedf\xf1\
^s;AT\x08\xbc\xe2]\xfc5\xbf\x8d\xbfyu\
\x88\xe7\xcdf\x020\xc4\x05\x1a\xed<o\x8a\xe3-\xa6\
\x00\xdfn\xbew\xb3\x87\x1f0\xf3~\xff\xe3\xf5\xf5\x13\
G\xa7G8\x04D \x83zd\xbc\x10\x0a>\xe8\x81\
\xe0_z\x09o\xc72@:\x7f\xfe\xfcq\xaf\x9ck\
[\xd9\xd5\xfaYW\x1f\xef\xf5\x0a\x87x\x9e\x17\xfa\x13\
\xbc\xa7\x0fm;\xe4%Z\x84\x84uW{\x8e4y\
y\x22\xca\xf0?\x13\xea\xe3\xfd\x15\xe6\x01\x82\x8e\xf0f\
\xfe\xe6\xf5\x04\xb3w\xe8bH\xd8\x1a\xc7z\xfc|\xc9\
\xe2\xdf\x85\x8e\x9a\xcdBB\x80`\x17\xd3\x02jk}\
}\xe9DH6\x1c\xb2\xc0^\xfcu\x08\x9e\xd43\x9c\
\x94\xc5\x18\xd5\xcf/\xac\xf9\xe0\xb37\x7f\x0e\xb6\xae\xec\
\xea\xeaj\x15\xf6\x06o|\xdc~\xcb\x9bpC\xb8\xe1\
\xf5z\xcd\xde\xa3{{\xbc<_1P1\xd0\xc4\xf3\
\xdb\xb6\x09\xed\xed\x81\x92>\x9e\xe7\xbd\xb7n\xf8\x85>\
\xde\x9c`N0\xf3C\xdf\xdd\xfbn\x887\x07\x02\x01\
\x9e\xff\xfc\xbb\xe9\xe2\xe9\xa6\x80\xc9\xbc\xf7j %@\
`\x1f\xb5\x1a\x95\x96\x8e\xe6\x90\x8bE\x80\x89\x9c!8\
`\xf092\xee\x0c\x03F\x16\x96~y\xee\x93\xc1\x97\
\x9b6<]|\xf1\xe5\xaf\x8e\x05&m\xdd\xda?\x90\
@\x0aX'xy~\xf1\xba\xd7\x0965\xd6{\xfd\
\xe6\xf4\x03\x86\xd0\x10\x19\x82\x07=?\x96\xaf\x10\xd6\x91\
\x97&\x93\x89oO\xe0MD*\x12\x08\x98\xfd~\xb5\
\x9a\x88U\x02\x01\xb5\xe1\xc1\x8f\xc1a5\xa8K\xf3K\
5 \x03\x01\x10N\xba*\x80\x8e\x8b\x1c\x88 ,\x82\
\xa3KK\xcfnik\xbaR<\xf8\xc2\x87o\xfey\
pC\xc3Jak\xb0\xaf\xb5?\xc1l^|\xb1\xe7\
\xee\x11s\xbb9\xb4\xb7\xfd\xd6\xba9\x15\x09\xfc\xb6\xa3\
\x87\xdaI\xc5\x02~3\xcf\x07\x02f\xb3\x9f\xf7\xb6w\
<\x15\xefhs\xbcH\x93\xc9\x16|\x9b\xb6\x00\x00 \
\x00IDAToJ\x19;\xc7@\x8a\xb5\xa6\xa8S\
^;mP\x7f\xbd\xb5\xaf\xdfi5X\x1d[\x0a\xf3\
\x93\x90\xcb\xc50\xc8-\x06\x1d\x9b\xb0\x9e\x81\x80)+\
,\xec\xe9\xe9\xea\x0a\xb6\xad\x1c,\x1el\xba\xb2\xa1\xa6\
\xa6\xa6x\xe3\xca\x95]\xad\xfdGC^o\xcf\xbam\
\xdeu\x03=\xa7\x0fM\xbf\xf7\xddP\xd3\xbe\xbd~2\
\x09\xcc\x15=\xde\xc5\xde\xc5{y\xe1\xa8\xd9\xd4\xfe\xcc\
\x8b~\xde\xefO\x09\x98\xcc\x01\x93ZM\xc4\x22\x86\xc0\
\xd0E\x82\xf98RR\x9e\xb9\xa8V\xa7\x18\x1c\x0e\xc3\
\x888\xf6\xb4\xaa\xb0P\x8a(\x8ae#\x0d\xe0}\x0e\
AF\xc4\x80\xc2\xc2\x85=\xfd-w\xdf=\xfbM\xdb\
\xa5\xf5\x83\xc5\xc5\xc5?\x95\x0c\xd6|\xd6\xf5\x8f?\x1e\
lm\xed7\x9b\x87\xfa\x04\xa1\xefE3? \xf4U\
\x1c\x18\x1b\x9f\x9d\xe6\xc0\x03iR\xc0\xcf\x1f\xfb\x8e?\
j\x0a\x98\xefn\xf3\xf7/\xfeQ\x9d\x92B\x84*\xdb\
\xae\xab\x89\xd8\xc6:\xd5j\xf8\xcb4\x12P[\xd5D\
9\xa2\xd2\xaaT-\xaa\xbaq\x85\x00\x12\xdb\x9e\x04\xce\
\x12/\x88a\xeb\x0b\x8b\x12\x12\xbc\xde\xfe\xfe\xd6\xadM\
]_\x9d}\xf9\xb3\xe2\x0f>\xfc\xa4\xb6\xb8\xf6\xa7\x8d\
\x1bWvu\xb5\xfe\xd87\x8d\xf7.\xbew\x8f\xf7\xde\
\xdc\xdb\xde\xe1\xe7\xf9\x01\xde<\xf0\xbe\x9f\xf7\x07\xfc~\
\x93i\xdf\xe2@ \xd0gh=\xe8\x0f\xa8\xfb\x02\x8e\
\x17\xfb\x0dj\xab\xfa\xa8\xa0V\xf7[\x0dj+A\x8f\
\x08\xe4\xe5 x\x91\xddao\xb1;\xb4\xda\xa2Bi\
\x04\x00B\x11\x12E\x03\xd2\xa3\xa2\xc2MG\x0e\xf0\xe6\
\x1e\xbe\xaf\xf5\xa3\xaf\xbb\xba\xba^\xfa\xe6\xc3\x92A\xf1\
\xe4\xe2_\xfe\xe3\xd2\xa5\x9d\xa4\x0a\xfd7\xd4\xea\x142\
\xee\xd3\x87B&\xb3\xba\xa9=`\x0a\x04\xa6\x05\xd4&\
\x93zlJJ\x8a\xda\xf0\xfe3\xfbnM\xb2\x1a\xd4\
*\xb5\xa3Em\xb5\x1a\x0c\x06\xa2x\xd1Z\xed*\x95\
C\xeb \x92\x1b\xbb\xcaF\xf4'-\x07\xd4-\x8e\xa2\
\xa2\xd2\x08\xb1\xf2\xc4\xb7cI5\x8a\x8ah\xaf7`\
\xf6\x1e\x12\xd6\xbd\xf8LWWW\xb0\xeb\xd3\xe0\x06\xe1\
\x85\x17&\x0f~XS\xf3B\xa8\xabk\xa5\xb0u\xa8\
\xaf\xcf\xfb\x8c \xbep+`2\x05\x16\xa7\xbc\xf8\xec\
\xb1\xeb\xea\xc0\xd8\xb1\x012\xe2)j\x83\xc3\xa1V\xab\
\x1d\x0eU\xff\x1a\x87\xea\xde\xb7S\xc5\xd3U\x0eG\x0b\
)\xdc\xa1\x22R\x1b\xadvD\x8b\xf0\x9aJ\x1b\xd5j\
m#\xb4\x85E\x85\xf1\xcd\x0d\x03\x16\xba\x88\x12\xa0\xa8\
hA\xc2\xcd\xbd\xc2\xba\x01\xef\xd8\x81\x8a\xab\xcf\xb4\xaf\
\x5c\xd9\xf6\xf3/\x9f\x14\xd7\xac_\xb6\xe1\xc9\xc3\x0dm\
\xd7V\xb6\xad\xec\xda;\xe9\xa9\xd0\xde\xa6u\xeb\xa6\x07\
H\xebO\x0f\x94\xf4;\xd4w\x06\x0c\x06\x87\xff\x80\xc1\
\xa0>x\xd0a\x9d:\xd5\xee  \xe7\x85\xf7\xad\x0e\
G`\xc8A\xd0:\xbbV\x1b\x17\xfd\xd8\xb5\xaa\x16\xf1\
S\xda\x16\xbb*j\xb7\xdb\x0a\x8b\x8a(\x16`\xcc\x02\
\x16\xc6\xe5'k\x8b\x1c\xc2\xc5\xeb7\xf8\x04\xef\xde\x8f\
\x0fT\xb4\xf7\x7f\xd3\xd7\xd5\xd6\x16l8\x5c\x5c\xf3\xe6\
\x86\xda\xda\x86\xc3\x0dm\x1b\x83m]\xc7\xee\x1d\xebS\
\xb7\xfb\x9fyv\xfa\xc1\x14\xf5\x1aq %j\xbfa\
5\xa8\xc8(\xab\xed\x0e\x95a\xaaU\xa5\xb2;\xe6\x8c\
hi98M\xd5oU9\x1cD\xb6c\xb7=~\
P\x10\x0e\xb6\xb4h\xb5S\xf7|\xfc\x94\xcaf\xb3k\
\xc7\xcd(\x22$\x10\x04@\x04)\x06#n\xed\xda\x85\
^\xaf\xb7\xe7\xc7C<o\xba>\xe4\xffq\xab\xb0\xb8\
oe\xd7\xd67\x8b\x8bk\x8ak7\xd4\xd4\x5c\xf9\xfe\
\xdcKmo\x1ekk\xebj\x9d\xa3\x0a\xa4\x04\x0c\xda\
\xd03\xdf\xfdx,5j\xbd\xa7v8\x16'\x8a\x9f\
:%\xbc\x16o\xa8\xdd>B\xa5uh\xef\xb4\xdc\xb4\
\xda\xec-\x1f\xddqhm\x8eI]\xdf\xdd;\x18\xd5\
\xb6<s\xcc\xa9\xd5\x8a[GD\xa3\x853\x8a8\x96\
!\xae\x0aABP\x84[;\xbbu\xdd\xf45s\x88\
\xed7\xdf\xbc>\x9d?\xe2\xe5\xfb[\xb7~\x14\xec\xaf\
z\xe5\x8dY\xc55\xeb7<=\xab\xb8\xf8pC\xc3\
\xc6\x86=\x17\x1c\xfd\xd3\xdf\xdff\xa1 \xc4\xf8\xdax\
\x18\x195\xaa\x92\xd6\xdaU\x04\xdb\x1c\xa1\xd5\xda\x8d6\
\x9b\xd6n\xb7iUw\xa6\xb6XU\x0e\xad\xcd\xf9-\
M\x86A\x1bu\x9e~j\x84Qk\xd3\x1am\xb4\xb6\
h\xf6\xdaH\x04H\x19R\x07D\xa4t\x9b7?\xde\
\xe3\xaf\xd8\xeb]c\x1e\xaa\xb8\xd9g\xf6\xf3\xfd/\xf6\
\x1d\x12&uu\xb55\xbc\xb4R|\xf8\xd5\xe0\x0b\xb5\
\xb3f\xd5\xee\xdc\xf9sC\xdbF_\xcc-\xfe+f\
\x1e\x81\xee\xa5\xa1' \xa5\xb9\xfd\xe5\xd9W\xab\x22F\
\xbb\xddn\x8bjUQmK\x8b=>\xeb\xa2\xa7\x0e\
\xd26\xbbM\x1b\xd7\x818i#\x1du\xda\xecvZ\
K\xd3\xb4\xb3h\xfbZ\x16!\x11\x22\xde\x0f&\x9d\xb0\
y\xfb\xc9\xb1f~\xac\x9f\xf7\xfa\xa7\x99y\xf3\xfbC\
\x87\x02B\x8f\xd9 L\xbaq\xac\xf5\xa5\xf7\x1b\x1a.\
}\xf2\xf4\xe4\xda\xc9\x93kk\x7f~)\xb8\xbb\xa4\xc0\
\xb7\xfa\xfd\xbc\xf1c\xf24;\x1e\x09\xa3\x1do\xbc\xea\
\x06x|U\xf8\xedo\x1d*-\x01g\xe7\x10\xf9\x85\
\x8dv\xda\xa2Z\xad2\xa8\xa3m6\x82|\xda\xe8\xe8\
\x1a\x9d\xf8\xc80z\x98SG\x8f\xdb\xbe\x163\x0cq\
{\xb0T\x9a\x01!\xde\xbc}A\xcf:S\xc0\x1c\x08\
\x94\x1cq\x04n\xcc\xb9\xce\xfb\xfb\x04k\xc0/^\xa3\
\x8a\xb6<\xd9px\xe3\xe1\xe2\xbf\xfd\xe7\xe4\xda\xe3\xbb\
\x0fw\x9e\xfd\xe8p\xc3\x96\x82`,|\xe2\xd6\x18q\
\x12b(\x8eD\xe4\x80q\xb9(j\xc1\x8d\xabN\xad\
\x92\xa6\xa3N-A\xc0\xb4\x1f/\xecsjU\x1fi\
\xa3\xd1\xa8\xd1i\xa4\x15\xb4N\xe7\xa4\x15J\xa3\xaeh\
\xf3\x22\xc00\xd20\x03\xa4\x10\x84\x19R\x81\xc7\xfd\x81\
@\x0a\x91,\xfa\x03\xfd\xa1~\xbf\xda\x90bMQ\x07\
\x0c\x86\xb1\xe2\xc7\xcf~|\xf8\xf0K\xbbkk\xfe\xeb\
\x9f\xb3&_ijxirm\x99\xef\x1fw\xc2\x8f\
t\xbeL\xb9\x229_\xbe\x83\x18\xc0\xb0\x80\xa5\x10\xec\
\xed\xbco\xd3:\x8dJ\x1b\xe9s\xfa\xd8\xd7-\xb6\xa8\
3\xea4\xd2Na\xec1\xad\xcd\xa6\xa4m\x0b\xaff\
\x13&\xb7h\xfbv,\x02\x22\xe2\xa9A\x0e\x226\xb2\
y\xf3\xe3\x81\xa3\xa1\xa9\xa15j\x83\xe1\xa99j\xb5\
Z\xbc\xe6\xbb\xef\x1c\xc2S?\xdeS\x09\xd7z\xa9H\
\xdb\xd2\xa5?\xef~\xeeo\xe2\x17\xfe\xf3\xef\x93\x9f\x9e\
5y\xd6\xe4/\xcf7\x10-\x01\x85\xa5\xae\xb0;\xb8\
\x83AD}\xeb\xe2`\xef\x1b\x7f\xfd\xc7\xcd\xc7\xb5Z\
\x1b\xad\xb5\xe9\x16:i\xe70\xdaI\x1a\xafjq&\
\xea\x12\x13\x15\xc6D\x1b\xadK\x8cl^\xb4\x99\x8d\xfb\
\xd4\x80E.\x80\x01Z1\xefd \xc5p7A\x1d\
P\xef\x0d\x18\xac\xea\x1f\x05\xa7\xdaz\xc4\xda\xa2\xb2\xf6\
/w\xa3\x0c\xc4\xba\x5cK\x7f\xb9\xbc{\xf7\xa7\xffU\
3\xabv\xf2K\x93'\xd7Ra\xa9\x14\xb2a\x80\xd3\
\xbf9\xfb\xfa\xf2\x87\xc6o\x82\xa2\xde\xe7^e\xf5\x98\
\xfa\xea\x09)[\xa9\xfc\xbaU\xa9p.\xfc\xfa#\x1d\
\xadp\xdat\x84\x80W\xd0\xc3\x9c\xcaU,\x02\x00\x85\
7\xcf[\x84\x90HJ\x18?\x0a\x88\x00fW\xccK\
\xbbqg\xacAM\xa8\xa6\xfe\xf6\x94\xfe#\xa7?'\
\xdb\x88\xe3T\x8b\xe3\xeb\x13\xa2U\xef\xf7>\xbc'\xad\
N\x00\xc2\x93\xcf_\xea\x18\x9c5\xf8d\xf7\xae\xa5\x0b\
*++\xd3\xe6\xfeU\xdc\x1a\xa1\xdca\x08\x11@\xbd\
\xcfu\x02\x80z\xdd7\xc3\x18#\xd7\xd9\xf3\xab\xcbW\
=\x9e8L\xe9\xfc\xe2\xda\x82\xb1\xef?\xf72\x89M\
H\xa0@\x01\x886\xcf[Dd\xcaaB\xa7c\x16\
\x00n\xc5\x8a\xc7\xadj\x83\xc1J\xac\xda3*\x87\xd5\
am\x89:\xd4v\xad\xbd\x7f\x12F\xbd(|\xf6=\
io\x84\x8d\x84\xdfX\xbakVq\xc9'U\x0d\xc1\
\x82s\x8fW\xfd\xf1\xa3\xcc\xb4\xfb\xe2\xd3oum\x8c\
\xcc\x15\xdfN\x1a\xb5\xfc\xec{\x1c\x85].\x8au\xe9\
\xa1\x0b\x85{]\x10\x80\x97w@$\xa2\x5c\x11\x0db\
)b\xfa)DQ\xd4\xe6\x15\xf3\x88F\xc1\x85\x00\xe6\
\x00\x85\x00^\xb1}\x95Uulj\x8b\xf5\xbbc?\
\xdeq8\x1cv\x87\xca\xa1\x0b^\xb8\xdd\xdf\xefL\x83\
.\xd1\xdc\x12\x8d\x94\x0as.\x96\x8a<\x12\xee\x9c=\
\xd8\xb0j\xd9\xd3\xb5\xeb'\x97Vf\xbe\xfe\xd7k\xef\
~q\xed\xcf\xad%\x02v\xe5\xc1\xb8ye\x10\x05E\
PJA\x0e\xb0 \xccJ\x09m\xce\xb8\x98MK\xe7\
\x22\x04Q\x01f8\x886\xef_\xa1\x07,\x88\x0b\x14\
Y\x12n\xed_q\xdf\xf1\x9d\xb2\xc7\xda2i\x8ev\
\xc4\x11;\xd9:\xb4\xfdJgK\xf4\xf4_\xa7\x09\x11\
\xe9\x1eL\x81Mb\xb1\x86B\x80A\xbd\xf7\xc5\x1b_\
h\x1a|\xb4V\xd8\x12\x0c\x8dHK\xab|\xfd\xcc\x95\
\xe7\x85\xfbK\x85'\xa4O\x88!\xe9P@\x01*L\
1s\x83\x90\xa2\x5c\x1c^\x8a9\x06\xa2^\xc0\xba\x85\
<\xc02\x90\x85p\xde\xfe\x15,\x01\xc4!!\xba1\
\x02\xec\xfe\x152UK|\xcfr\xb4\xd8\x12U\x86\xad\
[\xf7\x8dp\x8e \xfa\xcd\xe8B\x81a\x00(Y]\
\xf0HF8\x8f\x01;Bo\xdd\xbe\xf7\xc6\xdf\x8b_\
x\xb3vYf\xe5\xd7w,\x05\xb5O\xa7M\x9e<\
\xb9\xf8\xc9\xafw,\xcd#\xd0\x0d\xe3\x02\xc4\xc2\x13\xb5\
\x08\x05\x88\xe6\x82\x81\x04\xecu][\xbe\x03E8\xc4\
H!\xa4\xe6\xadX\xa1\xc7\xd2\x0c\x80@/\x859\x90\
\xc1\xee_r?\xee0\xd9U{\xc4-\xaa\xe8\x88\x96\
\x11q\x8bN\xd0\xf0\xe8\x88?^\xeb<\xf1\xc5G%\
\xdf<DI\x1f\xb9|\xbe\xb3\xb2j\xc3\x7f|8\xd8\
1\xb8\xe5\xdc[U[\xaa\xc6\xbd\xf0\xc3\xe4\xc9\x93'\
\xd7\xae\x7f)-\xf2\xfer\x8cpX\x84\x11\x80,\xe2\
\xe0\x83\x10\xef\xb9\xb7)\xe8B\x14d\xc7\x14 \x17\xf7\
\x8f\xf3\xf1\x96o\xde\xbfb<\x10a}\x98\xecG\x88\
\xf4\xc0\x92-*U\xf4t\xb4E\xeb(Y\xe8P\xb5\
\x5c\xa0GDmv\xa33\x1a\x1d\xa1\xb5iu\xbbo\
\x89\xbfJ\x7f\xfb\xc4\xd9o\x1e\xd1\x97H\xc5m\x97>\
\xdd\xb0A\xd8P\xfc\xc1[\x97:\x06\x8b\x8b\xcf\x89'\
\x0f\xd6\x1e_\x9dV9\xd7\xdd\x0b!\x04\x80X7 \
e\x81\x0b!\x8a\xe0V\x80r\x898\x11\x90\xa2^\xb0\
<\x98\x07\xa5\x08\xb2\x9b\xf7/q\xe9\x19)$\x84:\
f\x11\x8e\xec_\xb2%e\x9a#\x1a\x9a\xaaU\x0dE\
\x9dv\x9bM'\xfe\x9d1\x8e\xe6\x0f\xa3i\x9d\xf2T\
\xb8\xb3\x03\x81\xa5\xef\x89 \xc5\xbe~b\xcb\x86\xef?\
\xdc@\x1c\xd7'\xaf\xfcp\xa3\xe9\xf5\xae\x92\x92`m\
\xd5\xdd\xb7?\x0e\xee\xa0H\x0cLq,\xcc\xf8\xefF\
\xb9\xc2U\xabD0\x0fp\x1c\xec\x0d\x8b\xcb\xc3\x90\x15\
?\xe6\xe2\x22,\x80\x10n\xde\xbf\x9fH\x81\xd9\x07\x8c\
\x02\xc6\xec\xa3K*G\x8c\xd0\xda\xa2\xdah\xa2qX\
t\x81\x8d\xd6\x8e\xfd\x96p_\xb4Qi\xd3\xd1N\xe7\
\x02@AH-\xa5 {\x8dY\xdd\xb0\xf2\x9f\x976\
l\x18\x1c\xfc\xfb\x7f\xd6\x16^Y\xff\xf5gW^x\
\xa1\xe6\xca}\x8f\xa7S\xe3r\x9f\xff\x0a1\x88JB\
H\xfar0\x14\x14,\xe1\x1d\x80D\xe7\x14\x85\xc2\x14\
\x90b\x86\x03\xc4d\xc2%\xfb\x97 \xa0gX\xa2x\
 @\x00\xbb\xff\xd14\x95\xd6\x1eu:\x9f:\xe5\x8c\
F\xa7\x922?\xffH\xe9\xb4\xa5\xea\x146\x05\xad\x9c\
$^\x08\xa0;9\xe6{\x04AMx\xe9\x96-\xf7\
>xq\xc3\x86\xc1\x7f~*\x9e\x94\x96\xb3\xb2\xe1\x9f\
\xeb\xc5O\xaf\xaaLoz\xebD'\xa4\xd0\xa8\xdep\
g\xf8\xe3P(\x14\x0c\xa5\x9d9\x0c6\x15\xb0\xf7\xcf\
d\x00\xe6\xd7\xe1\x09\xc7\x03\xf5\x15K\x1e%\x905$\
1)E\xa4\xa4\x8f>Z\x15\xa5\xa3Z\xbb\xcdf\xa4\
\xa3\xc6\x11[\xa3:{\xdf)\xa7=z\xe7\xc7T\xda\
\xa6\x8bF\x0fNeY\x17\x97\xd4\xf4\x13\x85\xf4\xfa\xc8\
\xf8\xf2\xfb[\x9a^\xeej\xbbo\x91\xc9\xfe\x90\x96v\
R&<\xf3B\xf1OO\xde\xa6\xdc\x22\x11\xd5\xbbz\
\x94\xef\xdd\x90 \x16\xc4\xa1\x93\x22\x17\x05\x92DR2\
)2\x80\x08\x80$\x8a\x80\x06P\x04\xe7-!C\xc0\
1\x22\x92\x07\xc20\x80]\xb2\xa4\xd2f\xa4m6\xda\
f\xd4)\x9d\xb4R\xdb\xb4UI\xdb\x94:\xe5\x9c\xa0\
S\xa7s:m\x8a\x1c\x88\x00\xe3\xba\xf8*b!C\
aQ\x95g\xd5\xaa\xfb\xaf\xffU&\xab\x5cuu\x8b\
$\xa7|i\xf7\xf3\xeb\x83s\xab\x1e\x82\x14\x92\xe2\xca\
PH\x08\x06\x85\xfb'5\x9a\xf3\xe7\xa0H*EX\
\x94G\xc1\x92r\x91F\x04\xdc\x22JC\xcd\xdb\xbf\xc2\
\xc51\x10H\x01\x07Y\x840\xbbdI\x95\x91\xf0\x95\
\xce\xe8\x82\xc7\xc5Si\xa7QG\xebh\xa7r\x81b\
\xd2\xb3\x8f\xbf&v\x1aiZ\x89\xa4,`\x1eq\x8d\
\x02\xeeX\xb2\x8f\x0a\xc3\x97\xbfDy\xe5\x9e\x1c\xcf\x96\
\xdbg\x0bXt\xfe\xf2\xe5\xa6\xefoG\xa4aDU\
\x9e\x09\x85BB\xe8+O,W\xd3I\xc0\x12 \xd5\
\xb8\xddya\xb7&)//)\xcf\xb7'\xc9\xa7\x99\
\xb7d\x09\xc9x\x89\x03L\x98\xe8O\xf6\xafHS\xd2\
\xd1l\xa7Qw\xec\x86R\xa7\xd0)\x9c\xb4S\xf7\xfa\
\xf5\x11\x89:\xdd\xb3\xa4x\x05m\x8cpK?\xeb\x1d\
/\x0d\xc7.wt\xbc\xe3\xa3D,\x0bG\xe5\x85\xf3\
\xdc@\xd4{\xfb\xb9\xb3\xdf4\x07\xc7\xf8\xc6\xad\x07\xae\
-\xa1x\xf6\x8b\xf0\xd8c\xe9\xe9\xe3O\xdfv\xbb\xa5\
>\xb7\x86\xf2\xf9|\xbe\x87\x0a\x924\xbe$\x8d&\xdd\
\xe7\xd3\x10S\xcc\x91\xcc\x1b\x02\xc5E\x10b\x9f_Q\
\xa5\xd49&\xbd\x99\xea\xa4mN\xa7R\xa14&*\
\xe8\xd4D\x9dN\xa13*\x95\x0a\x9d\xee\xed\xb7\xe6~\
Q\x80\x00\xfc\xf8l\xef;\x0d\xc7v%\xbd\xfe\xf2R\
qf,(\x12e@\x08\xc2/g\xb8\x934\x9d\x10\
\x94\x8b\xdf\x0b\x86Bbq\xf0\x0f\xf7-\x8d\x8f}R\
\x90\xa7\xf1i\xdc\x9aQ\xe9>\x9f/6*\xb9\xa9\x9c\
\xa0\xd8\x9d\xd7\xd2c\xb1\xcd+V\xb0zLL\x16\xd9\
\x1f\x11\x8bW\xccK\xd3)II\x8a\x8fh\xa5\x93N\
U(\x08\x8f\x92\xa8\xa3u\xca;\xa7\x085\xa5{V\
\x1ca\x89\x92\x0ca\x08\x80\xeb\xa1\x0c7\xa4\xe6\xe6A\
\x86`b\x10@\xe9C; \x84n\xf6L0(\x88\
\x83\xd7VU\xc7\xca=\x99\xe9\xcb\xd6\xcfoL\xae\xde\
\xad9S\x15\x8b%\xc7\xe2\xca\xd3\xe4\xe7n\xa7\x8fJ\
N^\xb4b\x1e\x06D~\x0a\x08\x1c\x88\x00;o^\
\x1a\xed\xa4I\xb1\xb42\xd5\xa8\xd4\x1a\xcf\x1d\xa3mJ\
\xe2F\xd0N\x85.\xea<\xb5 \xd1-\x0a7]\xa6\
\x5c(.\xe8\x03O\xb8\xe0;\x9b\xdc\xb7\xcb\xc3\xa1\xe5\
R\x02\x89Q\x04\x18s\xbf\xd5\x11\x0a\x0a\xa7\x1e\x9e\xcb\
\xc9\xe7\xa6-\xf7x|\xb1\xba\xe3\xcb\x92:G\xedN\
N\x8e\xf9\x04!M\x88|y\xb8\xb1\xba\xd1\xb7\xbbl\
\xfb\x8a\xcd\x98e\x88\xf0\x11CV\x0f0\xb3h\xde\x5c\
\x85B\xa1\xb4)\x14\xd9J\x9d\xedd\xc7I\x85\xce\xb9\
0[\xa1S\xeaRi\x85\xceFg\x8b\x7f\xbf\xe9\xf2\
e\x16\xc2\xe5\xe2H\x8607\x1c\xa6\xa4\xac\xeb\xeb\x1f\
\x92\xdcn\x0d\xbb\x5c\xff\x8f$\x0d,?\x91\xa7\xe9}\
\xf5\xe2)\x8b\xaf\xf3\x85\xa6\xb2\xe4Q\xc9ei9\xb1\
\xe4\xe4]%\xcb\x16\x8dk\x1c>\xfc\xf0\xd2]\x1ft\
\x96\xd5Mi\xdc5\xa5nWc\xe3\xf6E\x9b#q\
Q\x17\x00.\xcc!\xcc.\xda\x5c\xa9\xd4\xe9N\xfea\
\xaa\xf3\xf7Q'm\xd4\xfd\xe1\xe0\xb1\x05\xc3\x14\x0a\xa7\
R\xa7\xd4e\x1b\x95\x0a\x85\xee$\xe6\xb0\x14\x85]\x18\
\xe4\xbd\xd9\xc9\x5cF\xd0\x15\xb9\x1cF\x00\xe7Q\xa2\xf0\
R\x0cG\x9dN\x0a'i|\xe9\xbe\x98/9V=\
{J\xaclx\xd9\xf2\xca\xc6\xc6\xb2\xc6\xba\xea=\x9f\
>?\xa5\xaent]]\xfd\x94\xe6)?\xff<\xa5\
n\xca\x94\xb5\x8b\xb6\x13\x1d\x17q\xcb9\x8ax\xb4\x8b\
6K\xe8a\xd19\xb4R\xf7\x1a\x19\x86?\x08\x1d\xd7\
\xdb\x8cF:1\xd5H;\xe7\xa4\x1au\x0a\xdd\x13P\
\xc4a,u\xb9\xb8\xdeG\xc2,\xc5\x10g\x16BB\
\x90\x88P\x9e\xfb\x9b\xb3\x84e8\xcd\xe1X\xac\xacl\
\xe9\xe8w\xde\xd8\xd9\xb8\xeb\x9d=\x16y\xdd\xd2\xc6]\
\xdd\xcd\x8d_\xee,\xd9\x19,\xd54\xe7w\xe7ww\
77O\x9c\xb2}\xd1\xf6\x08\x8b\x08\xffG\xb1$\xf1\
\x8b\xdb\xbe\xb6\xd2\xa9S\xe8tM\xaf9u\x8a\xd4\xd4\
\xd6?\x1c;\xb8\x90\xa6\xc7\x8a\x15g\xfe\xba \x91\xcc\
\xc9\x93\x98\x02\xec?.c\xc4PU\xd7X$\xa5@\
\x86T*E\xe8\x9a/\x0c5yn\x8d\xcf\xd7\xf9\xb0\
\x90\x1e{\xb3swc\xe3\xae\x97v\xed\xaa\xff\xe4\xcf\
{\xdexN.;\xf1\xa7]\x7f\xfe\xf3\x94\xee\xee\x92\
O\xaf,\xcb\xcf\xcf\xff\xf9o\xddu\xcd\xf9\xf9\xf9\xb3\
\xb7\xaf\xe5\x22D\xdfE\xe8t\x22\xaf\x9b\xbd\xbdJ\xa9\
T(\x95\xca\xd7R\xc7N\xb5\xe9\xc8z\xa0\x8d:e\
\xaa\xee\xd4QqT\x97j\xa3\x81(,\x05\x8c\x8b}\
G\x03I\x12\x1c\x80\x22\x17\xa4\xf2\xa4\x1a\x8dk\xcf(\
\xb7\xc6\x97\x14\xf31\xb1\xd8\xee\xdd\xb1X\xec\xd5\xce\xb3\
\xef\xfdP\xd78\xe5\x977>\xcc\x97y2\xf3\xf3g\
\xe6\xe7\xef\xfc\xdb\x0f3\x8f\xff\xf2\xe9\xb2\x993g\x8e\
\x9bI\xae\xd93f\xb0\x11\xa2\xc4#\xfa\x1e\x12W\xac\
-JKU(\x14N\xc5B\x9d\x92\xd6\xfd\xb8@a\
Lt*N\x0fs*R\xc9\x8aT(\x09F\xfc\x97\
\x1d\x08^\x1e\x0f()E\x00i\x84\x804I\xe3\xeb\
L\xd2\xf84\xe9\xbe\xe4\xb2\xea\xb2\x18i|]]c\
\xe3\xae]S\x9aw\xed\xde\xf3\xca/W\xd2r\xbas\
^\xc9\x9f9\xf3\x9b\x7f\xce\xfca\xdc+\xc7g\x0a3\
\x8e\x1f\x1fw\xfc\xf8+\xc7g\xcc \xc2YH\x82S\
\xc0 \x0e\xb1kgHh\x85NaKM\xa4\xc5-\
\xa9\x89:'\xa9\x87N\xe7T(\xb3\x95\xc3\x8c\xa9$\
z@\x80e\x5c\x88\x22\xb4\x1e\x80\xe0\xbc\xcfu\xbb@\
\xe3K\xea\xcc\x14'''\xc7:\xcf6\xd6\xd55\x0e\
o\x9c2e\xca\x94\xe6\xee\xee\xee\xfc\x9do\xbc4s\
\xdc+\xff\xf4\x1c\x1f'y\xe9\xfb\x9d?\xcf8\x1e\xcc\
/:^x\xe5\x95+W\xae\xcc\x981\xfb\xca\x8c\xb5\
E$\xa3\x85\xe3\x00\xeb\x22\x848^[\x94\xa6T:\
\x95\xba#\xd9\xa9\x8a\xc4\xec\xecl\x85.Qy\x92N\
U$\xd2\x8asS\x95aJ\x0a\xe1Y\x0aP(\x0c\
E\x04\xfb\xa6D\x9a/{5\xbeQ\xbeXlT\xec\
Dr\xf2\xf0\xba\xe1u\xdd\xcdu\xcd\xdd\xcd\x13G7\
w\xe7\x17\x16\xce<\xf3\xe5K3w\x96\xbc\x92\xdb|\
\xe5xN\xdd\xf1\xd9\xdbg\xcf\xbe\xb2}\xd1\xb2e\xcb\
\x84eq\xf2p\xc6\xb8\xc2\x88\x9e%\xeaB\x0c\x19\x92\
\xde8c\x5c\x1a\xa1\xcf\x8c6\x22CW*R\xb3S\
S\x95\x89\xf6{\x89\x0a\xa7\x22q\x95\xd8\xe7\xce#\xc6\
\x87\x11q C\x0a2\xca\x9f\x93\xea\xc5>7\xb1\xea\
\xc9\xbe\x02qrY\x9c\xe2\xdbu\xf6Lw\xf3\xfc\xee\
\xee\xe6\xfc\x99\xe3v\xee|c\xc6+\xc7g\x5c\x99\xfd\
X\xce\xece\xb3=\xab\x17-Z\xbfh\xd9\xa2\xa2E\
\xcf\xaf\x7f~\xd9Oo\xae_\xb4\xfe\xf8\xb8B\x8e\xf8\
!8\x0eQ1\x98+\x1a'\xeb8\x98\x9a\xadL\xd4\
\xd1\x89\xd9\x84\x0c\xd5)h\x85\xf2\xa4\xf8\xf7\xc6D\x8a\
b\x99M\x0c\xe1r \x0eK\x89\xcb\x8f\xc2O\x84\xdd\
I\xbeQI\xe9\xe9\xb1\xb2\xc6\xc6\xc6\xe1u\xbb\xea\xba\
\xa7\xd4\xedj\xde\x95_8\x93\x08\x9d\x8f\x1f\x7f\xa3p\
\xc6l\xc2\x94\xee\x92\xe4\xef\xee,\xcf\xcdy\xd8\xe2\xf1\
H<9D\xb4\xeaY\x95\x93c),*\x22\xdaQ\
\x02\x92\x00\x0eq\x0cW4.\xa6L\xd4)\xc8C\x91\
\x9d\x9d\xaa\x5c\xa0HT<\xf5\xc7\x85\xad\xc7\xde\xbe\x1c\
a\xd8\x08\xc0\x10\x12V\x06B$\x8aH\x81[\xea\xf3\
\x8d\xf2\xa5''\x13y4\x19\xf7\xf3{\xa6\xe4w\xe7\
\xe7\x17\x929\x1e\xab\x92\xe5\xe4\x10\x964'W\x96\xe3\
\xb1xr\xe5r\xc2\x1df\x11\xed\xafG\x96K$\xd8\
\x16\xcf\xb8q\xa58\xee\x9d\x81\xb3\xc41\x04\xdc\xc4\xc2\
BE\xb6R\xa1KM\xccVf/8\x99\x9d\x9d\x9d\
\xb8@qR\xf7NG\xd3\xffa\x11\xf1\xa5(\xc4\x02\
$r%\x01)\x99\xfb\xe4\x1a\x15\x8b%\x97\xd55\xd6\
\xed\x22\xd3.???\xbf7\xcd#\xf1\x10\x8a5\xd7\
\x92K\xa8?\x19\xf9\xd3#\x8b\x8b\xbe\x09\x8d\xe7!\x0a\
b\x89,.\xc5.,\xccC\x0f,qS\x84L\x01\
\x96\x9b\x99\xbf)Q\x99\xa8Td\x9f\x5c\xa0Pd'\
f\xeb\x12\x9d\xd9.\x88zI\xc6F/\x05D.\x80\
Ea\x8a\x9d+\x8aA\x9f\xdb\xad\xf1u\x12v\x99h\
\xeb\xa74w\xc7*-\x1e\x8fLn\xc9z8K\xe6\
\xb1x\xe4\x96\x5c\xb9Lf\x91H<\x12Y\xa6L\x22\
\x91\x90ZX~\xa5-\xb3<2\xb9\xc73\xb1\xb0\x94\
CX\x8f#\x00\xec\xdb\xa4g\x08^U]Xx\x92\
V\xa4*\x94\xba\xc4De*\xbd\xc0i\x11\x017Q\
C\x93\xb0W\x04H\x1a.a&3z5nMR\
Rz\xf2\xee\xe4\xdd\x8d\x8dei\xb9\x1e\x99%'+\
+\xd7\x92K\x1a'!\xe4$\xa1H-\xb2,\x89\xac\
R&\xf3\xc8e\x99\x92LI\xe6\xc3\x0f\x93\xf2%\x12\
\x8b,\xde%\xe5\xa5\x85\x14\x8b\x00Iq\x02\x1d\xdf \
\x86C,\xc3\x8e.\xcd?\x99\xadLTd\xa7&.\
HM\xcb\x83 \x22E%\xabX*\x03\x12$\x0fq\
\x14\x05{aX\xeaNr\xfb\xc2\xbeM2\xa2\xa3\xcf\
\xca\x94=,#\x9ch&\xe9\x5cO\xa6\xfcaI\xa6\
,N\xf5\x12\xceU&'\xdaq\x99\x84\x90\xbf\x12\xb9\
\x5c\x22#Br\x99E&\xcb\x89\x94\xe6kH\xc7\xe3\
\x0c\x14\x02%\xc1\xcb\x5c$\x12\xc1\x98\x1dS:\x7f\xb8\
\x22\x91\xa6\x1f\xe7z\x01r1\x10CW\x84!{\x95\
\x140\xe1\x0c\x0aRR\xb7\x88\xdb\x94\xe6\xf1\xc8sr\
%2\x8f\xcc#\xcb\x91\xc8\xe3}M\x0a\x91g\x92\xc2\
,\x16\xf2\x97\xbc2S\x22\x97d\x11\xd6Xf\xc9\xcc\
\xcc\x94\xa4\xc92\x89v\x5c\x9e%\x97xr<\xa5\xf3\
\xe7SL\x04\xb1\x0c\x13\xfe\x0baLBK)\x16q\
\x1c\xd6\xa3\x89\xa5\xf5c\xc8\xc6@\x85\x01\x15!Zz\
\x14\x06\x0c\xc3\xc2^\x10\x96\x16Xdr\x8f%\xd7B\
\xda\x95\x99IX\xf4\x87%2\x99\xe5aI\x9cg&\
U\xa8\x94\xcb\xb2\xe4\x99r\x99\x84\x94\x9e)\x97\xc4\xe9\
\xf6L\xf2y\x89\xac\xd2\x22\xcf\xb4H<\x16\x8f\xa7r\
x}\xe9p=\x8b\xd9\x08\x9bA\xbd\x1b\x14\x83`(\
\x14\xfa\x0b\xe1\x82Iv\x10\x988q~=\xc50\x88\
\xf8\x8a\x88\x92JEL\x18\xce\xcd\xb4\x90\xd4\x03\x99\x8c\
\xa8\xd8\x09\x9d.y\x98\x8c\xaa$~\xc5Yu\xc2\xa8\
\x93)G^I\x1e\x96d\x92\xcf\x90b\x89\xd8\xde#\
\x8b3\xf0\x99\x0fK\xb2,\x1e\xb9\xa4\xbe\xb9~\x02\x17\
\x97`#VZ\x12\x12\x87\x08i\x15\x0a\x95DD\x88\
\x5c\x1c\x83}\xa3'N\x9c\x92N\xf2\x5c\x10\xc3\x11\xbd\
{\x96<W\xf6\xb0\x9c,f\xd2\x89\xf2L\xf9\xc3r\
\x0b\xb9\xbb$+\xf3a\xcb\x83\xc2e\x99\x12\xb9\xfca\
y\xfc\xdf\x1e\x8fE\x92\x95E\x04\xfb\x12\x89\xeca2\
\xe4\xf1\xa1\xf7x\x1e\xceuO\xac\xaf\x1f\xady\x90L\
\xcea\xb4\xfa\xb7\xe2\xf5P\x93\x9e\xd1K)\xc8r\x11\
\xc0a\xdf\xc8\x09\x13'L\xa8\x1b=!\x99\x5c\xb1\xe4\
\xe4Q\xe9\xa3\x92\xd3cd\xf1\xa7\x93W\xe4\xe5\xa8\xf4\
\xf4Q\xe9\xb1\xe41\xc9q\xb5\x03\xf9\x98/\xe6KO\
OO'O\xe4\xaf\xf4\xf41\xe9\xc9\xc9\xe9\xe9\xe9\xb1\
\xe4\xe1\xc3\xcb\xea\xea&\x8e\x1e\x9e\x84(D\xe4\xebl\
\x06@s\xc5\xa1P\x9c\xfd\xfe\x17\x93\x1c\x14_\xd3 \
\xc4\x92\xf5\x80XRAD\xb4\xeb\x80r!\x17\x09\xb3\
\x11@\x11\x17\xcbq,Kr\xa5\x10\x1b\xef0D\xb1\
\x84l\x85D7\xe1\xe2\x5c\xc4\xb7qq\x04\xafC\x08\
EX\x0es0\xd2\xeb\x22\xfc;\x11\xed\xb3D\xf9\x8e\
X\x062\x22\xaa\xf7\xac8\xf4/\xf6\xbc\xe37\xe4u\
\xc9\x93\xc4:q\xf1T\x14\x92?\xa9G\x80\xe5H\x0a\
\x22\x11\xb4\x02\x800\xa4\x08\xac\x83\x80\x8b\xc00\x22\x11\
\xe1\x1a\xe3\xe5q\x11\x92\xbc\x88\x89\x86\x8b\xe58\x92g\
\x8fXBM\x92\x8d\x96\x84>8\xbe\xd4\xc9\xb0F\x18\
\xc4|\x11\xfa\x0d\x7f\xfe\xaf\x0a\x08\xbfvCH|\xa6\
\xaa\x00E8=\x22,:\x88\xeb\xff\x09\x19N({\
r\x17\x06\x880\xe0D\xcc\x83\xb3\x058\xac\x8fS\xf9\
\x800\xf7\x0c\xa9d\xbc\xa6\x8c\x9eC8\x830\xf9\x84\
\x8cg\x880\x01`\x11\xcb\xa1Mo\xbd\x18\x0a\x85\xfe\
\x9d\xbe\x7fP\xee\xff\xf4A\xb0\xa3$\xd8\xf4\xd9\xed\xf3\
\x058\x9e\xfe\x80Y\xa2e@\x116\x12)\x88\xb08\
\xc2\xe9\x89 \x10pl\x01\xd14\x90\x1c\x186\x9e\xaf\
\x10\x9fWz@\xd2\x1f\x00\xc3E\xf4\x1c\x07\xf4\x0cG\
\x91l\x08\x92/A\x12\xe8\xce\xbe+n\x22\xc7$\xfc\
\xa6\xb4\x908\x18\x04\xff\xae_\x10\x0b\xe7\x1a\xe6\xf6F\
\x22$\xd5\x01s\x0cGt\x08\x88\x89\xcf\x1cL\xf2\x0e\
\x10#\x8a'T0qh\x85a\xf4\x80a\x19\x86e\
2\x88_G\xf4\x0b\x9c\x9e\x11!\x96\x038\xee\xef\x89\
\xe2\xa3\x12\x1f>\x92^\xca\xa5\xbd%\x04\xff\x1f\xc5\xc4\
\xbfU\xa0#\xf8\xee\x0e\x84\x18\xd20\xa2\xe5\x00\x08S\
\x04P'\xa0>\x82\x0c$\xb3\x89\xc9 \x19\x10\xa4k\
\xa1\x08\xc10\xc3\x02=I\xb9v\xe9\xe3\x99\x1f\x98\xd1\
#J\x8fX\x8a!d\x0c\xa0\xc8\xb9\x0dL\x04\x90\x0a\
#=\x99\xdcH\xba\xe3\xeb\x7f\xaf\xc1o\x15\x14\xa1o\
A\x01KF\x8e%d\x16\xc0D\xc1 \x02\x14\x14\x89\
(\x02\xedA)\x83\x5cX\x9a\x91A\xd6\x92\x88y\x04\
JA\x06\x0cK\x01 Y\xe3 .\xa0\x88\x9f\x03A\
q\x88\x12\x89 `\xe2\xd2\x898dF\xf0|\x12\x87\
\x12\xd0N\x9a\xf6\xf1o\xca\x14~\xd3\x03%O\x10\xed\
\x07\xea%r\x0cD2pI\xef\xea] ##\x0e\
#\x85\x89\x96\x02\xc0\x8cx\xe7\xeb3\x10\xa40\x85 \
\xa2\x08u\x038\xa4g0\x15\xef\x1b\xc00z\x06\x8a\
H\xb5\x88\xe6\x84\xc1\x84\x14\x89\x8f$ \xda\x90\x08\xa3\
g\x96\xfff\x1e\xfeO\x0f\x84\xfe\x12_T\x22\x92\xcf\
D2V\xc8\xad\xdcP\x0a\x11\x85DD\xc7\x01\xddP\
\x1aWp\xc4\xa3P\xa2\xd7p!)H\x82\x88\x82P\
C\x96b^\x1e R\x5c\x18\x7fHE\x1a)\xd1|\
@\xe2\xc0\x22\xa2\x00\x01\x08\x91\xba\x8b\xe2Z\x9aM{\
\xfe5\x0e\xa1\xff\xe9\x81\xb3,\x8e3\x08,\x99\x03(\
}\xf8\x84\xe1#\x87\xc7SX\xc6\x8c\xac\x1eC\xd2Z\
\xe2g`\x8c\xa9\x1e\x13?\x1e\xa3z\xcc\xafb!\x92\
\xeeR=\xa1\xbaz\xd4\xc8x\xa2\x0b\xf9\x08\x11\x13\x8d\
\xac\x9e02~\xa0\x06IGJ\x1eY=|B\xb5\
O\xa4'\x8bYO\x5c\x0b\xd0{\xba\xe3\xdf{ \xf8\
v\x04c\x17$\xc9\xa4\x10%\xd7\x8d\x1e=q\xf4\x84\
\x09e0.\x12\xd9\xf2$y\xaa\xaa\xaa\x02U[\xaa\
\xca\xab\xaa6=P\x8cT\xfdKC\x12\x7fT\xc5\xb5\
#DC\xb2\x9ahJ\x88\x8c\xa4\xaa<R\xbe\xbaj\
uyU\xa7o\xe2\xe8zr\xc7t\x91\x08?\xd8s\
\x00\xf8\xfa\xdfW\xc1\x17d\xdds.\xc00T\xfa\x84\
\xd1\x13GO<\xb17\xb0\xcf{h\x1b\xef\xddvT\
\xd8\xd7\xe7=rh\x9by]\xc8\xcb\x9b\xc4G\xe7\x1c\
0\xc7\x0f\xd5 \x07s\xf0\x03^~\xc0\x9b\xc0\xdf\xe0\
I\x8eI<U\xc7l~p\xd2\x87)\x9evB^\
\xf5\xf0\xa6\x04~l\xd5\xc4\xfa\x89\x13G\x8f\x22\xe9Q\
\x0c\xe6\xf4\x94\xf4\xaa\xf0\x9b\x0a\xfcEO2\xd9@\x06\
@\xbe\x89\xf5\xf5\xf5\xd5\x1b'\x9d\xae\xe0\xfd|G\xcf\
^\xaf\xf7\x90\xd0\x17\x0a\xdc\xfd1\xd8^\xe1\xe5\xcdk\
\x0cc+\xc4\x0f\x94\x13<\x91\x94L\xff|\xc0\xec\xbd\
w\xe3\x96\x9f\x8f\xa7\x08\x99\xccf\xbf\xb9\xdd\x1f/\xdf\
L\xb2fx\xaf\xb9\xaf\xa3\xbf}\x1b\xa9Y\xa0\xb1\xbe\
\xbe~\x02\x85\x09W\x8c(&\xa3\x89\x18\xde\xb8!\x0a\
\x96`=1\xbd\x1c\xe2\x92\xeb\xeb\xebG\xf7\x0b\xad[\
[\xfb\xf9\x04~\xecQ\xa1\xc2;\xe0\x1fX\xe7\x1dX\
,TT\xf0c\x0f\x09=\xa1\xa3\x03\xa4\xcd\xbc9\x81\
\x1f\xb8\xfe\xb9\xf9\xf3\x1e\xaf\xf9&I\xb5\xe1\x13\x12\x88\
\x84\xc4l\x1e:@\x8e+1\x99L\xed\xe6@_h\
q\xc0\xb4\xd7?=t\xc8o\x22\x82\x8e\x89\xf5\x13\xeb\
\xd31\x13&l\x11\x90\x86~MF\x13\x84\x1d\x98#\
\x8b\x0bfL\x98_\xdf\xfc\xfc\xd9\x8f\xdb\xbaZ[\x83\
\xfd<\x9fp4\xc4\xf3\xe69B\x8f\xf7\xee\x9du\x87\
\x16{{L\xed\xdb\x0e\x1d\xb9UQr\xc4k&\xda\
\x92\x1e\xf1\xdd\x04\xde\xeb\xf5z\x13\xe2J\x06\xf3\x8b\xbc\
\x99o\x1f\x0a\x09{\xfb\x88\xa0\xc7l\x9e\xd3\xa1\xde+\
\xf6\xf2s\xc4}\xdev\xb3\xdfoJ\x09\xac\x9a__\
\x9aN\x168\x07\xa8\x8c-\xe2\x07\xdb\xb1p6\x82\x11\
$\xba\xb3\xea\xd2\xd2\xb2\x92\xc1\x86\xc3m+\xbb\xba\x0e\
l\xed\xf7\x9a+n$,\xbe1\xfd\x99\xd3\xfe\x03\x07\
*B\x87\xccG\xc5^\xef\xc0\xc0\x85\x81\xbf^Xl\
6\xf3\x03\xbcZ\xb8\xbb-!\xde\x17\xbc9a,o\
\xba\xd1n\xe6\xfbn\xec\xdb7\xb45@\xb4$\xe6\x8a\
\x1b\xa7\xef\xae\xf1\x9b\xfd\x06\xd3\x9d\xb1DD3\xcd\xa0\
6\x94\x96\xd6\x8f\x8a\x87cH\x8f\xae\xfe:\x07z\x19\
\x06K1\xd2\x8f,-\x1d7x\xee\xb3\x0f_\x0a\x92\
\x1a\xb4\xf6\x09__\xb8Z1\xf4u\x82\xf9[\xa1\xa7\
\xc7\xcb\xf7\xf0\x87\x86\xc8\xc0{\xb7m\xbbx\xc0\xcb\x1f\
!O\xd7\xbf#-\xe7\xc5\xfe#B\xfb\x83^\xe8\xbb\
q\xef\xbb\xa1\xbe\x00\xe1@\xf9\xc0\xbe\xbe#\xe2\x00y\
\xff\xe39)\x81i\x01\x83\xda\x90b(--\x05l\
$\x92\x01\x00;7.d\x0a\xbeE\xec\x1fB\xc0W\
ZX88\xf8A\x93p\xe9\xda\xc6\xbfN\xfa\xd3\x97\
%}\xfd}<\xdf\xe3MH\x18Xg\xf6\xf2\xbcp\
O\x10\xfa*xoB\x82WX\xb7w]h\xdb@\
\x82y\xe8`{<\xcbi\xf1\xd0\x90\x97'\xb3\xd0d\
\xee\x19\x1a\x1a\x22s\x90\x9c\x851'`\xda\x1b\x08\x98\
\xfcD\xc1\x93\x12g\xe4R\x0c\x86\xd2\xf9\xf5\x88\x09\xe3\
\x0cL\xc1\x8f\x85 \x08\x0a\x0c\x09\x8f\x11\x80\xa5\x85\x85\
\xe2\x0d\x1b~\x12\x9a\x8ak.\x9d\x0e^;\xd8\xd3\xba\
u+\x1f\xbfz:\x0e\xf5\xf0\xfc\xba\x0b\xdf\xed\x1dH\
\xf0nk\xbfh\xbe\xb1\xf8\xc7\xefz\x12\x12x\xbe\xdd\
\x1b_\x10\xfc:q;\x9f`2\x9b\xc7\x9a\xcd\xe6v\
\xdeoz \xe5\xe9\x0b\xa8\x03\xe6\xc0\xb4i\xe4T\x8c\
i\xd3H\xf1\x0e\x83Z\x9dX\x9a?\x11\x11\x01*\x10\
-'\x89l\xdf\x10\xb3\x0b(4\xa1\xb4\xf0\xbd\x8f/\
m\x10\x8aK\x06\x8b\x07\x83\xc1\xb6\x92.\xa1\xabuR\
_\x5c5v4t\x8b\x943t\xab\xc7+T\xf0\xcf\
\xf4m#\xba%\xa2\x5c\xf2'L\x9f\xce\x8f5\x1d\x11\
z\xf8\xf6\x14\xd2\xeax\xbe\x9a\xc9\xf4@N\x14\x9a\xae\
\xfeU\xdf\x91\x12\x08L\xb3N}\xfd\xba!E\x9d\xe2\
(+\x9d\x9f\x14\x97\x0cbwS\x10\x04\x97\x03\x10G\
\xbaJK\xeb\xef\xb6\xad\x14\x06\x8b7\x88k\x84K\x83\
\x0dm\xc1\xad\xc1\xfe\xfe\xd6@\x02\xcf_\xdd[q\x97\
\xf7\xfa\x8f\x08\xde#\xb7\xd6\xf5x\xbd\xedk\x0e\xf5\x10\
+\x90\xe0'V'`2\xf3\xedf39\xf5\x87$\
\xcb\x99\xc7\xfa\xc9\xc93f\xd3\xb4\x945\x81\x14\xb5\xc1\
@\xf2\xc7\x0c?V\x04L\x17\x03\xa6~\xb5\xd50U\
]ZZ\x8f\xc9>\xcf\xc2\x8f\x04 &\x8aG\xc4\xe0\
\x09\xf9\xf9\xd3\xaf\x7f\xdd\xf6\xd2'\xc55\x1b6\xfc|\
n\xfd\xe0\xe0\x86\xb6\xb6V\xa1uR \xc1|\xf7\xbf\
\xcd!\xff\xe3\xd5\xc57\x0e\x08\x17z\xcc\x87\xbc=\xc2\
b\xaf\x99\xf7\xf2\xa1\xa3\xe6\xb1\x81\xd0\x1a\xd3kd\xf6\
\xb5\xb7\x9b\xe3m\x8f\xcb\xa9\x02\x0159\xf0gN\x8a\
\xc1j%\xe7\xdf\xbcv\xd3kH\xb9\xa3\xb2\x0ak\xac\
\x06\x87cUii\x1e\xf1kY\xf8P\x08\x9c! \
\x15\xc4\xa8\xb4\xb4Y\xdd\xdf\xfa\xfa\xbd\xb6\xe2\xe2\xc1s\
B\x5cH\xd5\xb0\xb1\xabkkk\xbb\xb0\x8eO\xa8X\
g>\xb4\xa6\xfd\xde\x85C=\xfb\xfc\xc2\xbaP\x8f7\
np\xbd\x8b\x17'\xf8\xf7z\xd7\x89y\xde\xa4\x0e\x0d\
\x98\x02\xfe\x80\xe9W%\x15\x99t\x81>\xb1)%\xc5\
J\xc6\xbd\xc3@\xeaau\xd8\x1d\x0f\x8e\x00*,E\
.\x8a\x8d\xb8\xa4b\xf0\x16\x17\x9f\x82\xbe\xc2\x99\xea\xc5\
B\xeb[]\xd7\x0e?\xb9\xfe\x93e\xc55\xb3jj\
\xd6\x0f\xae\xec\xea;(l\xed\xe3\xf95BEOh\
\xaf\x95\xe7\xbdk\xc6\x1e8}h`\xc0K\xd4\x83\xde\
#b2\x0f\xcc&\xded2\xac\xf3O\xbf\xd8>]\
\xf0\x07\xa6\x11%U\x8a\xb5i\x8dA\xad\xb2\xaa\xad\x06\
\x83C\x15g\x84\x89\x9a\xca\xe1p\x90\xf3pV\xcf,\
\x05q\xd3\xc3~\x0c\xca\x09L\x22B\xf3\x0b\x0b\xf9\xf6\
\xfeI\x17\xbb\xde\xcb\x8e\xbar\x00\x00 \x00IDA\
Thh\xfb$.\xe5:\x5cRS\xfca[\xb0\xad\
\xb5uR\xa0}\xef\xe2\x0b\xc2\xe2{\x9f\xf3\xfc\x11\x81\
\x9f>D\xe4u$3\x94\xe7\xdb\xe3\xbf\x02?\x9a\xc6\
\xae\xf1\x9b^\xbb\xdb\xde\xb7\xf8\xebm\xea\x14\x03\x91r\
]OqX\x0d)\x06\x83\xd51\xed\xf3xj\x94\x95\
\x9c\xe1\xe3\xd0\xb6\x90<\xc2\x99\xe3F\x91\x08\xd0\xe5:\
\x0b6\x11E\x15\xa3/,,\xe3+\xf8\xbe\xfe`\x0f\
Q\x8d\xac\xaf\xad\xfd\xafK\xc55\xeb\xffk\x90h\x1b\
[[\xdb\x85\xbd7\xc4\xd3{zx\xaf\xf7h\xc5\xb6\
\xc5\x09\x09\xfe\xa3\xbc\xf9\x069\xb2\x8a$Z\xce\xb9p\
\xd3\xbfN\x88/7\xb5\xfa\xe6\x80zH\xad\xb6\xaa\xad\
G\xa7\x1a\xd4\x86\xa9\xa4\xe5c?'\xac8)\xddn\
\xb7;\x88\x9cK[TXJ\xac?p\xad\x06..\
,\xe2\x18\xae\xb0\xb0e\xc0\x9b\xe0\x9f\xd4\xba\xb5_h\
+y\xa9\xa4\xf6\x9f\x97J\x8ak\x8b\x8b\x1b\x88\x96\xac\
\xf5\xe0\xcd\xff\xcb\xd7\x9b\xc05u\xe5\xfd\xff\xf7&w\
5\x5c\x12\xb2@\x16\x96\x90\x1dY.\xa0\x91 \xa0Q\
H\xb0Q\x02\x155\x0a\x22\x88\xa2\x83\x0b\x08\x8akP\
\x0a\x95\xcd%\x1a\xa5\xc4\x0d\x97*\xa8Pp\xa9\xb4V\
[[m\xad\xb5\xb5\xeaPk\x1d[mm\x9dik\
\xdb\xd1q\xa6\x9dN\x9d\xfe\xfe\xcf\xf7\xc4\x99\xa7\xcf3\
\xaf\xe7\x9f\xb6`C$9\xfb9\xdf\xf3\xfd\xbc?f\
\xab\xcf:\xd0\xd2a\xae\xbc^|\xe8\x86\x16\xd2\x1b\xcd\
\x9f\x0d\x9a\xc3\xb4v\x9b\xdd\xdet3\x1aHQ\x85G\
\x0bQ\xd7\x1b\xba\x17-\x93\xe9\xd4-M \xbc\xd4y\
Q\xbd\x03\xff\x08\xaee\x0d\x06\xa9\xd4\xab\x90J\xa7\xe4\
\xe6\xb0\x18&dT\xd31\xce\x8d\x11\x94\x8a\xc9\xc9\xd9\
\xc5\xf7\x86\x1d\xe3\x03\x0dm\x8dm\x0d\x8d\x9b\xff\xfc\xe3\
\xc5\x8b\xfd\xe5s\xf3\xf2.\xd7o\xaeoli\x08<\
\xbe.\xe3\xbb\xcd\xe6\xba\xef`\xa9\xb1\xb5\x14\xdbm\xc1\
\xde\x0em\x0e\xb9\x92\xf6\xc0\x03\x07\x0c2]\xb4. \
S\xeb\xbc@\x9c\x92y{\x8a\xa4\xc6\x22\xb8\x8aGE\
G(#\x854_\xe1];!\x07r\xa0\xe1,\xa3\
\x02\xb95\x11\x91\x93c\x1d\xac\xd3j\xad\xe6\xce\xce\x96\
\xfa\xc6\xb6\xc6\xaf\xfe\xc6;\xf27\xe6\xe5\x9d\xbex\xf1\
\x22d/\x15\x1e\x19\xb4\x19\xb5\xb0\xf2\xf8\x0e\xfd\x14i\
;\xff\x8dY\x1b\x19m\xb7\xcb\xec3#m\x97`\x9a\
\xdd\xdf\xf3\xb8\xa7\x01\xea\x5c\x1d\x90\xa9\xa1\xc7A\xc1\x8d\
\x015\xbc\xbb\x02JnH6\x80\x02T\xaa\xf0\x1eQ\
H\x0d\xb9\x13&R,\x09[e\x06\x8e\x00DYn\
\xae\xb9\xd8\x1a\x19f\xee\xeev\xb4\xb75\xd67V\xe5\
\xffZ\xde\x7f\xf7\x0f\xb5\x07_\xcd+\xef\xab\x0f\xb45\
t\xd4\xd5\xf10\xfb\xed*n\xf7\xc1\xa2O\xdbg\xda\
\x1f\xa9e3io%\x8fd\xba\xfa\x86\xa3\x85\xd0\xcf\
\x8b\xea\x1cP\xeb:\x94Lg4*\xa4F\xa3\xc2\xa0\
0\x04S\x8b\x14\x0a\x85\x1eR\x03\x0c\xb99,\x05q\
\x08\x0e\x83\xfc\x17\x8c\x88\xca\xcd\x85\x0cMk1\xdf\xde\
\xcb\xd7\xb7\xb5\xbdp.\xe0\xb8X\xbb\xb1|C\xf9\x07\
s+\xf2\x0e\xdd\xaco{\xefA\xa0\xd9n;4x\
\x8bo\xc9\xb6k\xed\xda\xba\xce\x17g^\x97\xd9\xd5u\
vYp\xa11B6\x1dd}\xa8/\x19=-\xd2\
J'\xa4N\xea\x8c\x06\x04\x91B\xef\xec\xad\xa4\xa5\xd0\
\x11\x14z\xbd!wB0R\x8eb\x85n\x8a-\xcb\
\xcd\x0d\xd3\xb6;}\xbc\xcf\x1a&\x0b4\x5c\xa9m<\
s\xf7Nyy^y\xf9\xd4\xbc\xb9?~\xd0\xd8X\
_\xdf\x16\xe0\xf9\xa6\x9b\xed\x83\xceJ\xad\xddn\x8b\xb4\
7_?\xcf\xd7\xc9\xa2!U\xf3\xea\x11\xb5:ZV\
\xa4S\x17\x19\x8d\x90:\xa9S\x98\x8d\xb2!\xe7\x80\x14\
%\xf2\x19\xa1\xdb\xa3\x1ax\xad3X\x0fFE\xf2\xec\
\x09B8\xb0\xa9\xe0\xb4\x8d\xb3$1>7\xd7Zw\
v\xb0\xa5\xbd\xd8l\xb5\xfa\x1cm\x81\xb6\xfa\xb6_\xef\
\x96\x97\x97\xdf)_W\xb5s\xe7\xe6+\xd0\x0f\xec\xbb\
\x06\xf8\x01\xfeXq3h\x84+\xcfF\xd2\xba\xc0\xcc\
\x07^\xb5N\xddiW\xab\xbd\x87\xa4\xba\x22\x9d\x14U\
\x81\xb7\xa5\xc8(\xd5u\xaa\xa5\x88=f\x80\xfe\xaf\xd0\
\xe8\xa5\x8a\xfd7Qj\x9fB\xaa0\xac?I\xc0\xb5\
!\x83\x82\xf5\x1c\xc6F\xad\xcf\xb5\xedz\xcc\x83\xa2\x9c\
\xf6\xf1\xbe@C[[\xdb^\xfa\xf2\xcar\xbe\xff`\
y\xdf\x99\xc6/676\xf2\x0d\x85\x0d\x81\xd3\xbaH\
\x87Lmw\xcc\xac|\xe0\x95\x19uv\xfeE\xd0)\
\xc3[_\xf5\xe8\xa4j\x9d\xd1+\xbdD{\xf7g\xd3\
:\xa3\x172\xdcPZ\x99t\xe9\xd1\xa3G\x97*\xe0\
O\x0aC\x8c'\xd9\xe0\x91\xe6\xceN\x85\x93/\xc8@\
\xa1)\xb0\xa8\xdc\xd9|\xb7s\xa8.\xccj\xf5\xe5[\
}\xcd\x1d\xdf\xb5\xb55\xf2mU\x07\xca\xfb\xf9\xf2r\
\x94F\xc7\xb75\xb6\xddk\x18\x92E6\xdb\xcf\xdb\x07\
\xed2\xb3\xb3[m\x94\x1c:\xa46J\x8d\xba\x22u\
\x00\xe6xc\x91\xd1h\xf4^2z\xa5\x9dj\xa3\xf7\
i\x1a\xa3T\xaa?\xeap\x0c\xb5\x19\xa5zo\xfeK\
\x17\xbc\x8a\xe4d\x834w\xb6\xca\xcd0p\xf3AZ\
 \xcd\xbal\xf6\xee]a\xbd\xbe\x81\x1bV\xab\xed\xfb\
\x1b3?\xefx\x1c\xe0\xdb:\xda\xf8;y\xe5\x07\xe7\
\x96\x97\x97\xbf\x5c\xd5\xd7V\xdf\xd8\xf8\xb8\xadA\xd6\xcb\
\xcf\xbce\xb3\xd9\xd5\xb2\xf3\xaf\x1d\xd2\xf7\xa8\xa1\xcd\xbf\
\xfdI\xad\xe6=j\x1dT8\xc0\xda\x8c\x0a\xc3\xb7\xd7\
g>\xf2H\x15\x90Y\xa7P(\x1a\x1d-\x87\x8e\x1a\
<\xe9g_\x88\xbco\xd4\xeb\xf5\x1e\xc3\xc9\xd9\x90{\
\xc5r*PT\x8b0\xaal\xfdz\xadOkn\xfa\
\xae\xd9l3?\xf0=\x1e\x1a\xe0\xadm\x8dm\xc7?\
\x9e[>w\xee\xc6\xf2\x8a\xb9{\xf93\x8dm=\xd0\
\x13\xbcM^{\xa4]\xf7-}C}U\x10\xd0\x19\
\x1fI\x8d\xea\xfd?}\xdaT\xe9\x04L\x1bR.\x1b\
\x14\xd2\x13W\x9e\xbd\xa1\x90\x1aMg\x05F\x8fBq\
\xf4\xf1\xe3#m\x0a\x93\xe7\xbe\xc0\xe3\xd9\x9f/0(\
\xf4\xb9\xb9\x04\x87\xa2>p\x16$\x08w\xd9\xee\xdd\xbd\
\xbc\xd9i\x97Y\xcdfk\x18\xef;\x7f\xb6\xa3\x8eo\
k;qm{y\x7f9\x9f\x97\x97w\xae\xfc\x83\xaa\
\xaa\xaa*Ga}\xc0\xd9a\xb7\x1fqd_2\x16\
\xaeM\xe7_y\xe5Q\xb2A\xa1xI\x9d\xec\x15H\
\x15R\xaf!\x19RVAvn\x92z\x0d\x06\xc5\x03\
\xa5\xd4\xa3\xf0x\xda\x1a\x0a\x0b\xf5&\xe8\x05zi\xb4\
B 0\xac_\xcf\xbaA\xf1\x00\xf9\x1cp\xb4-\xdb\
\xbd;\xfb\x98\xb5\xbd\x89/6[e=Mf\xeb@\
XsG\xe0\xc4\x09>\xfd\xe7_\x7f\xcc\xcb\xcb\xeb\x7f\
u\xea\xc1\xbc\xcb}U\xf5\x8d\xdb\xf9Y^\xe3\xe9\xe6\
Y\xebH\x12w\x8d\xbd&r\x13i\xeemh\xacA\
\x02\xabA\x1a\xa3\xd7C7W(\xf6_\xf7J\x150\
\x09\x5c\xf9T!\xf5z=\x06C\xf6w^\x0d\x08\xbb\
\xf5zA\xcc\xfa\xd9\x1cE\xa5\xa6\xc2\xd5!\x05\x91\xb7\
\xc4\xdd\xcb\x22\xad\xe6.[X3\xbf+\xf0 \xd2\xac\
\xb567\xf7\x5c\xb8\xfe\xd5NG\xd5\x1f\xdf\xa9\xaa\xe2\
_\xcd\xab(\xaf\xb8\xfc\x04*\xe1\xec{J\xc9{\x01\
z\xc6\x0c\xa1\xf0\xd1\xf1=\x18\xb9\x83v\x8d\xfdc\xac\
\x0e\xea>\x98\xcci\x80\x96\x90*\xc2\xaez\x9dE\x06\
\x8f^q\xe2\x8a\x09\xf2\x1bM1/\xbdg\xf2\xe8M\
\x0a\x81\xc9#\x90\xae\xdf\xcd\xb89\x0crx(\x14\x9b\
L\xdc\xbd\xdbWl\xd5\x0e\x98\x9b\x06{\x03\xd7\xb5v\
\xad\xf9\xfc=\x1f_\xbc\x14z^\x15\xbf\xf9\xe7\xda\x8d\
\x15\x87\xa7V\x5c\xde\xfb\xa4\xaa\xaa\xbe\xea@\x1aGW\
aB?\x93\xb9\x87\xc7\xf0\x19#[\xfco|\xefB\
iH\x06\x0f\x8c4\x85G\x01\x9fAa\xe80i\x92\
\xa1O\x98<\x02M\x8c\xc4\x04\xc5W\x08\xf4\x02\x81@\
\xa1\x9f7\x0f\xa7\x84\x9c\x10`\x5c\xd0\x15\x98\x91\xbb\x97\
9\x8b\xc3z\xf9c-\x1d\xce\x8e\xe6Hm$\xdd\x1e\
)S\xdb\x03\x0dm\x1fTU\xf5\xf1g\xce8\xee\xd0\
(]\xa9\xaf\x8f_q\x8d\x17U\xb9\x85c\x9d\x22\xe1\
(z\x05\xbe\xc3\xb9\x83.uD8)\x9d\x025\x83\
Bq\xe3\x86\x02e\x92\x9a\xbc&\x8dI\xa9Px\xa0\
\xcc\xa0.\xedrh\x0c\x0a\xc8\x8d\xd2H\xd6\xef\x86P\
\x1e\x08\x91!\xe8Bbe\xbb\x97\x99\x9ba\x8bc\x05\
\x89\x80\xb9\xb2\xa7\xbb\xb7\x97\xef\xb0}[[xbs\
\xfd\xfb\xf5g.n\xcc\x9bZ1\xb7b\xea\xdc\xbdg\
N}V\xe5h\x8dx\xff\xc3\xcc-\x9932\xf7\xf8\
Ib8=\x03wc\xdb\xfd\xad?x`\xda\xf7x\
_\x9a\xe9\x81\xf4iA\x8c^oR^\xed\xf0x\xf4\
&\x01\x80\xf4L\xcaK\x95\x00\xf6\x83\x1b\xf1y\xbbU\
\x18C\xb8H\x0ai\x86Hl\xd2\xeee\xe6\x9f\xee\xc3\
N\xdfn\xd5\x9a\x87n\xfcd\xfd\xe9A{wde\
w/\xfd\xf8\x8b+U}\x7f\xfc\xdb\xde\xbc\xa9\xa8\x0a\
.\xf6\xfd\xfd\xcdk\xf4\xaa\xb7\x22R\xd3\x9ct\x9c\x90\
!)r\x07\xcbAF\x90\xeb\xf6v\xa3a@a\xd0\
\x9b4\x1e\x81\xde\x035\xae0\xd1/\xc5K\xbeK6\
y@\xc7oR\x0a\xe2\x97\x9a@\xdf\xa9\x8c\xdf\xba\x1e\
\xc8\xa5.\xa0\xd1\x89\x84\x04\xc1L\xda\xbaU\xdb;\x10\
i\xb7\xdbv\x9d\x8e\xb6u\x0e\x9d\xaf\xb3u|\xfb\x93\
]\xd6\xc1\x1be\x81m;\xab\x1aw\xee-\xffu\xea\
\xc1\x8a\xd6\xbe\xbe\xb7\xbe\xec\xdb\xb9}\x05\xfd\xae\xab\xa6\
\xa5\xf1\x8do\x18\x9c\xc0\xb9T\x1c\x82r\x16\x0b\xe5.\
\xa4\x01\xfa'\xd0\xa3\x1c(\x93\xc7xK&5)\xef\
\x9bP^\xafD#\x90(\x95\x1e\xbdI\xacT.Y\
\xb8\x1b27D$\x85\xb9P\xd0q\xe4\xd6\xadv\x1b\
\xc8@\x22\x07\xae\xd7\xd1\xcd\xf7kmv\xbbN\x16-\
\xbbp\xc4vLS\xd5\xba\xf3\xcc\xce\xcb\xe5\x7f\xae\xa8\
\xa8\xd8\xbb\xf7\x8c\xe3\x8735\xad\xf2U\x9f\xd6\xbe\xf8\
\xce\xa9\x1f\xa63\xcf8X\x02\x07\xf8\x0b\xe3\xa6(\x0b\
V\xeb\xf1\x08\x04\x90U\x8bd\xe5\xd2\xeb1\x02\x85B\
bRh$\x8e\xd7\x04\x12\x89F\x00\xa3 \x5c,\x91\
l]&\x12B~%\x812\x9bH\xe1\xa4\xad[e\
vm\xf4L8I\xda}\xe7A\x0f\x81T\x0a2\xb5\
\x8c_\xf2\xb0\xa7\xaf\xaf\xef\xcc\x93\xf2\x8a_\xa7N\xad\
x\xc2\x9f)\xafXY]\xc3\xaf\xd8)\xcfz\x13w\
\xfb\xb7\x7f!'1\x06\xe89\x0c\x87\xa5][\xeb\x85\
\x1a0y\xf4\x02\x81\xf8\xaaB\x01\xf9\xcc&\x8d>\x9b\
>\xea\xd5\x98\x04\x02\x8d\xe6\xd0GJ\x93R\x19\xbf{\
\xb7\x0a4Z$\x06@\x19\x8c &m]m\xb7\x0f\
\x0cD\xdaev\xf8\x14\x95\xb2\xecA\xbbW\xb6\x7f\x00\
>\xc2k\xbcp\xc5go\xf6=\x99\x9a\xf7\xe7\xbc\x97\
7\xd4\xce\x9d;uj\xc5\x5cj\x07\x9d\xb9B\x84\xb1\
\x14\x8e_a\xfc\x99BBH\x10\x9c\x0aB\xec\xa5J\
M\x0c\xe4\xa0y\x04\x82\xeb^\x93)\xc6\xa4\xd1\x084\
\x86Ct\x91^\xa3\x97(\x05/\x5c\x01\xa0b\xf2\xb2\
e\xc0\x9a\x15B\xfc\x8f$\x19\x16+[\xb6P\xd6\xcc\
\xf3\xdd\xbc:Z\xd6\xd1\xa4\x8e\x8en\xa2\x03=\xde#\
\x0eoO\xe1%~\x05\xe5^\xb7s\xc5\x8a}\xfb~\
\xf9\xc7\xaf?\xd6\x1e\xac\x98:uj\xc5\xd4_\xde\xfc\
\xb8u\x1dF\x11\x22r\x85\x90\xa3!\x15\x84\xa3,\x1c\
\x85\xed\xb9\xd5\xf3\xcaY\x81\x07\xe5o\x9b\x96\x08\x94\x12\
H\xea\xd5\x08L\xf6\xf0\x18M\xbc$\x1e\xdaG\xa2,\
\xb1,\xdcMA\xdb\x0bq\x8c\xb3\x00%j\xdc\xc2\xd5\
:\xfb\xa5\xfd\xb6\x01\x99\xba\x92v\x16\xe9\x8c\xcfF\xcb\
\xd4\xfc@ \xb9\xce8T\x8b\xe3\xd4\x0a\xd7\x8a\x15+\
>\xfd\xfc\xcc_[*P\x8a\xf7\xd4\x8a?\xae\xfbx\
8\xedb\x18\x91\xb0\x86\xfeh\x0f\xef\xe61\x8ed \
\xd0\xfc\xd6\xf0\xe9o,\xd1\x9bb4\x02\xc5%:\xfe\
%\x93F\xac\x04i\xad)\x5c\xac\x0c\x0f\x8f\x17\x8b5\
\xe1c\xdd8\xbep+\xc4\xf2Y\x96\xc4p\x9c\xc4\x08\
f\xd2\xc2\xd52\xbb}\xd6\xb72\x9d\xdd\x96m\x97\xa9\
\x0f\x9d\xbd\xa1\xd3U\x16\x05\x02\x0a\xe9\xe8Upwb\
\xb1\xac\xe8{\xb1\xaf\xef\xcc'+\xa7\xce\xad89\xb5\
\xa2b\x8e\xa5\xb5\xd5\xef\xc2\x19\xc6\x85\x9f\xfd\xfd/\x09\
qk!X\xfa\x99\x8bb\xb8-_c\xd8\xd8%\x9a\
\xabJOa\xcc\xb6\x96\xa5&\xa5R\x09\xca\xea\xff\xaa\
\xfe\xf0\x18A\xfc\x02\x5c\xe8\xc21b\xe1V\x8e\xc0\x84\
p'\x0c\x97\xe8,\x91\xb8l\xb5\xbd\xf2f\x13\x0d\x08\
\x5c\x03\xad\xd0]w\x0c=\x02\xbdF1m\x18\x9b\x16\
\x97\xaf\x12V\xd1+V\xf4\xf5\xf5\x9d\xfa\xe5\xe5\xb9/\
\xff\xa3v\xc5\xca\xf21\x9f\xfdM\x18\x87ef\x8aV\
\xd1\xc73\xff\xe6w\xf9\x19\x16\x93\x9f\x02l\xdc\x96\xe3\
3 \xe2\xf6\xf9\xa3%\x82\xa5K\xb69\x7f\xa7W\xbe\
\xb7$\xfd\x81Rb\x92\xac\x9d\x0e\x92m\x5cD\x12\xaa\
\xd5[\x01\xce\x04\xado\x81\xcb\x00&q\xd9\xc2#C\
\xf7\x03 N\x89\x86\xa3\x95\xec\xbb\xf3\x0f\xa4\xa0\x8d\xe9\
\xf4\xae\xe8IK\xb8\x99\xc0\x95\xbc\xd8JO\xcf\xff\xfd\
\x93~\x07\x7f0\xaf\xf5\xc9\xbe\xd6\xed\xabJJJJ\
\xae\xbc@\x9f\xc0I\x7f\x1c\x893\x04\x99\xf9\x1e\xc9a\
\x98\xff\x9d\xe3p\x83\xe1\xff|\x8f\xa5\xf4\x95%EK\
\x95\xa6\x07k\xb7]\x95|\x84[\xe0\x06\x88\xc2H\x17\
Ir\x0b\x97M\x84<FHz\x85\xcb:\x22q\xf5\
\xe1{?\xc9\x8cj8\xc4\x19\x8d\x90\xe2\xcc\xcftF\
\x83>\xa7\x92v\xc5\xf9\x8f\xaf\xabj=%/m]\
w\xe0\xdc\x8fw\x7f\xac\x98\x9a?\xd1RZ\x92P:\
\xec\xda\xf6\xaf\x17lO\x98\xbe\x85$E{D\x22\x97\
\xfc\xb6\xc8\x82\x91\xd8\x1b\xc7\x01\x14\xc9E\xd0\xd3\x19\x06\
\x8bs\xe7\xbb\x18\xca\xc5Y>\xc7\xe1\x0a\x08$^\x04\
CP\x0b\x17\x0e\xc7\x80\xd0\x04)\xb7\xac\x9b\xc0\x12W\
\xaf6v\xc8\xa2u:c\x91\xeeD\x871\x00;J\
\x93N'UH\x03G1?#\x8a\xa0\xf7\x90~\xb7\
e\xdd\xc7\xa7\xd6=Wq\xc7\xb1o\xddG\xef=\xcc\
\xdf\x9e\xf0biI\xc9k|KHc)N\x7fn\
i] \xfa\x9a\xe4\xd0Q\x07\xees0\xbf\x85!1\
\x9ch\x8c\x03\x98\x8e%\x13\xee\xdep\xdc\xd5\x0a\xa9\xae\
\xee\xd5\x0bUH\xbdJ\x228*\x83U\x1f^m4\
^\xa2\x8d:c\xb2\xf4\xbb\x13P\x09^\x83Q\xd7\x95\
o\xd0\xf1\x97pJ\x85\xbd+\xa2\xfd\xac\xc5\xcd\xbd\xf5\
\x97\x96\x8a\xbc\xf2\xf2\x03\xa5\x8d\x17\xe7q%\xdb\x1f&\
\x94\xbc\xf0\xd5\xed\xc6+\xb5\xa5\xbc\xf3\x9f\xebh\xe7\xda\
\xb7(\x8b\x05\xa0\xd6\x90\xbc\x89b\xfe\xc0\xc2\xb4\x90\x10\
 \xbe\xfa\xc6\x0e\xdaMb\xa9\xbc\x85#q\xea\xe5\xd5\
 q\x86D6\x04\xc4\xc6\x12\x17.4\xaa\xf7\x1f\x0d\
\x04.\xdd\xdf\xe6\xf0 \x18\xafQ\xfa\x80W?\x92\x9a\
\xbc\xb8E\x84;f\x90.\x0b\xcbP~|\x8b\xcb\xe5\
\xda\xd0_\xfa\xfb\x83\xe5\x15S\x0fnOXP\xfb\xe1\
\x09gU\xeb\xcf<O\xa7e\xe2\x94\x9b\xb2\xc0\xed\x1e\
\xc9\x88\xe0\xedq\x8a$]L\x9c\x10\xae\xcf\xf0\xe1\x8c\
\xa8\xc4B2\xee-@\xa5U-_\xc8\xc14\x0c9\
Tp\xf7\xc5\xcd_\xbdZ}\xe2\xf1\xfd{^+O\
\x0f\xc09^*5h\xee\xdf\xf2\xdc\xf0t\x9aRE\
\x99\xa4\x90\x12\x0a\x9f\xa7(\x92`U\x16\x17\xbd\xd6\xf8\
\xe2\xdd\xfe\xf2\x8a\x0d\x07\xb7\xa5\xaf\xddN\x97\xbc\xb6\xcd\
qp\xd3\xc3\x87\xc3C\xe5\xa2\x89p\xd3G\x90\x04\xe9\
r\x81\xc8\x96#(?\xe6\x14R\x1c(gq\xcc\xa5\
J\xf0\xc3\xfd\x89K\xc4\x1d^8V\x05y!H\xc6\
K1\xdc\xb8\xc3\xabe\x9d\xdfz\x9b\xbd\x8a@\xa5B\
\xbd\xcb\xa8\xf0*\xa4^\x8dI\xef\xf5\xd4\xaa\x0f]%\
on\xc1\xb1L\xe7\xd5+p\xf1B\xc4=T\xf2\x1b\
\xff\xf9\xcf\xfe\xf2/\xbel\xa0\xe9\x05%\xdbK\x1d}\
S\xe9\xc2\xed\xd7\xe8=\xf2\xfcU\x16\x06\xf4\x1e\x22!\
\xc9b\xb8s;ca\xc8-\x16\x0b\xe7\x22\x5c\x04\x85\
\x13\xc7\xbf\xc1Y\x90\xe2b\xcc\xe1\xd5\x13Y\x02\xf0:\
\x18R4\x13\xe3\x0e\x1f\xf6\x1a\xa47\x1e\x18\xa5^\xa3\
\x89v\x18\xa5F\x83I\xdc#Px\xf4JZ\xb06\
\xf3\x14'\x14\x0a\xe9L\xa0\xf31\xd4\xb5\xcf\x8e\xf0\x17\
\xfb\xfb\xf9\x0d\xe5\xa5\x09\xd3_\xb8U\xb2\xa0\xa4a\xdd\
sS\x0f~6}\x01M?Ob.\x0c\xb0c$\
\x86\xb9\xa9=p\x1bM@\x8e\x0a\xc9\xe0\xa2=\xb4\x05\
D\xd4*F\xe4\xc2\xf1\xe5\x879\x82!q\xb8\x85\x84\
\xf9\x13\x9b\xb4z\xb5\xd7\x0b\xc1\x0b\x85\xd1`2)\x8d\
\x9d\xf6\xf3g\x03z\x83B\xafH^z\xfe\xa6\xd0\x8f\
\xef\xe1\xc9=321v\x06\x96\xff\xca\x95\xb3\x9b\xf3\
\xf3\xf2\xee~1uX\xc9\xda\xb3\xdfO?\x98W\x03\
\xcb\xc3\x9d\xcd?\x89,\x0c\xe6\x07\xe5\x16C\xa6bB\
\x06#Y7NB\x83\xb0\x14!\xc4T\xd7VQ.\
\x8a\xa5p\xa1\x8b\xa4\x96\xaf\x1eK\xc0\x05\x12\xdc\xfc\xb2\
\x1c\xc6NZ\xfe\x9c\x17\x1de\x0d\xc9\xc6\x13^\xbd\xd4\
Y\xe9Y\xaa\x00\x91\x96B\xa1\xb8v\x93\x10\x89Z\x0f\
\xbc\x93\xe5\xdc\x91\xd23\xfe\xea\x82\xd2\xcd\xfc\xc5\xfe\xbd\
U\xe5skJ\xb7\x8f\xfe\xbe\xa4\xf4W\xd8-\xe6\x1f\
\x9e[z[\xc80\x94\x0br<1\x12`\x84n6\
\x95\x81\x84l\x96$-8\xce\x92;Z\x16\xb0nP\
\xd4P$\xbb|\xf5D\x15\xe4\x05\xa9\xe0j\x99\xc0\x88\
q\x87\x97{\xd1\xd1\xdd =]\xeb\x85]\xad\x1e\xc2\
\x1az\x8fI\xa0\xf0(\xdfK{\xf7\xf8W\xb5!\xef\
\xe3\xa2\xcc\xccw\xd2J\x136\xde\xe57\xdc=\xf7\xf6\
\xda\xd3\x5cii\xe9\xcbo\xfd\x08{\xb5\x8a\x95\x09!\
\xd3\xcfQ\x8c\x85\x14\xe2\x04I\xb2\x94\x9f`\x84\x8c\x88\
!]?\x88\xa0\x98$If\xc1\xc0\xbf\x09I\xb0,\
\xbb\xfc\xf0DB\x88n\x9b!X\xc7\x12\x93\x0e?\x07\
\xb2$\xa9\xd4\xb0\x9f.R\x18\x14\x8f\xee\x1b\xf4\x1a\x93\
 \xd9\xa30\xe95\xfaG\xad\xef\xb6\xb4\x1c`Na\
r\xca\xff\xe1\x8a\x92\x84\x8d\x17/n\xcc\xbbs\xee\xce\
\xbb\x7f\xa7i\xf7\x06\xfa\xe0\xd4/\xe6N\x9dZR\x12\
\xbb\xe56G\x91.\xa0\xfe@\xb3\xa3\xd4#\x1cs\xdd\
&\xe0\x02\x17g\x17\xd0\x0c\xc5Y2\xa1\x93R\xdc\xf2\
\xc3\x13)U*h\xc6-\xe8Bv\xdc\xe1\xe7\x8c\x0a\
\xe9G'\xbc\x0aE\xb6\xf3\xbf\x8e\x97\x87\x8e\x82\xc8B\
\x0f\xff\x98L\x02\xa5\xfc\x00M\xb7\x8a>{\xb7\xc7\xe2\
\xfa\xe2\xc3\xed\xf4\xc6\xbb\x1b7\xbe\xfa\xc5\xc5\xf2\x9e}\
\x0e\xfeL\xdeF\xc7\xdc\x0ds7\xcc\xd9\x9e\x90\x04\xb2\
j\x12#f\x10h\x22\xb0\xe08\x9c=\x5c\x9c\x85d\
\x5c$\xc3ZV\x00\x1f\xe2\x87TL\x84\xbb\xdc\xcbW\
O\x84\x89\x02fB\x8e\xa1\x18\xd5\xb8\xe5\xcf)\x14\xc6\
\xfb\xa6\x01\x85\xf7\xd9N\x8f\xc2\xe3\xd5\xcc\x9c\xa57i\
\xe0\x14\xa1\xf7\xe8\xe3\xef\xbf/JK[@\x7f\x94\x19\
\x87\xc9\xf1k\x9b\x1d\x17\xefn\xec?X^\xb1pN\
\xff\xc7\xa5\xa5\x9f|}wj\xc5_\x12\x1e\x0e{\x98\
\x95\x09\xb9qL*F\x88\xa0\xce\x09\xcc\xcd\x92\x22\x9c\
a8\xce\xc2\xac`,$&w\x7f\xf9\x16\x07\xa3\x84\
[\xbe|\x22\xa6\x02\xf6\x22\xc6Z(\x8c\xa3&-\x7f\
\xce\x14i\xf0\x0e\xd2\x0a\xcf\xa0\xc1\xeb\xd1+\xf4\x83\xb5\
\x00\x19\xd1\xeb\x91J\xed\xd9=\xe4\x87\x1f\xf8\xe3>\x9e\
\x81\xb1.\xfc\xea\xf4\xc6\xbb_l\xec\xef\xcf\x9b\xbb\xb2\
\xea\xce\xbd\xed\xf9\x0d\xc7y\xc7\x9d\x93'\x0e9\xbcN\
\x9c$92\x95\xe40\x11i\xf1\xe3\x14\xf7\xe1Xy\
\x9c\x0b\xa3p\x17\xb3\x85\xf6c\xe4*\x1a2\x860\x86\
\xc4\x87/\x7fy\xa2\x0a\x02\xf6\x1c\x16\xbc\xf3\x9f\xbc\xfc\
9%o\x80c\x9b\x22\x7f\x97@\x93\xac\xd7\x0b\xce\xbe\
\xa4\xd1@\xae}\x8cR\xaf\xf1,\xb1\xc8q\x8cq\xee\
\xc1\x99u\xb5\xe7\x12\x1a\xf8\x8b\x177n\x04H\xfd\xd8\
\xaa\xfc\x96\xfc?T|\xb3a\xce;o\xbcV\xd2\xea\
\x87\x94\x0f\x18\x07d\x5c*&\xbc\xefl\xb9&:\xf5\
\x1d\xd2\xbc\x88\x18\x12\x17\x09'\xe2\x1cp\x0apl\xf8\
s\xcfM$\x10\xd9\x18#\xe0\x84DL^\xbe\xdc\xeb\
5*\xf4\x1e8\xbbzLJ\x8dF\xf0(\x1a5\x80\
D \x96\x08\xf4J?\xdc\x80\xaf\x10\x09-\x5ck\xec\
\xba\xcd\xf5?\x80\xc0!/\xbf\xe2\xe5}\x1b.?p\
\xf4\xff\x98W\xfe\xf0\xe1C\x7f\x84\xdf\xdf\xea\x8c\xb3\xe0\
\xfe\xb8\x08\xcc\xef\xafu8\xf9gE\xd4p\x0aT?\
\xb0\xf7\x84\xcd\x17&b0\x0b\xe3W-?<\x11\xf4\
\xae\x0c\x0e\x80%B\x88\xfa\x80T\x0f[\xe9\x9ep\x8f\
g\x16\xadQ\x9a\x04\xfb=\x02\x89D,\xd6h\xf41\
\x82\xf4x\x8e\xc3\xb0\xdb\x1f\xc3\x0e\x8eq'<\xbcq\
q\xe3\xdd\x8d\xfd\x17\xf3\xca\xe9\xd2\x87'\xf8\xbb\xbf\xe6\
\xe5\x8d\x09Ir\xbd\x95\xbf\x80~\xc6\x82\xc5\xc5\xddx\
\xcf\xb2\x05\x90\x06|\xa8\xcbE\xba0\xd7\xed\x89\xa98\
\xce\x11\xc8\xd5!\x15c\x5c\x14\xb3|9\xa4uP\xa0\
:\x07\xf4\x07|\x008Z+L\x82K^\x93\xa9P\
'Vj\x96\xb4,\x91\x08b\xc4J\xa5^\xa2\x11\x07\
h\x16s\xb5\xae\x18\x09\xd7\xe9q\xf8\xba\x92\xed\x8eS\
\x7f\xdc\xb8\xf1\xd5_\xef\xf2\x0f_\x98\xf9\xc2\xc7\xfd\x8e\
\xb9\x97C\xa8\x15\x8eO\xd3Z]x\x5c\x1a\xe6\x8a[\
\x90\xdf\xd2\xc2\xf3\xaf\x97|-\xc7\x13\xfcq_\xefa\
0\xccB\x22a\x11\xca\x89`\x9f;<\x16\xd2\x5c8\
\x1cc9\x165\xc1s\x1a\xbd\xde\x00'*\xbd^\xa0\
\x14\xe8\x95\x9a\xa5\xce\x18\x8f&\xf9\xa5\x18`\xe5x\xd2\
\x97\xba-\xb8\xf3L>\x91\x89\xb1\xbc\xff\xbdS\x09\xdb\
\x9e\x5c\xbc[[~\xbc\xe4\xf9\x1d\xf4\xb6\x90\xdb\xady\
\xf9S\xd7\x8d\xfch\xcf/\xc31\x5c4\x9c\x8e\x93\x8f\
E\xb7\xa2-;RNe\xca\x1d\x98\x8b\x02\xc8\x16\x03\
\x10\x09\x92$,\x14#\xe2\x9e[\xceA\xaa\x0bAa\
nLH`\xd4\xa4\xe7\x96\x83FRaJ\xd6\x08\x04\
\x0a\x8dL\xad\x11\x1f\xd9/\x10\x98\xc2\x9d\xe9\x02\x8dR\
\xe91\x1c}\xe8\xa7T\xe4pZ\x84\xc5\xed\xe1(\xf7\
\xda\xa4+\x17>m\xec\x0b\x09)y\xb8\xbd\xa4\xe4\x95\
\xd1-?o\xc8\xfb\xcb\x0fXZ\xa6P(\xf2S\x11\
d0C\xe1k\xc4T\x8b\x03Y\x07\xe3ra\x22<\
\x02\xe6'\x12cD\xfe\xe7`-\xa0P\xfe\x0d\xf4\x05\
l\xd2\xf2\xe7 p \x10@\x973y\x9c\x1d\x0a\x13\
\xff\xac^#\x88\x17\x5c\x0a\x17K4\x82K\xbc\x04\x10\
!\xc4\xb0\x04\x02\xf2f\x18w\xd2\xf6%WK\xd6>\
Dx\x99mt\xc2\x88\xbd\xfdw\xf8\x15\x16z\xb8\x10\
\xf3\x8b\xe2\xf0W\x1c\x0e\x87\x83nY+\xca\xc4\x9f\x91\
\x03a\x08#S1\x92\xd8\xf3\xcdq\x0cw\xa1l\x86\
\xc3\x87!\x9fV\xc4\xa2\xa4B\x0c\xe3\x12\x0f?\x07\x14\
}S\x8c@\xa3\xd4+\xe3c\xbc\xaf\xf1b\xbd\xde$\
\x09\x978f\x09\x04J\x93D\xa3\x81\xbbM\x8a\xa4[\
-\x14F\xb2B\xfc\xe1\xc3aI%-\x09I\xb1I\
%tBR\x82{E^\xff>~\xdd\xc4\xe9\x94_\
$\x0fy\xc1I\xf3-\xfc\xf7k\xc7fM\xa2qQ\
\xaaH\x881B!>\x96\x1f\x1f'\xc4\x84B\x17#\
\xc2\x9f{\x19\xe4_\x90\x82\x02\xe7)\x82\x9d\xbc\xfc9\
\x98wL1\x1a\x89@/\xd0h4\x9aW\x00q\xac\
QJn\x9dP>\x1b\xaf\x14\xc4K8\x18\xcb\x04\x89\
q \x17$H\xd1\xba\x0fW\x95$$\x94\xc4&=\
\xfc\xbc\xd4-\xf23{W^>~\xf3\x9d\x171\x17\
\x9b\xf0Z\x0b\xef\x00\xa0U\x145\xfet\x9cK\xc8\x88\
\xe2\x84\xa4(\xd3%\x8f\x13\xa5\x8923[W\x90\x99\
\xe4\xf2\xc3\xe8TN\x82\xee\x98a0n\xf2\xf2\xe5 \
\x8e\x05u\xe6\xd2N\x87F\xa0\xd0\x88\xf5\x12\x89$|\
\x89\xa4\xe8\x95%\x8eJ\x89R\xa9\x99\xce\x12B\xa1\x9f\
\x92\xa7\xe2q\x07\xa2p\x12\x8b{\xdfO\xbaKG'\
\x95L\xff\xe1MND\x9e\xf2\xb7\xec\xfb\xf3\xed,\x11\
f)\xfd\x9d\x13F@\xcb\xef\xd28\x17 \xc2Ia\
f\x9cHN\xca]\xadrQD\xa6\x5c\xf4\xd6\xed8\
y\xdc\xe1\xd5cY\x02\xa6,\x8c$ L6\xee\xf0\
r\x93\x18\xac\x00L\x82\x96\xca\xd7\x94&\x8d\x06\xe6\xa2\
W\xee\xdd\x08/\xa4_\xfa\x1d\x9c\xae\x04I0\xcf\xbf\
\xf5\xfa\xe7\xa7\x0e\xfc\xfe\xe7\xdf\x1f\xc0123\xee\xec\
;i=i\xae\xb8\xe1t\x1c\x96\xf9\xb5\xbf\xa6\xcfq\
2\x82d\x98|\xda\xc1\xd3\xbcc\xd4\x82\xa8g\xe2\xf6\
\x90\xa4\x5c.\x8f\x13\x09\xe3DqY<\x00\x00\xe5\x11\
\x11ryZ\xdc\xf2\xc3*\xf0w\xa18\xcc\x82s\x18\
\xa3\x9a\xbf\xfc\xb0X\xa9\x8f\x07!\xc1\x91\xd7b\x94J\
\xb1D\xa97-\xe9IO\x0e/|\x09\x04\xb4&\x81\
\xfe\x15\x16\xff`\xb8k\x86\xbf\xf5\xcd\xfc\x96\x0f\xce\xb8\
\x18\xc8\xa7\x11\xc93]8\x86\xb5\xf6\xd4\xd4\xb6\xd2\xc3\
\xd3\xb26,&\xfdOSt\xde{eAY\x89\xdc\
\x99F\x8a \x075-\x8dLK[\x15\x91\x96\x16\x01\
\xffdE\xb8\x0e\xaf\x1e\xcb\xa9\x08F\x05\xc7\x08\x8a\xe3\
\x88\xf9\xcb\x97\x0b\x04/9\x97h$\x12x;\x89\x12\
\xd2\xfb%\xdb\x94\x12\xd0\x9c\x08\xc4\x1a\x89 >}\x9d\
\xf3\x0aK\xb9\xfc\xae\xdf\xe7\xb7|\xf1d\xcb\xeb\x16|\
\x8b?B\x08\xf4\x08\x86,\xfdbFfkJ\x8b\x7f\
\xd3J\xf2\x1d\xf4\x01x\xc7\xc3\xbf\x94\x8d.\xa1#\xd2\
\xe4)r\x94\x87\x1c\x97&\x8f\x83?\xd4\xd48\xb7D\
\xd5\xa4\xac^\xadR\x01U\x17\xc3\x10n\x87M\x5c}\
\xd8\xa4\xd1\xc8\x1cE\xa8\x0b\xea%b\xa0d\x817\x83\
R\x19n\x02\x95\xcf\x92\xaf^y\xe7\x10\xe3'Ig\
\xc4\xbbo\x9ex2e\xcb\x0dK\x12]C\xef\x11\x0a\
\x85$\x89M\xbc&rQ\xb0\x00\xd0o\x07\xb3\xe5\xf8\
\xd0g\x12Vm\x98\x13\x17\x84\xba\xa5eA.d\x94\
\x9bn\xadI\xab9p\xa5&*-m\xe1B\x15\x07\
1\x12X\x0b\x08\x8e &\xad^-\x11(\xc5\xe9\x10\
\xc5Ab\x9fx\xb18^\x13\x1f/\x91\xc4\x08bb\
\xc4\x02\x89\xf8#\xf5/\xbf\x87s\xfah\xdc\x92v\xa0\
\xf5]\xe7\xfb\x049\x91^\x80\x01}\x11\xc3\x5c\xa2V\
Z\x08y\x8d\x0b~\xe0y\x9an\xa13\xd6\xc5\xc6\x8e\
\xfe\xcb\x9d9\x00\xa7\x8a\xaaA2\xa3\xa8(\xf9)H\
\xce\x8c\xfa\xa04\xab\xa6f\xe1jj\xa2\x8a\xe1\x90\xca\
\x03\x92\xe5\x12\x17\xae\x16HL\xe1\x02\xa5\xe0\xfb\x00\xe8\
\xb3\xc3\xc5b\x81X\x19\x0f\xbd_z\xdd\xa0\x14(\x97\
,m\xd9APn\x0b\xeeF)]\xfe=B?F\
\xee\x01\x06\x96\x88\xc1I\x97\x10\xdf\xe1\xc7\x888|\xba\
\x93\x87O\xf0\x8a\xa5\xa6&4\xc9=m\xe5\xca\xc4\xa8\
\x94\x035\xbf\x5c@\x12\xa3\x03S\x0e\xd4D\xcd\xaf\x9d\
\x02\xf9\x9f\xab\x17B\xf6\x1b\x8b>\x00\xc5`\xec\xfc\xd5\
\xab\x95z\x81D#6\xbd\x98-\xd6h$\x9a\xf8J\
\x8d\x04X\xdb\xca\x98\xce\xaf%\x02\xfd~\xe7\x92W\x84\
\x90\xbcI\xc2\x1a\xca\xe2\x98\xcb\x82\x0bq\xff\xf4o(\
a\x06DI`\xf3\xc90\x22\xd7#'\xdd\xd2\x92\xff\
\xf0\xa1|JZ\xec\x88\x035i\xb3y|\x1f\x7f\x80\
\xa7kRj\xb8/\x1dY+\xa2\xbe\x9c\xff\xe1\x94\xa8\
\xa8)Q\xab\x17\xa6\xb2\x84\x9b\xa3`WL`.b\
\xd2\xc2\x85J\x8dR)Q\x8a%&I\xbcD\xa0I\
\xe6%\xca\xd7\xc2\x95hh\x0a4\x02\xe5\xb3\xe1J\x5c\
\xa8\xa2]\x16\x82!p\x0c\xc7\xf7l\x89\xcb\xfc\xd05\
\xf1\xb6k\x01M\xe2\x968R\x04\xe8\xa2\x88\x14\xda\xc9\
\xb7<x~\xcb\x96\xb1\xc32jBB\xa6\xb7\xa6]\
^9\x06;p`JTT\xcd\x07\x9f\xf1\xeb\xe8)\
_O90\xbfz|\xf5\x94\x85[\x11\xfe\x00\x16\x02\
\x15\xcb\x11l\xe2\xc2\xd5b1\x949\x5c\xa2\x14(\x95\
1\xc91\xe1\x92m=K\x81\xbb.\x88\x11\x88\x95\x82\
g\xf7\xaf\xad-u\xee`\xfcB!{\xea\x07?E\
_\xc1\xb9Z\xd5X\xbaU\x1e\xe7b\xdeZ!\x82h\
\x17\x86miq\xf0\x8a\xd1\xf3\xe6\xa4\xd5\xa4\xd5\xd4\x8c\
\xca\x18\x9d\x96\x926\xe7\xce\xbc\xea\xc4\xa8)\xd5o\xfd\
r\xe6\xad\xc4\x03S\xaa\xe7OI\x9c\xcf\x1f\x98\xb2z\
+\x074-\x8e\xc3\x5c$d\xb0\x94-\x5c\x08]/\
\x5c#N\x8f\xd7hL7\x1e\xc5\x8b\xc5\x82\xa5J\xa5\
X\x13\x03\xd8y\xbd\xe9\x04\x9dpm\xcf5?\xc6\xd0\
\x0b\x88\xefh\xb9\x9f\x11\x92\xd4\x0a\xa7\x5c\xee\xc2\x85\x11\
;>~\x87\x89s\x9d\xc2\x5c.\xf7\x17W\xb6\xadk\
\xad\xfe\xf5OQiQ5\xeb\x92\x12j\xa2\xa6|\xf9\
\xc3\xcaeS\xe6\xcf\xafy\xb75\xea\xeb\xea\xea\xc4i\
\xd3\xf6\xcd\x9f\xb6o\xdf\x94\x85\xcb\xe0L\xa8\x22@y\
\xcdR\x1c;\x7f\xeb\xd6x\xb18\xfc\x12\xad\xd4\xc4+\
\x95@\x8a\xd3\xe8\xc5&\xb1^,\x91\x84K$&\xb1\
@\xa2\x5cGa\x94\x8b\xc4\xdf\x9d\x98\x1a\x17\x11WK\
P\x98\xfc\xdcx\x92\xa20\xa1\x8a\xe6\xf88a\xdc\xeb\
q\x22R\xce\x08\xe5i))o\xaf\x1c9\xbe\xa6\xe6\
@B\xc6\x81\xea)QS\xa6\xcc\xbb\xbbo\x12\xfdf\
\xf5\xbe\xe3\xf3\xe7O\x9b\xbf)\x7f\xda\xb4\xea\xf9\xd5\xab\
\xc1\xa5\x80\x05\xe6%\xc9\xb0\x04E$n]\x08\x9a\x0e\
\xd3Q=\x04y\x05\xa6\xb6\x17\x8en\x16(\xc5\x02\x81\
F,Y\x1a.\x11\x8bM\x85\x18\xc7\x02\xe5\x89\x11\xce\
\xf8\xe1\x94\xff\x1alo\xdet\xc1&/s\x86\x8b\xbc\
&$O\x9d\xc2Ei\xf2\x03i\xa8\xbf\xe7\xae\xac\x8e\
\x9a\x92\xd8\xba\xca\x9dX]]\xbd\xcf\xcdo\x98\xb0x\
\xfe|\x10\xe0\x8c\x1b\xb7\xef\xcc\xb4\xf9\xe3\xc6\xcd_\xb8\
L\xc5\xc0~\xc0\x82\x8c\x0a8\xaaz\xeb\xd6x\x89\xc4\
\x11#\x10xk\x05J\xcd\xb6\xb6\xeb\xf7\x1b\x97(%\
\x92x\xb1\xd8D_\x12k$\xf1\x0e7\x83S\x10P\
`f|(\x8fC\x07^\x82\x82TS\x1c\xc3#\xc8\
L\xd1[\x7f\xc9LKaxx\xfb\xea\xa8\xfc;\x9b\
\xaa\xab\x0f|y.v~u\xf5\xfc}\xf4\xa69+\
/O[39\x85\xdf\xb4i\xd1\xa6Ek\xd6L[\
\x03\x1f\x80\x0d\xa2\xbc(\x17\x81\xb1T\xd9\xb2\xad\xf1b\
ee\xb2\xc6\x94<K\xa9T\xd6w:ZN\x14\x02\
?Q,\x11_\x92\x08\x04\x12\xc9k3\x80\x13\x0e\xf0\
9\xc6\x0f{\x0a8\x00\xe2\xac\x0b\x88\xe1\x18\x96\xe9z\
\xf1\xc5\xd6\xb4\xb43?l?PS\x13\x95\xb6b\xf2\
_?\xd9\xb7\xef\xc9\x8bkG\xc7\xcd\xef\x03\x0d\xc6'\
{\xf3O\xfe\xec\xd8t\x00\x04H\xf0\x09\xd6\xcc\xdf\xbd\
\x1b\xcc2\x90\xec\x97\x01\xe8y\xd9\xd6\xdd0\xf7\x0a4\
z\xa4:\xdc\xd6\xc0\xf3\x8d&SL:Z\x16\xe2\xc3\
%\x12M)\x09\xa9\x968\x86\xe1x~*\x9a@1\
\x12\x132\x99\x1f`\xa4\x5c\x14!\x7f\xa3&E\x8e\xf5\
\xfd-%m\xca\x94)g\xf8\x03\xfb\xfe\xcc\xef;s\
uSF\xecN~\xd3\xb4\xf77\xfd\xf2\x97\x9a\x8d+\
\xf7\xae\xf9\xaf\xe2\xff2m\xcc\xa2Ec\xc6l\xda\xba\
\x1b\x16C8\x98P\x00 c\xcbv\xafW*\xc5b\
\x93\x95\xd6\x80a\x82\xf2h\xe3\x896\x93>\xde\x91\xad\
\xbc\xb9$]\xa2\x94\x08\x04\x0c\xc7\xe0c\xcf\xb9\xdc\x18\
\x83\xbf\x09\x14>\x06\xa9\x1c\xb1\xcc7]x\x5cf\x5c\
\x9c+-\xad\x8f^P\xb3\xe2\x8b)\x07\xaa\x13\x0f\xb4\
N\x99?g\xc3\x9f\xdf\xaf\x9d\x1e\xeb\xfez\xd3\xa6S\
k6m\xda\xc7_\xde\xb0w\xcc\x98\xbd_\xee\xdb;\
\x0e\x041[w\x83\xde\x99\x81\x10\x0d\xf0\xdf\xd8\xb2\xdd\
\xbb\xc3\x95b\xb1f\xe6\xb7\xf1\x82\xdf\xc5\x88\x05b\xb1\
X\xa0\xd1\xc4\x7fo\x08?\xd4\x19#\x10K\xe2\xe3Y\
\x91\x08\xc3\xdf\x12\x91/f\x02\xe1\x00\x849,&d\
D\xa2\xb88\x11.\x97\xa7\xc9\xd3\xd2\x9c\x96\xa8\x9au\
_\x1e\xc8\x8f\xc8?\xf5\xf5\x94\xea/\xff\xf8\x87\xbbk\
\xa6\x0f\x0b=\xb5i\xd3\x981\x9b\x16\xed\xcd\xa9\xdd\xb0\
a\xce\x9c\xbd{7\xcdq\xee\x9d3f\xce\xee\xf5\x1c\
\x10\xe3\xe1\xce\xc8\xcd0nT\x03 \xb6\x13hv\xc5\
W\x9a\xc4\xe1\x12\x98\x135\x02\x89Dy\xa9e?L\
\x8d\xa5\x00\x0e\xb5pT\xdc\x15\x10|\x90\xae\xa0\xb4_\
(\x8f\x93\xbf\xfe\x0eHi\xb3\xd2\x86\xaf\xab\xa99P\
S3\xe5\x9d\x9a\xdf?y\x7fM\xf5\xb8\x03\xb7\xbe\x18\
'\x0f\x8d]0\x07\x0a<\xe1\x97\x09{'\x9c\xbb\xb3\
w\x0exd\xccy{\xc2\x9c\xf5\xeb\xc1l\x04u \
\x0b\xdc_&\xce^\x9f\x0e\xc4\xd3\xf8J\xfew||\
\xbc@\x8c6\x021z\xf1Rg\xb2F\x19/\x96\x90\
$6c\x06\xcb\xacr\xba(PP\x8b \x0c@`\
3\xe2\xe4\x11\xa7Z\xa1\xfcY\xd5\xb4\x1c\xb4\x8e \xbc\
\xda7\xedo\xd3\xa6\xed;\xf5\xc5?O\x8e\xc9\xd87\
\x02\xa9\xfb\xf6\xfe}\xef''\xff\xba\xf2\xc9\x1cx\xf7\
\x09o\xbf=g\xfdz\xf0NB\x91j\xd0;\x12#\
\xd7\xaf\x97\x84\x87CX[\x19\xaf\xf1|\x7f]\x00\xef\
\x7f\xe2#\xb0\xc3\x11\x08\x94\x02e\x92\x88\xe3V}\xe7\
\x22U\x1f\xe2\x00\x94\x00\xc2\x1b\xe9B\x15\x10\x91&O\
K\xc9J;P]\x0d\x96\x1e\xf0\xd87\x7f\xdf\xbeM\
\xd3C\x0e\xb4\xcc\x00\x00 \x00IDAT\xd6\x9c\xfb\
\xc7\xdf\xfe~2\xf6\xed\x8c\x04x\xd3\xd3o\xef\xfdq\
\xce\xc9\x09\xb5?_>\x19|\xcc\xce\x05\xf2>d=\
\x13,X\xf9\x94\xad\x9f\x9d\xae\x94\x80\xdcM\x1c_\xa9\
\xf9\xf6\x0a\x1cI\xe3O|\x0e\xebS\xbaD\x93.\x96\
\xb3\x18;\xfd6\x87nY\xe1\xec\x8de\xfe\xe2\xc2I\
\x11\x96\xd6\x1a\x11\x91\x92\x16\x95R\xf3\xe2\x8a\xa0\xee\xa9\
\x1a\xcd7k\xd6lz\xf2\xfe\x93?\xfdue\xe8\x93\
\xbdI\x9b\xce\xed\xe5/\xbf\xfd\xf6\x9c\x93'\x7fv^\
\xbe\x5c{r\xde\xe5\xd9\xf3\xe6\xe5\xe6\xb2\x98\x0a\xa5\xcc\
\xab\x08\x0b\xebf\x13sg\xc7+\x81\xfb\xaaT\xbe\xc6\
/]\x22\x16(\x05\xa8\xecJ\x818\x5c)\x11\x87\xb8\
(\x12\xe0a$\xc5\xc1\xca\x1bG\xe23\xde\xf2O\xfc\
\x01w\xa5E\xb4:&\xd6D\xd5D\xbd1\xbez>\
\xd2]M\x9b\xbf\x06\x9cI\xc6\xfc\xed\x839\x13\xde\xfe\
\xf8\xf9\x15\x97G%\xfcm\xef\x93\x93\xb3\xc7\xf0\x97s\
\xdf\xceYy\xf2\xe7\x95\xb3O\xce\x9e}y}.\xec\
n\xa0\x0fp\xe05\xa0*\xcb\x9d\x1d\xaf\x91(\x95\x95\
Nqx\xb88\x1d\xd6\xa5\xf8t\xe8\x0a\x92\xf0t\x89\
 \x1e'I\xe1\xf1\x8f\x85p\x96\x07\xd91\xc48D\
\xae\xb1\xdf\xc8\x91\xd4\xe4\x9foEEM\xa9\x9e2\xa9\
\x07\xa8\xa8\xd3\xd6L\xdb\x04\xef?\xe6\xc5\xe3\xb5s\xe6\
\xfc\xb1\xa4\xe4\xf2\xec\x92\xc4\x09'/;s\xe6\xfd\xa9\
v\xde\xe5\xbf\xd6:f\xcf[6o%\xc0RU\x0c\
\xc4H1?N\x10\x1cQ=;W\x22\x16(\xc5K\
+\x95b\x898==<F N\x17\x8b\x05\xf1\xf1\
\xf1E\xe7\x04\xa5Lj*\xfe\xe6;$\xc4\xe2\xe1\xba\
\x83\xf1\x93\xa2wn\xbb\xe4\x11))QY5o\xd5\
D\x95%\xce\xaf\x9e\xb6o\xdf\x9aik\xd6$\xa2\xb7\
\x9f\xb3\xf7\xfd\x9f7\xcd\xf9\xe2\xe7\xb8\xd1\xb3/O\x1f\
\x0d\xba\xbfy\x97/\xaf\x5c9o\xde\xfb\xff\x5c\xb6\x12\
\xfe\xef\xe4Ip$@0@\x96bT\xec\xf8\xd9\xb9\
\xb0\xec\x89\x95\xf0\x96\xa8\x12\xc2\x95\x92\xf8\xd7\x9f\x8d\x17\
\x87\x17}\xfb\x90\xa4R)LE\xa1\xa34\xce\x903\
~Y\x15a\xf9\xfd_\xd3\xe4r\xd0\xdc\x08\x0fDU\
'\x82\xe2q\x9a|\xda\x9a5c\x9c\x9b\xc0Ze\xcc\
_\xbfx\xfb\xe4\xc9y'\xa7\x85\xcc\x9b=/#m\
\x1e\xbc\xe9\xcae\xa0\xb8\xbc|y\xf6\xca\x95\xcb\xee\x9c\
\xcc\x05'J\x8aba2\xa2T\xaa\xac\xdc\x5c\xb1\x04\
F\x81F\x09k\x9f$>=<<<\xfe\xfek\xe2\
xe\xfc6\xc7\xaa\xb8L\x18\xb4X*\xc72\x10u\
:>6\x8e\xbe\xe2\x87\xc1\x97RS\xe3\xdc\x19\x15\xd4\
\x9a.r\xee\x03[\x9a}\xf0\x01\xe6|\xf1W\xe8\xea\
\xf3\xe6\x81\xe02\xea\xe1\xcae`03g\xd9\xcb\xcb\
6\xac\xbc\x9c\xbf\xec\xe5\x95\x1brsUn\x0a\xbc'\
\x91\x9d\x1b\xc5DM\xc8\x0d\x17@\xe3\x87K$\x92\xf8\
t\xd8\x13\x8b\xc3\x05K\x95\xe9\xf1\xf1b\xff\xc4\x9b\xdb\
\x9c\x1c\x04^!\xf1\x91\xa1D\x0c\xf6\xd9\xdfV\x11q\
\xb0\xe7\xaf\x89\xaa\xae\xae\x9e2?q\xfe\xb45k\xa6\
\xfd\x85\xde4f\xcc\x04\xc7\xdb9\x13\xe6\xe4\xbc?\x01\
\xb4\xad\xf3V>?\xe7\xf2\xcay\xb1\x0b6\x9c\x9c\xe6\
Z\xf1I\xfd\xf4\xd2U\x19\x19\x09!#b\x93r'\
 \xb9\x0a\xa0\x87\xd1\x9dMYnn\x11\xff\x8a$\x1c\
N!\xe9\xe9\xe2x\xb1I,\x0e\x8f\x17\x9f\xa8\x15(\
K]\x0c\xc9\xec\x01\xd1\x03\x88\xee F#$'\xce\
p\xa1\x09 -j\xca\x94\xc4)\x89\xd5\xd0\x00S\xd6\
l:\xb3i\xcc\x9c19 \xf9\xfc\xf2\x8b\xcb'Q\
\xcb?_\xb3\xef@\xe9\xb0\x87\xb1II\xa3cG\xaf\
\x05\xaf\x9b\xd8\xb5\xa3cG=\x9f;\x81\x039\x06\xf8\
\x90a \xc2\x89\xca\xcd\x11\x5c\x02\xe1\xbb\x00\xd5\xbe$\
>>\x5c\x9c~\xb3(\xc6&^\xdb\x8a\x81w'P\
\xc0\x09\x8c\xc2\x85B8\xd6\x0b\xc9\xb4\x88\x88\xac\xac\xac\
4\x10\x1dB\xfb\xef[\xb3\x89^3f\xce\x9899\
\x13\xc6\x80\xe4\xf4\x83\xb76-j-\x89\xcd\x08\x0d\x05\
\x9f\x9b\xd1 \xb2L\xca\x88\x1d\x15\x9b\x04 \xd4\x8c\x8c\
\xd0\xe7'\x00\x94\x8bQ\x05\x03E\x0c\xc7\xa4\xe5\xe6\xa4\
K$J\xd8\x96I\xc4\xe1\xd0\x01\xc2\xd3\x95\x9f\x07\xb6\
\xbdp\xed\xc3\x9a\xa05\x09\x10](`\x07\xc1\x99P\
\x1e\x97\x16\x91\x96\x15\x95\x12\x15\x9c{\xc6m\xe2\xd7,\
\xda4\xa6`\x0cL\xf5c\xd6\x0d\x1b\x16\x9b\xb46\x16\
Dg\x19@\xa9\x8d\x0d\x0d\x8d\x05\xd5gF\xc8\xb0\x8c\
\xd8\xd1\x19!!\xa33@\xf2\xa9B\x1a)\x0e\xf9\x1e\
Q\x0c\x9e\x93\x13\x03\xc6G0\x02\xd3\xd3\x97\xa4\xc7\xa7\
\xa7\x8b\x97\xd0/-=\xdf\xf2\xc6\xbb\xc0\x18\x85\xc0\x00\
N\x82\xe2\x5c\x98\xca\x08\x81\xea\x90\x92U\x93U3%\
(\xfa\x9c\xb6\xa9z\xd3\x98Mc\xe6\xe4\xccY\x97\x01\
\x82\xce\xa4\x0c\x10a\x86\xc4\xc6\x8e\x1a\x1d\x1a;*v\
T,\x88?cA\x05\x97\x11\x9b\x11\x921\xfa\xf9\x90\
\xe9\xa0\xfa\xe58\x88S\xb2\xa0\x9e\xe2\xd8\x9c\x9cX0\
N\x0a\x0f\x0f_\x22\x89\x07\xc9kx\xb88<\xfc\xe1\
\xf5\x96O\x0f \x0f&\xc6ER(\xd2/\xc4p\x11\
)OK\x93#\x89[uu\xf5\xb4\xf9O5\xafk\
JcG\xc7&\x01\x8e6)\xe9\xf9QI\xc0\xc4\xcd\
\x00\x05*\xf2\x18\x02N-\x90~\x91\xd5NR\xd2\xfc\
\x9c\x1c\xd0\x84Q\xdc\x16l\x0f\x07\xee\x94\xaa\x82\x9c\x02\
qxx|x|\xf8\x92\xf4\xf4t\x09tDI\xf8\
Z\xd7\xef\x7f\x7f\xc6\x8f\xa4\xee\x18\x9c\xfcp?\xbd\x03\
\xc3\x22\xe2Dqp\xe6\xab\x89\x82\xee\x07\x13\xff\x9a1\
\x9b\xf6\x8d\x1d\x16\x0bb\xdb\xd8\xd1@\xdb\x05dnR\
hhh\x12(\x03C\x92\x922B2\x92BCb\
C\x87\x8d\x1e\x06\x1f*#vN\xceb\x8e\x81\x83\xc1\
\x16l\x07\xa5b\x18n\xe2\xb8\x82\x9c\xf4x8\x0b/\
Y\x12.\x8e\x89\x0f\x87#\xd1\xb0\xa0E\x0c\x86\xe3\x18\
\xc4s\x18R\xc4\xeca])$\xda~\xa4\xd5D\x95\
MI\x84\x8d\xee\xa65\xeb\x92F\xafM\x0a\x1d\x95\x94\
1\x226#\x09\x8a\x8c\x90\xbf`t\x04^CP\xe8\
\x10\x00\xf8\xc6&\x81\x1e\x16 \xbc\xcf\x17\xe4\xa4\xb8\x81\
@\xc3~\x88}\xa8\x02y\x14\x15\x973\xe7\x15P=\
\xc7\xc3\x07\x10\x03|B\xbcE(\x14\x91\x16\xd2O0\
r\x17\xa8\xd9\x848\xc9P\xdcv\x1a\xd5\x7f\x0d\x12\x1d\
\xcf\x9f\xbf\xafflBhlF\xech0W\x1a\x16\
\x9b\x11\x14_\x86&\x8d\x06}&T\xfc0\xc4\x0c\x0e\
\x09Er\xd7\xd0\xd0Q\xa3ccCb\xdd99\x1c\
\x22s\xb2\xdf`\xaf[8\xc8*T\x15\x14\x14\x88\xd1\
\x0c\x0c\x13\xc0\x12\x812\x9d\x83I\x92e\xe1<*\x02\
?!\x8e!q!)r\xc1\x06,\x0bD\xcf\x07\xaa\
\xab\xfd\xb1\xa3\x92B2F\xc5\x8e\x02\x223`\x91\xa1\
\xb0\xc3\x82\x92\xe7a\xb1Hm\x09jT$\xf7\x1d\x85\
\xac\x8eB\x92B\x90\xecy\xb1\x0aI\xc6X\x1as\xf8\
\xc1\xd4\x87\xe0\x12\x0brb\xd2\xc3a!\x80\x89P\x92\
\xe4\xc2\x85\xc2\x19\xb0\xfc\x09!\xc8I\xc0\x04\x04\xf1F\
!\xd8YA\x9c\xa3fzBH\xe8\xa8Q`\xa45\
j\x04\x98+\x81\x15\x138L\x81M\x15\xb0\xadA\xe7\
\x1b\x0a\x9f+!!\x16Y/\x81\x06t\x14\x0c\xc7\xd8\
\xe9\x8b\x0a\xe4\x14\xec\x87Y\xca\x89\xb5\x94R*\xd8\x98\
\xb2\x05c\xd6\xc4\x87\x8b%`\x81\xb5d\x09\x05|\x5c\
<\x81\xa7\xdc\x18\x00\x07\xfc\x18k\xb1\xc4a\xc0\x1d\xc0\
\xe5iq\xad\xfe\x11\x19I\x0f\xd7&\x8d\x00\xdd1t\
\xeegBF!\x87\xa8\xd0aP\xcc\xd0$\x90\x1e\x83\
\xf49$iXh\xc8\x88\xd0\xd8a\xb1\x09O\x99\xd1\
PGI\x8b\x0a\x16\x01\xf8\xd8\x82a;\x1d\x98\xe3\x0d\
\x15K\xa9(\x06K,\xc8Y\x95.P\xa6K\xc4\xe1\
\xa5\x1c\x85\xb9\x84\xa9\xec\xc47\xdc\x94\x85ua\x04\x8a\
\x0d\xc6!C1\x97\xbcu\xc1\xda\xa7\x92r\xe4B\x95\
\x84\xf4\xcd\xa0\xc3\x0dA\xbeRI\xe0S5,\x16\xd1\
\xa9\x91\xec}\x044\x7fl\x12\xd4\x0d\xe0\xae3b\xcb\
\x0a\x0a\x228H{Ie^\x04\xa9\x97\xdb=V\xc5\
\xb2\x0cW0fQ\xbc@\x22\x08O\x00\xbfE\x8e\x22\
\x8588#[p\x80\x97a\x90\xf6@\xca\x99-\x0b\
\xd00\x86wI\x0a\x89\x85\xdf\x9f4\x0c\xea\x1e\x84\xbe\
\xf0~II\xa0\xb1\x1f\x96\x00b\xeb\x90\x11\xd0\x1f\x10\
u{\x04|\x1b\x06]16)iAA\xc1d\xd8\
\xdbq\x04\xc6\xd1\xa03Z\xc7\xb2\x94\x0an\x8e\x0a\x0a\
\x0a\xd25%\xa0w&q\x1c\xc4s@\x8c\xa2\x90i\
\x13\xd4=7,6#d\xd4\xa8Q\xa1\xc19\x05\xe4\
\xeeH\xcf\x1e\x82\xca:\x22\xf8\x1d\xc4\xd0P)\xb1A\
\x09:|\xb8X \x85\xc7\x0e\x1b\x11\x02\x9e[I\xa3\
3\x0a\x16-\xa68\x15\xe3f\x85\xdcm\x1etF\xf9\
\x90\xf8\x01\xb8\xca\xac\xc5\x8b\xd7\xa4q\x16\xc2M\x80\x03\
%\xdc\xbe\x91\xc2T\x96c,.\xa1\x08\x1b\x91\x84~\
s\x08\xa0\x04F\x00\x7f\x1c\x11\xbd\x91\xa9\x18\xc8\xdb\x87\
\x85&\x80\x12\x19\x89\xed\x87\x01$\x1c\x06=\x8c\xfb\xa4\
\xd0a\xa1%!H\x8e\x1d\x92\x14\x1b\x12;zM\xc1\
bP\x13R\x1cK\x8e\x05\xec\xb6\xd3\xe9x'hj\
\xcdqe\x8b\xd7,\xe68\x8c$X\x02.w\xd0\xed\
\x02.\xc4\xc98jD\xc6\xb0 \xfb<\xf4\x99a\xa8\
l\xcf\x84\xc4\x22y9\x1atP\x5c\x98ta\xae\x03\
\xdd{\xec\xb0\x11\x19P\x1f\xa0\xf4\x8fE\xdeih(\
\x82\xf2;a\xf1\xe2ErtE\xc1\xce`^\xa7i\
\x07H\xbf\xe9\xb18\xa8R)JU\xb6x\xf1\x9a\x14\
@N38\x87\x89\x84\x22\x91\x08smI\x18\x055\
\x97\x84f\xf9\xd8`c\x8e@\x1d+\xa1$44\x14\
\x84\xed\xa8{\x95@\xc9Q\xff\x07\xbczB,\x9a\x0b\
\x12P\x9f\x18\x11\xfa\x0c\xd4W\xd2\xe8\xd8\xb4E\x8b\xc7\
\xcd`\xdd\xd0\x03\x09\xe15'\xedlAr\xbf\x9b\xc0\
\x03\x81\xebC6b\xf2\xe2q\x8b9\x82rSB\x12\
\xecTY4\xc5'\x0d\x1b\x0d\xdc\xf7\xa4\x0c\xe8\xd2\xb1\
 \xeb\x8eET\x87\xa4\xd0\xd8$\x98\xe0F\x8c\x18\x06\
M3,\xc8JO\x0a\x85\xa6G\xf3 \xd2\xbb\xa3\xd1\
\x182*64)t\xf2\xb8\xc5\xd3p8\x90\x10,\
)d\xff\xa55\xa3\x9d\xce\x1f,H\xef\xae\x22\x18\xe1\
\xa4\xc5k\x16O\xb3p 6\xe6\x16dd\x8c\x1a=\
*#6\xe4\x99\xd8\xd8P\x98OC\x9e\x09\x8d}&\
\x14\xfd\xc6\xd8$$,\x0fN\xbd\xc3F\x8c\x88\x85\x8f\
\x16;\x02\xfd\x08\xc4\xf7\xd0\xe1F\x84\xc0l\x18\x02\xbb\
\x91\xa4\x90Q\xc3\xa6M^\xbc\xa6\x0cnI\x80\xa6@\
\x91\xa7\x83r?\x1e\xe9\x7fO\xb1 5\x81M\x22\x93\
6n\xda\xb8q\xd3\xca8.t\xf4\xf3\xc0r\x8f\xcd\
\x185*\x03\x90\xfd\xb1\xa1\xf0=#\xf4\x19X\xf62\
\xc0\xa0n4,\xfb\x19\x19\xa3\x9eA\xa6p\x19`y\
\x17\x0avq\xa1\xe8\xbfQ\xa3\xd0\x1f`\x0f\xf4\xfc\xe8\
P\xf8\xb5\x93\x13\xe5`\xf9\x06\xc2:\x0a\xfb\xcc\xf9[\
\xc5e\xcb\x1b\x14\x95J`\xccD\x86\x22T\xf2\xb2I\
\x93\xc7\x8d\x1b7n\xda\xc8\xa8\x9a\xa8\x94\xb2\x9a(\xd8\
\xfbD\xa5\xa4\x01\xe9'\x0a9r\xa4\xa5\xd5\xa4\xa4\xa4\
d\xd5\xd4\x8c/\xabI\x03\x1aG\x14\xd2\xc0\xa7 \xbf\
\x0e\xf8\x0aB\xf9\xa8\xac(x\x15\x18\x09$&\xce\x9f\
491J\x04\x894\x0cA\x81\x84\xf7\xf5\xa7\x0a\xec\
\x7fiN\x9d\xa7`\xf1\x01\xbd;\x98\xafq\x11Q\xe0\
\xa1VV6\x05\xf9\xacO\x19\x89\xbeFM)Cz\
S\x90\x9aF\x81\xfe4\xaa\x0cl\xd9\xa3\xc6\x83\xc9\xdd\
\x14$L\x9dR\x96\x88L\xee\xa6\xc0+\xc6\x8f|\xfa\
\x1b\xaa\xa7\x94\x95\xa5\xc8-\x04K g7\x96a\xe3\
^\xff\x97\xee\xf6\xbfU\xb7_\xcb\xfd\x14F\xb9)\xce\
\x0dJy\x15\x07\x1e\xf6B$\xbf\x87\x7f\xe1\xbe\x92\xe3\
\xc0\x9b\x17\xd10)\x12\x89\xf0\xd1V\x81\x11\xb1\x14E\
r\x1c\x8e\xf2\xe9,8fA\xfa|\xc0\xe1S\x14\xee\
\xf63\x94\x05\xa6T\xe0\xe2BOs\x91\x1c\xe5\xbe\xf9\
o\x05\xfaou\xc7\xd39\xe4T\x03\x97\xc9,b\xd7\
\x07\xc1y\xb0)a\xdd\xe8m9\xb0\xde\x84DH\x16\
\xb8n\x84\x9bE\xc2w`\x1e\xab\xdc*\x15\xa8\xfbU\
\xac\x8a\xe08\xb7\x1bA\xf8U\xa0\xb5f\x90\x88\x1c\x92\
\x86\xe0\xafrB\x0as\xbf\xe9t\xd2\xffQ\x03\xf0\x09\
>\x1a\x0b\xb2O\x90\xdb\x03\x81\x81 8\x90_\xb0H\
v\x8e\x02t\xc1$)\x0a\x03\xdbZ\xc8\x8f\xa0\x18\x1c\
Bm\x90\x9a\xcc\x22&\x01\xe2\x95\xc29\x83\x02\xa7\x11\
\xc8\x1cG\x96\xa7\xf0\x05\x84\x14\x00\x17`\x89\x057\x9d\
\xbf\xe1\xe7\xff\x0f\xed9\xcf\x7f\xb3\x00\xa6D\x15\x8b\xfc\
b0\x02\x9d\xe0\xdd\x1c\x01\x19\xc0\x18\x81\x01\x95\x00\x08\
\x03,\x5c\xb8\x83\xdb*G\xa8\x08\xb0EA\xeav\xb0\
\xd5d)\x8e\x001<\xa3bU,\xd2\x19C\xf6:\
,\xf8\x04\xa1b9J\xe5v_\xa5\x7f+>\xe7\x9f\
\x12\x18\x82\xcf9\x01G\xf1V\x02\xe7\xa6\x08\x14?\x85\
@\x1aEQ*\x94>\x84\xa2z\x8cJ\x88\xb4\xddP\
$0E\x84$\x04\xa8\x04\xf4N,\xec_@\xef\xad\
\xc2\x18\xb7\x90P\x11P\x8b\x04\x8b\x8c\x119,\x95\xc3\
\x88u\x8f\xd0{\xfc\x8f\x0f\xf0[\x02\xc3\x7f<x@\
\x0c:\xf8\xda\xd7\xbf\x9f\x9e\xb1\x0a\x90-\x5c\xf0\xaa\x19\
\xd5\x018\xce\xa2<,\xa4\xf1gQ\x02\x1b2g\x0c\
\xba0\xa0\x05\x172t\x82+\x0fT\x0c\x08\x0b\xa1\xfe\
P\xe6\x02\xc7q*\xc4\xfb\xa08\x10\xa83H\xe9\x81\
a\xe0F@@\x8e\x19||\x16\xdd\xed2(\x05\x9b\
u\x03\xe5\x1b\x15\x09r\x82\x18\xa1P\x08I\xd1\x1cd\
\xc2\x80X\x9c\xe18\xf47A9\x87mY\xb0\xe5\xc3\
\xf7n\xe6\xd3<\xedp\xf0\xfc\xff]@\xa7\xf3\x7f\x1b\
8\xfc\x8f\x87\xc3\x91\xff\xdd\x87\xcf\x10\x18\xe3w\xfb\xfd\
\x0c\xc3\xaa\xa0\x9d\xa1\x94\x0c\x85\xe4\x11hV\x85#>\
\x01\xae\xac\x16\x9cC\x05ws\x16\xb4\x8fG\x92}\x82\
\x11\xa2\x1f\x83\xba\x11C\xe10\x84\x10E\xc6\x94\xe0\xc4\
\xa2\x02cG \x8e\xb8\x197d\x1fA\x82\x1b\xfc\x8b\
\x8a\x11\xe4N\xa0op\xb5Gq\x882\x8b@\x13\x18\
\x81\xb9\xe0\x0b\xc9\xa2<-\x12\x02\xb7(\xb5\x98e,\
\xe0\xfb\x0d\x15\xcd\xb1\xd8\x96=_}\x96\xefp\xfc\xff\
\x94\xf1\xff\xec\x01-\x8e\xdaS\xab\x86\x0b\xe1B\x0d}\
$hB\x15dD\xc2\x88\x87D<\x02\x07P\x0b\xbc\
9\x8e\x11.\xc0\x01\x80\x8b\x17$\xf3\x81\xe8\x9fD\x9e\
\x19\x16\x0b\x86\x8bP^!`@\xa0\x9f@\x06'\x06\
\xeb\xac\x90\xc1Q\xc6\x0f\x8b1\xc1\xa9\x84b9\x88\xc0\
@\xc1\x19\xa10\x15\xcc)\xc0/\x13\xb9G\xa3\x0a\x80\
\xdc\x07\x92\x142\x22\xe4\xeb\x09\x09Z\xf0\xde\xc8X\xc3\
\xcf@\xb0\x93\xb4@\x86,\x87\xfa(\x16\xacD\xbf\x7f\
\xc6\x0cfA\xe97\xf9\xce\xff\xab\x12\xb0\x96\xff\xfd\x93\
\xe0K?;\xb1\x00Y&\xb3,\xd0V\x19\x14M\x03\
\xc69\xf8Y\xa3\xf3\x0c\x0b\x9e+\xa9\xa9\xa9$b5\
\x89D\xa9B\x11n\xb10\xac\xc5E\xb2.\x06\xaeS\
\xc1\x0a\x0f\x8e\xd3\xa2T\x86\x10\xc2&\x93\xc5\x18\x11.\
\xc4f\x00\xca\x0f\x8eyp\xeca\x84p\x03\x82\xeeL\
\x82\x0d\x0fm.\x14\xa6\xc2_eS!\xf1\x0f\xee\xe9\
p\x0b\xa4ZA*\xbc\x88\x14\x91B\x08\x16\xa1\x8cM\
\x02g\xd1}\x03\x8c\x16\x16R\xe8p\x18O\xc0A'\
\x81\xb6\xc5\xa2\x99\x14 \x12\xcc\xa8\xaf^t\xfe\x965\
\xf2\xdf\x15\xf0\x9f\xfd\xc3\xe9x\xf1\xdap\xe8X~\x8a\
\x11\x0a\x81\xc2\x01b<4\xfc\x90675\x95\x22\x80\
\xf3\xc0\x90.!I\xe0\x88r!\x14\xc1\xfd-C\xba\
p\x11\xdc\xe3\xca\x85H7\x83\xc3y\x1a\x07\x90\x84\x10\
a!\xe0\x1b.\xc2\xe4\xb8\x1fg0\xa1\x10\x87\xf3\x0e\
\xca\xe7\xc0E\x90\x01\xc9\xb0$\x8ce\x06\x07\x92\x04\xea\
\xe6\xd0G0\x11\x9c\x0a\xc1\x93\x84\x04\x14Gfff\
&\x99\x8a\xe3\xf0\xd1pd\x12\x82\x01\x9d\x03'\x89T\
\x96MM\x85\x0c\x9dTR\x08\x11\x0c\x86`\xe1E\x18\
\x8b\xb9\x01\xea\x98\xb9\xe3\xab\x9b\xce\xff\x1c\xf0\xd8\x7fV\
\xca\xe7\xabX\xce\xc2p\xf8\xd3\xc1\x074kd;\x9b\
\xcaP8\x19!O\x01\x04O\xd6\xf8\xa8\xa8\xf1))\
Y\xe3\xc7\xa7D\xa4ED\xa4dE\xa4\x8c\x1f?>\
+\x0bbFY\xf0\x8a\x94\x94\x94\xf1\xf0---+\
+%\x0d=\x09?\x87\xa7\x10\xac2\xf8\x9a\xac2t\
\xa3\x0d?\x1b\x9f5\x1e=\x07\xaf\x1d\x9f5>+\xf8\
;\xa2\xe07\xa4deEe\xc1\xef\x87_\x8a\x1e\xb0\
\x11A\xff?~|J\x16\xfa}QYe\xe3S\xa2\
\xb2\xe0\x93 \x0d7d.\xc3\xdaM\xb0\x14\x0e\x17B\
n\xcaM\xe1\x11\xd3\xaf\xf2\xce\xff\xa8\x80\xdf\xf2H\x1c\
\xb4\xe3\x1d\x98S\x09\x92\xc5]\x0c\xac\xb5\x04\xfc\x0aX\
a\x98\xb4\x94\xc4I\xe3&\x8d\x1b7n\xf2\xfcD \
\xe0\x8d\x04CY\xf4\x189iR5|\x19\x09\x7f\x1e\
9\x12=W\x16\xc4q\x8c\x1c?i\xe4\xc8\xe0\x0f\x12\
\x13\xe1%\xe8e\xf0\x83\xc4\x91\x89\x89\x89\xff~bR\
\xf0o\x8d,C\xdf\xd1\xf3\xe8\xf5\xc1\xff\xf9\xcd#\xf8\
\xdc\xa4q#\x7f\xf3\x5cbb\xe2\xfc2\xf4\xca\xf9\xc0\
q\x82wO\x11\xc1\x9c\x05\x19\xfb\x16\x8e\x01\x85=\xcb\
\xc2\xad\x940u\xc77\xff\xab\xc5\xb1\x96\xdfT\x09\x9f\
\xff\xc6DXM df\x09\x12}\x087\xc1\x90d\
\xd4\xc8i`+\xb3o\xdc\xe4\x82\x82\xf9+\xb6_\xbf\
p\xc3\x18m\xcb\xce\x06\xe2D\x97\xb5\xb8\x97oy|\
\xfa\xb1-\xe8\xe9b\xee\x0a\xeb2\xf7^\xb8\xd0\x0b\xf0\
\x0b{\x13O\xf7\x86\x99\xed\xb60[\xb3V\x0b\xcc\x82\
.s\xd0l\x05\x1e@\x8d\xe8\xb2\x9a\xb5\xda0+\x10\
\x04l\xf6\x7f\x19\xc3h\xcd\xf0\x94\x159\x92\x04_\x8a\
\x9e\x8c\xd4\x06\x91\x12Zp\xee\xd0\x06\x7f\x112\x8eA\
\x1c\x08\xbb\xd6n\xdc\xb6b\xda\xb4\xc4q\x93'\x8f\x1b\
7y\xf2\xe4\x91Yr\x0c\x87\x90\x16D\x9f0hV\
\x86\xa5\xfc\x99#^\xff\xbf\x86\x00O?R\xb1*\x0a\
\xad\xaa\x04\x8b\x0c\x84`1J\x994n\xf1\xe25\x8b\
'\x8f[3m\xdd\xb6b\x9e\xef\xb6i\x07\x8ft\xda\
\x06\x1c\xfc`\xb36\xcc\xdae\xb5V\x1e9\x7f\xe4\xfc\
P{\xaf\xd5\xf7-\xff\xd3i0\x8e\xad;t}\x00\
}\xec\xba\xf3\xe7\xbb\xc3\xeaxG\xef\xd32#<\x84\
\xd9j\xb6\x02\xc0\x03\xcam\xb3Z\xcda\xc5]\xd6\xe6\
\xc8Y\xb7\x9c\x83\xe0J\xa2\x05l\x89\x16 \x0e\xc1\xc2\
\xdb\x82\xc6\xc3\xa8\xb0\xe8Y\xf4\xbc\x0d\xfd\xcc\x8a\x18$\
\xb6]u\xdd\xf0\x1c\xe0!\xe0'E\xa5\xe3\xd6\xac\x99\
<\x19\x1cs\xa2\xe4\x1c\xe7F *\xa0\xcaa\x90r\
 $\xd7^p\xd24\xfd?\x8c\x9c\xd0\x13W\xf7L\
\x84p-\xc4-)\x8a\x839\x9b`\xc6O\x9a\xbcx\
q\xc1\x9a\xc9\xe3\xd6\xd5\xd6\xcelh(\xec\x0c\x04:\
l\xc5\xf0\xae\xd6\xee\xf6v\x9eo/\xb6Zw5\xdd\
\xfb\xaeN{\xc3y\xa39\xac\xae\xbd{h\xa8\xae\xd9\
\xd7\xd5e\xb5\x86Y\x8f\xd1t\xb1\xb6\xab\xb7\xe9\xd2\xc0\
\x80\xb5\xcb\x86\x1a^\xab\xfdW\x8b\x9a\xbb\x06\xba\xc2\xb4\
\xbd<\xdfm\x0d\xeb\x0a\xab;\xdds\xde\xdcm\xfd\xef\
:z\xda\xec\xe8\xdf\x8eAxtX\x83\x165\xd0\x07\
lf\xad\xad9\xd2\xd6q\xf6,\x02/\x5cw\xdc\xb0\
G67\xd1tw6\x10\x1f\xa2\xedv\x9bm[\xd6\
\xe4\xc9\x93\x17\xafY<\xae,\x8ee\x09\x12\xa7\x98T\
X\x999\x96\xf0\x933>t:\x9en\x08\xff\xbd\x11\
\xe2\xf3\xdf\x80mgp\xf7A\xc1,\x98\xca\x0a\xcb\x16\
/.X\xbch\xf1\xa2}o~z\xe5\xdb+\x0dm\
m\x0d\x9d\x85\x81\x8e\x80\xdd\x0c\xec\x13m\xf6\xfe\xee\xc1\
\xeeb@q\xf8|\x03\xdd]\x08\x83R\xdc\xcb\xf3\xbd\
>3pi\xcc\xd6\xb0\xee\xee\xe2]\xedNgSq\
\x975\x0c\x10\x09\xe6\xe0?f`\xb54\xdfo\xf9\xe9\
\xd8.\xab\xd5\xd7l\xb5\x9a\xb3#\xad\xc5\xd96hm\
\xf4\x9b\xc3\xcc6\xb3\xb58\xf8Zk\xf3\xe0\x91!\xa8\
\x80#\x9d\xf6\xe6`\x07\x80*0G6\x87Y\xc3\xce\
\x9f\xf7\x15\xd7\xedB\xce\xd4\xe7\xe8\xee\xf3\xdf\xd6!\xa7\
e`/\xd8\xa3\xa3\xa3\x8b\xe4\xe8\xd3/\x1a\x97\x02\x1a\
.\x97\x08\x01\xa98\xd8\xc0\xcc\xd8q\xf5\xbf\xe7\x00\x18\
\x03\xbc3\x7f\x14\xe7\xf6\xb3\x96 \xbd\x09t\xc8\xacp\
\xd2\xa2\x82\x82E\x05\xe3\xe6\xf4ox\xfb\x9d\xd7?\x06\
\xc15\xd4\xc09\xbe3\x10\x08@\xf7\x8d\x1c\xb8\xc5\x1f\
\xb3\x9a\xcdv\x9bu\x80\xe7}>\xb3\xaf\xf9A\xcfc\
kq/\xcd\x1f\xd3\x86Y{{N\x0f@\xa5\x14\xd7\
U\xd2\xb4\xad\xb8\x97\xa6\xeb\x9a\xc1{\xe9i\x03[;\
\xce\xf3-\xe7\x01\x5c\x83\x9e\xb4\x9a\xcd\xd9\xa8\xec\xc0\xb1\
\x01\x82\xce\x8d\x9e\xeb>\x18\xe6\xd6\x8e#Cg{Z\
x~\xf0H \x12\xa8:\xc0\x17\x81q\xd1\xc4\xf3\xbd\
\xdd\xdd\xbdN~\xc0lk\xd6\x9a\x87\x8eDj}\x1d\
:;\xb4\xbe-\xe8\x97\xa4V\xcf\xf4\xfce14\xe2\
\xb8\x14t\xc3\xcar\x8c\xcaM\x90\xb0Ub\xbf\xca\xff\
\xcd\x1c\xc0;N\xef`U\xc0\x1f\x04\xb6>l\x1f\x08\
f\xfc\xa2E\x05\x05\x05\x05+\x9d\xfc\x9f6l\xec\xeb\
\xeb\xabokll\x83:hkkh(,\xf6u\
\x7f\xc7\x9f\x1fj\xb9U\xd7|\xa4\xe5\xac/\xcc\xdc\xfc\
\xb8\xe7q\xfb.\xc0@\x98\xbb\x8e\x1d3\x87\x99\x9b\x8b\
\x87\x86\x00L\x03Eln\xb6\xee\xb2\x86\xed\xba\xda2\
\xa4\xcdF\x85\x1d\xe8\x9de\x8e\xacko\xef\x1e\x98e\
E\xc5\xd6\xce2w\x0dt\xef\xb2j\xc3\x06\x06\xc2\xd0\
\xfc`\xeb\x00\x9aE\xa49\xacyp\xe8BOK\x0b\
?8\xd8\x01D\x17D\x17\x01\xd8\x85}\xf0H\xe0\xde\
\xe9C\x95\x95@\x1c\xd1\x9am\x91\xb6\xc8^'\xdf4\
3\x12y\xcb \xf6\x06\xe2\x8e\xa4\x15@A&\xcbA\
\x03\xe8\x86k~,\x08\xa5\xba\x12\xdc\xf1\xa1\x0ap~\
\xb6\xc0\x0d\xa2K\x0cmtH\x8c\xc5\xc6/.XT\
\x90\x93\xbb!\xaf\xbf\xff\xf5\xd3\xb5-\xf9g\xce8\xf8\
\x86F\xa4\xbbo\xe8lh\xeb\xe6yks\x9dO\xeb\
377\x9b\x8b\xc3\x00\x03T\xdc\xee\xe4\x07\x9b\xa1g\
X\xadaM\xbdM\xb4\xf3[_\xf7\x80Y\x8b\xe6\x0b\
\x98\xee\xbb\xac\xddu0e\x9a?\xa3\xcf\xdft\x0cA\
U5_\xefy`\x0b\xae\x0aZ\xb3\xf5\x16\x7f\xd4\x17\
y\x89\xe6\x9b\xad\xc1\xc9\x1d\x90J\x91\x9164\x05\x0c\
\x0d\x0d\x0dv\xd8\x82\x8eTv4\x09\xf8:\x1e\xe5\x7f\
%\xeb\xa8\xe4\xf9]\xb2l\xbb\x1dA\x00\xd4\xd0\xf2j\
\xb5\xcc\x0e\x1a1\xc4\x02\x00\x06\x87\xba\x06Zr\xd1|\
\x1c\xe7X\xdc\x02\xb6\xc1h\xcb\xe9\xbf\x86j\x00k\xc9\
w8o\xad\x82M\x1e\x9cU \x13\x87\xc4\xe4\xe3\x0a\
\x0a\xc6\x8c);y9oC\xff\xc6\x1f?\xff\xfcu\
\xc7\xc5\xbc\x8d\x1b\xfb\xdf\xe6\x1d\x8d\x8e\x0f\xee\xf5\xfct\
\x93\xff\xb4\xad3\xd0\x110[\xc3\xac\xbb\xacA\x7f1\
\xad\xf5\x18\xcfw\x83\x91\x979\xd2\xc7;o\xf4\x5cm\
\xa7\xe9nm\x98\xd5\xba\xab+\xcc\xaa\xd5Z\xb3{y\
\xbe=\xf2'\xfa\xc6\xd0\xa1\xca\xc8hm\x17\xfc\x9d\xec\
\xfd\xe6\xa7\xb3;T\xc2\xcc\xe6c4\xdfn\xcf\xd6v\
\x85e#g\xac\xa7\x8b\x9eV[\xec\xf3\xc1\xfa\x19i\
\xb7\x01\x5c\x05\x99d\x99m3\xedA\xab\x93h\x1b\xaa\
\x16\x80_@\xb9\xd5\xea\x99A\x0b+\x99\x1a8\x08:\
\xb5ZfZ\x5cP\xb0h\xd1\xe2\x086\x95\x84\xace\
\x06xd.\x91\xfc\x0a\xed\xc8wBd\xb2v\x01\x9a\
\xfd\x85\x0c\xa2\x863X\xca\xe2\x9c\x9c\x829\x7fy\xa3\
\xe7\x83\x8b\x1b\xfa\xef:\xf8\x8d\xaf\xfe\xbc\xb1\xbc</\
o\xc3\x993?_\xf8cc#\xcf\x07\xee9>\x85\
\x91\x10h\x0e\xd3\xda\x82\xcbqXq]\xfb\xd9\x0b\xbd\
Vmp\x81\x9f\xe9;\xf2\xc5g\xd9\xcd\xe6]\x03\xbd\
u\xd60\xdb\xe3\x9e{V\xb3\xd6\xdc~\xac\xa9\xbd\xdb\
\x87j\xe9\xe9\x82\xa0}:\xd9G\x9am\xb6]\xf7n\
4\x0d4\x07[>\xb8\xbc\x83M\x18\xb47\x9a\xfd\xb4\
\xc8\x9d\x0cJ\x0b\xdf\xc3\xba\x07\xd4v\x19\xaa\x0c\xf0\x87\
G\xedmG\xcaT\x849\x8a\x8e\xce\xeeRK\xd5:\
\xb5Z\x17\xad\x96\xe9Jr\x0ar\x0a\x0aF\x22d\x1d\
\x84\x958\x8e\xc0\x853\xde\xa0y\x07\x9c\x06\xaf\x11\xac\
\x85D\xa9\x1b\x90\x92\xc0\xa6@\x8fYs\x95\xbf\xf6B\
\xd5\xce\x8f\xff\xd9\xbf\xf1b\xff?j\xff\xde\x9fW\xbe\
\xf1.\xef\x00\x08HUa\xc3\x89CG;o\xdfn\
(,,\x0c\x04\xb4a\xe6Y\xb0\x97)\xee\xaa\x1b\xec\
v\xf2\xed0\x91i\xcd\xdac\xdd\x83\xddZ_q7\
\xcf\x0f\xc14`7k\xcd\xc5\xedNg;Z\xb9\xff\
\xbd\xc8=\xfdCdd\xb69R[w\xf6l\xa5\x0d\
\xa6\xc3\x9f\x1e\x85\xd9\xb5\xffZ\xf3\xa0\xb1\xb3#mv\
[\xa4\xediqQ\x91;\xf9\xda\xb0h \xfc\xa8\xd5\
j\xb5\x0cT\x89P\x03v#\x10\x8f\xa2u\xd2g\xbd\
\xf7Z\xae{\x80\x00\xa3\x8b\x96\xc9\x8c:\xc5\x18\x18\x06\
\x93\xc0\x0a\xd1O\xe0\xe8\xfc\xc9\xfa\xb9\xd7\x9d<\xe6\xe0\
o\x8f\x85\x88\x04D\x9b0V\x98\x8a\xca\xbfh\xd1\xf6\
\xb6\xfb?\xbc\xd7X\xff\xf1\xf1;\xfdy\xfdy\xfd\x7f\
\xe5?\xe8\xff\x80\xbf{\xf1b\xde\xc6\xaa\xaa\xc6\xc6\x0f\
\xfe\xd0\xd6\xf6\xde\xbd\x80\x83\xefh(\xf4\xdaQ\x19\x06\
\x9c|\x93\xaf\xab\xb7;;[\xdb\x5c\xd7\x11\xd9\xc4;\
\x9b\x22a\xa7p\xac\xd8l\xed\xb2\xee\xb2\xfalCN\
\xbe\xb2\xf8\xdf\xa57\xd7!8\x1alq\x8e\xf5\x02B\
I\xfb\xefM@\xd8\xfd\xc7\xd9Zd$\x14\x19\x89\x88\
N\xf6\xa7\xdep\xc0\xfa\x80?\xa0\xc2B\x83\xa3\xd2\x07\
\xcd\xe2P\xb9\xa3\x8f9\xf9\xdeh\xb5l\xff\xe9\x96#\
\xde\x80n\xe0\xdew\xbb\x8cF#``\x8c\xbaE9\
\x05c\x0a&c`>\x0b\xd0L0O\xf3\x97\xd6:\
\xb1\x96\xfc\x1d\x10\xbb#(\x02\x1d{Y\xf9\xa2\x9c\x82\
\x9cD\xbe20t\xfdP\xdb\xa3\x96\x1f\x9e\xec\xfd9\
\x0f\xf0#\x1b\xcf\xe5\xd3\x97k\xf9;\xe5\x00\xc4)\xcf\
\xab\x82\x19\xb1\xa3\xa3\xa1\xa1\xa1\xb000p\xf5j\xaf\
\xb9\xc3\xdeen\xe2\xf9\xeef\xdbO\x8e\x9b\xb3\xb2}\
\x8f{\xce;\x9d\xc7:\xec\xben\xdb\x10\x7f\xda\xda\xde\
T\x07\x9b\x064\xbfu\x99\xe1\xa5\xcecf[\x98V\
kow\xf2\xbd\xb6c\xbc\xa3\x09\x98J\x91\xb6\xc8\x81\
\xa6nT\x1bv\xad=\x1a\xcd\xfa\x00T\xb2=mx\
h`Ytt\xb4\xbd#\xd0\xe9\xbc\x19\x09\xe6e\x00\
\xd8\xd1A\xe77\x1e\xca?+\xf5B\x8d\xe8t^\x9d\
\xaeH\xba\xeb\xf3G\xb3\x90f\x14@\x1c\xd2\xc5\x059\
9\x05\x93X\x82\xc1Y\xce\xcd\xb9\x81\xbf+z\x83\xc7\
\x1c_\x89T(\x5c\x0bJ\x07\x82\x8d[\x93\x93\x933\
g]\xa0\xb8\xc5q\x08v>\x85m\xf5\x8dy\xe5y\
y\xe5\x1bk\x1d\xfc\x9d\x0dy\xe5\x15s\x81\xcc\x94w\
\xe7\xf2\xc6\xb7\xd1\x92x\xf4\xa8#\xdf|\xffA%\x8c\
|_7\xef\xec\xb6\x86\x85\x0d\xf0|\xa0Y\xeb\xeb\xb0\
\x9a\xad\xf6\x07\xe7\x1e\xf9\xea\x06}\xed<\xdf\xe4\x83\xad\
Rp\xec\x03c\xc7\xd7K\xd3\xbb\x22\xcd\xdal\x98E\
\xea\x06\x07w\xd9\xd0\xc6^6D_\xb0\xc1\x9c\x003\
^e\xe5\xcc\xe8H\xe4\x177\xd3.{\xea\xd6\xa6V\
\x17\xc1,g\xdb5\xd8\x89\xba\x80N\x17\xad\x03\x8bB\
\x99\xce:\xd8i\xd4\x19\xd50\x05\xea\xd4\xc6\x22\x04\x9e\
\xd1\x19u\x01#\xe2.\x19\x16\xe7\xe4\xe4\x14d\x11\x0c\
i\x01\x85\x1d\xeb\xb6\xe0\xfe\xed\xb7\xb0\xda\x12\xc8\x5c\xc1\
P\x18\x86e\xd8\xc4\x9c\x9c\x9c\x9cwm\xb6\xe6\xf3C\
\xcd\x0d\xdf\xb6\x5ch\xfb\x94\xff\xae\xaa\xaa\xea\xce\x86\xbc\
\x0d\x1b\xf2\xfa\xf3\xca\xcb\xe7Vl\xc8\xdb\xb8\xa1|\xee\
\x86\xfe\xb77\xd77\xfe\xe0\xb8\xdd\xd6V\x08\xbd\xc0\x16\
\x16\xa6mnn\x1a\xa8\x1b\xf0\xf9:\x06}\x9d\xe7\x8f\
X#\xcda\xd6\xae\xf6c\xbb\x8a\xadGZ\xce\xce2\
[\xad\xda\xb0\xf6\xf6.\x18\xe4f\x1b\x82\x87u\xf7\xc2\
\xdc\x0e\xd3\x9e6\x12\x9a\x1cj\x00\x162[\xa4\xad\x92\
\xe6\x07\xcc\xf6l\x9a\xf6\x05l@\x13\xb3\x03\xd3\x0a\xc0\
:\xd1E\xc7\x9c\xce^c\x91\xcch\x0cB\xddtE\
\x8092\x1a%R\x9d\x0e\x81\x96\x8c:u `\xd4\
\x19\x9f5H\x8d\xa8\xe8\x06\xf8j4($9sr\
r\x0aD\xa98\xc6RB\x08\x80c\xa2\xd4\x8f\xb0\xcf\
\x16\xb8\xdd\x10\xa8\x228\x88u\x0b\xa1\xfc\x13\xd0\xb6\xb6\
#\x10(,\xf49\x1c\x1d\xf5\x8d\x8d\x8dUU\x8dg\
\x10\x15kny\xf9\x937y\xfa\xce\xdc\xf2\xfe\xfc?\
\x00\x02%\xb83jh\xe8\x0ct\xd8\x06y\xbe\xb7\xe3\
PKK\xed\x80\xef\xdb\xb3\x8f\xd5a\xe6\xae\xaeJ\x07\
\xdfa\xf5\xf9:\x90\xeb\xa5\xb6\x1d\xfa=8m\xda#\
\x83\xc7\x1c\x9b\xd6f\x03\xf3Oms\xa0\xf3|\xcfY\
s\xd81\x9e?\x06{\x9dH\x99\x0cf\xfc\x0eY/\
\xefl\xb2\xc9\xbc:5\x82\xd8\xc1:g\x0b\x04\xa2a\
y3B\xd7/2\x82W\xa2Qw\x89\xe6g\xe9t\
252-\xd4\x19\xa1\xd1\xc1\xc7M\x81\xb8;\xe8!\
UxJsrr'LB\xc1J\x06R%87\
~\x0d\xbb=Q\xa5\xe2H\x10\x01\x12\x04\xa5*\xcb\xc9\
\xc9\xcd\xd9n\x0e\x83\xce\xda\xdc\x11(,<4\xd4\xd9\
\xd6v\xfcx[\xe3\xe6\xd2\x8bw\xee\x5c\x9e\x97\xd7\xff\
+\x7f\xb7\x7fC^^^EE\xf9\xdc\x0d{\xab\xea\
\x1b\xeb\xeb\xeb\x83Up\x82?\xdd\xeb3\xcf\xean\xef\
m\xb6v<\xeey\xdc\x01\x8d\xed\x9b\xd9\xd5\xe5;\xdf\
\xf2\x93\x15\x11,\xadh\x17\xbb\xeb\x96c\xd0\x86f<\
 4\xc2\xdan;\xc6;\x8fut\xc8\xec\x91\xbd\xbd\
\x1d2{\xb4Zg\xb7\xd9\xd1^F\xe6\xd5\xe9\xbcC\
-?\xe9\x82\x90#\xb5Nw\x8c\xa7\x9b\xa0\x9b\xebd\
\xba\xa2\x22\x9d\xce\xa8\x8e\x86V\xf7&\x03\xeb\xcc[\x04\
\x8d\x8d\x04\xcaPp\x03t\x02\x00?\x05\xbb\x80!'\
77\xa7\x00YD\x04c\xc9\x14\xbe\x0e\xfb\x90sC\
]0*\x8a\x22T\x1c\xea\x00\xd6\xae]\xb3\xe0\x94:\
\xf0\xf9u_gaCC\xe0\xf5\xb3m\x8d\x17\x1c\xef\
T\x9d\xc8\xff\xc3\xc6W_\xdd\xf8\xf69\xfa\x22\x9a\x0b\
\xe7\xe6\xbd<\xef\xf2\x9c\xcd\x9b\xa1\x0a\xda\xea\xbf\xf9\xe0\
|g\x87\xcdg\xed\x0ak\xb6\x0d\xf2\xf9\xedVs\xb3\
\xb9\xf8\x98\xd3y\xac\xb2\xce\xd7]\xa95\x9b\xad\x83W\
\xaf\x82\x0f\xab\xd9\x16\xb6\x0bm\xf4l\xd13\x9f\xeeb\
\x22\xa3\xbb\xc2d\xb2HY\xb4=2z\xa6:\xd0\xe1\
\xf3\x0d\x1e\xed\xb0\x07\xfb}\xb4= \xb3\xdb\xd04\x17\
-\x03\xf6C\xef1D\x16\x93\xe9\x02\xdf}\xae\x81\xc2\
\x1be^\x80\x0e\xa1\x0e\x8f\xfe\x93\x82a&p_\x00\
\x01$\xf5H\xbd\xeag\x11\x8ee]nnNN\x99\
\x0a\x14L\xe8\xe2\xc4\xcdN\xc4\xdc@\x88\x80\xd0\x17\x83\
1\x1c\x09\x1d \x0b\xd6\xeb^\xb3\xd6\x0aa\x8d\x8e\x00\
4\xee\xd1\xa3\xb0\x0bnll<\xf3q\xcf\x1f/?\
9\xc7_\xecG[\xa3\xfe\x1f\xffq\xf1L\xd5\xe6\xc6\
\xc6\xcd\x8d\x8d\xf5/\x0c\x05\x1a\x0a;;o\xf4<P\
kw\x0d\x0d\xfa\xa0\xd3\x87i\x9b;\xbay\xbawp\
\xd0\x16\xa9\xb5\x17\x9f?_l\xce\x86\xf5}&:\xaf\
E\xda#g\xc2\xe9\x0d\x11\xcc\xec3\xedh\xf3:\xf3\
\xd1\xbd#\xef\xf5\xb4\x9c\x0b\x04\x80\xb6a\xd4\xe9t\xea\
\xa7_u24\xf0\x9fN\xeb:\x9d\xa2\xf3\xfe\xf7F\
\xc4UCV\x91\xa8\xdc\x88\xaeeLN~\xfa\x04t\
\x03\x85\xc1h\xbcE\x1f\xf5*\xbc^InN\xce\x84\
\xc5\x9c\x1b\xa2\xe68\xdcA\xb1\x90\xbfIQ(\x85\x11\
\x0e\x08\xe3ssss\x87\x85Y\x9b\x9b\xcd\xb0q\x0b\
\xb3\x16\xfb\x9a}\xcd\xcd\x9f\xd6\xbe^_\xdf\x18\x9c\x0b\
\xaa\x1a?8\xfd\xe7\xbb\x1b\xe9\xda?\xfd\xf9\xcf\xe5\xaf\
\xfe\xe3\xef\xff\xaf\x1c\x80\x81\x1b\x1a\x1b\xeb\x83\xc7\xa4\x86\
\xce\xce@G\xdd\x91\xc1.4\xd6\xa1\x9b77\xfb\xce\
\xd3?\xd9\xb5v[\xc7P\xcfw\xbdM\xda\xc8l\x00\
\xf5\xe9t\x91\xd12{t\xd8\xacH{\xf4\xac|\xbe\
\x03vl\x00\x12\xd3\xdd\xbf\x7f\xf4\xc4\xf5\xeb\xe7\x1b\x0a\
e\x88\xa1\xa6\x93\x1ae\xb2\xa6&\x10\xfeC\xb9\xd52\
\xc4\xb7\x02\x877X\xeb\xbc\xc6\xa7\xc5\x86A\x0e\x88;\
\xe4\x1aj\xd0K\x0d\xa0Q\x07\x85\xb4B\xea\xf1z\xbc\
&\x85\xc7\xeb\xf5Js&\xe4N\xc8\x01\x03m\xa0\x80\
C\xd0\x1be\xc5\xc3\xdd\x1a\xba\xc8\xe0\xa2\xa0\x02b\xd0\
\xe1\x148\x8fVk;\xed\x18\xe4\xf3o\xf2\x87\xda\xda\
\xea\xeb\xdb\xea\x1b\x7f\xf9\xf5\xa3\xda\xe3\x9f|\xd2\xbf\xf1\
\x0f\xf9\xaf\xfe\xfd\x1f\x7f\xe0_\xcd\xdbH\xe7#R\xdd\
\x9d7\x1d\xe7\xd0Y\xf1=\xfeqC\xe4\xd5[\x00\xe8\
\xb3\xdad\xc5\xbd\xdd4=\xe4\xb8U\x8c\xb642\xd9\
\xb1\x16\xfe\x98:l\xffL\xdd\xa1\x9e\xb3\xf6h\x99}\
\xff-~\xc8\xab\x9ey\xe8|\x98]\xfd\xf4\xf8\x22\xd3\
\xe9\x0a\x03\x01/\x1a\xe4O\xa7\xf5&\x9e\xbe\x04x\xb5\
\xc1\x80Q'\x9d\xf5\x92Q*}\xfa\x83`\xfc\xd6\x0a\
\xb0\x00\x00 \x00IDAT\xa7Gu\xa0\x03\xea\x13\
\xd8\xad\x19\x81\x7fd0\x16\x0d\x0e\x15\x05\x19@`\xdd\
\xa9@\xf0;EAnnn\x0eP\xbd\xe16\x02n\
\xb3XP\x14\x12\x1c\xe3\x86\x9b<\x82+\x9b\x9d\x9b\x9b\
\x1b\x0f[\xb2\x81\x07\x0fz\x9b\x07\x06\x8a\xdb{}\xcd\
\xf6\xbab\x18\x08\xf5\x0dG\x03\x9f^o\xab\xba\xf8\xe7\
//o\xbc\xf8j?\xda\x1e\x94O}ynEy\
E\xf9\xab\x7f\xfeGa\xdb\xe6\xc6\xfa\xb6\xfa6\x986\
\x8a\xeb\xea|\xbe\xc8\xees\xfcy\xfeB{{ow\
\xb7=\x1a\xb9\x1a\xdb\xa3\xd5\xf6\x8eAg\xed\xac\x8e]\
N\xe7\xac\xe8h\xb4\xbc\xeb\xd0\x96~\xffKEpx\
\x89F\xdb\x1ahn\xb51\xfa\xe9\xa8\x06\x98\xa5\xd1\xab\
\xd3\x7f\x9e\xff\xc8\xa4\xab\xa4\xe9\x01\xdb~\xb4\xb2\x1b\x01\
\xf0\x0887\xf4:\x85\x14\xbcS\x817\xa6\xd7\xeb\x15\
\x9e]4\xfd\x92\xc2\x03\x1c$@\x80\x01\x06Io\x80\
Y0w\x02\x1cyQ\x940h\x9e\xc7\xb2\x98\x85C\
8v\x8c);\x99\xbb>7<\xac\xd8\xda\xdct\xf3\
\xd6\xf5\xeb-\xfc\x11_\x97\x15\xa2\x9c\x1d\x81\xe6\xe6\xb6\
o\xf9s\xf5mm;/^\xbcx\xceq\xb7\xa2\x1c\
=\xf2\xca+\xee\xec{\xf2\xe4\xc9\xcf\xaf\x7f\x0c\x03\xa4\
>X\x07\xf5\x0e~\xc0\xc9w\x0d\xbd\x00\x87d\xb4\xd3\
\x83=\xecL\xd8\xd2\xc8\x9am3u\x91<_\xd7=\
\x00\xd3[\x00\xa8yj\x88^\xdc\xa2\x8f\xa8\xd50\xd2\
\x03\x01hl]\x91\xaeH-E\x8d\x8c\x1ej\xe9\xcc\
#G\xc0&W\x1a\x905\xd1|\xa5\xd4\xf8t\x91W\
(\x0c\x08\x0e\xf0\xd4HUj\xd0\xeb\xe1I\xd3KN\
z\xbf78,`>4\x82\x9d\xa9\xbe\xe0dnn\
.\xaa\x00\xb8V\xe3\x90\x93.H\xccq\x96\xe1\xc0\x1a\
5+w\xfd\xec\x5c\xb1\xb9x\xc0\xe9\x1c\xec\xbe\xf5z\
e\xb1Ok\x8e\xac\xbc\x14\xd6U\xd7{\xd5q\x08\xa6\
\xc36\x18\x0b\x17\x7f~B\xd3\x1b`\x87|\x99\xa6\xfb\
\xf3rW\xde\xd9\xd0\xd7W\xd5\xd8\xc6\xf3\x85\x8d\x9b7\
7\xd6\x1fu\xd0\x85K\x0b\x0b;n\xdd\xea.\xee.\
n\x8e\xbc\xc0\x1f\x82\xb5\xcdn\xb7je\xf6&\xa7\xb3\
\xa9\xa3\xb8\x1b\x9a5PI\xb7\x5c\x7f\x00\xe3\xde\xa8\x0b\
x\xbdh##\xf3\xde\xe8y\xe01\xeatR)\xf8\
?KuE^\xa3Wj5\xab\xbd'\xce}\x16(\
\x02\xbc\x9c\xda\xa8\xf7\x80\xdb\xa0Q\x17lq\xd4\xbd\x0d\
\x0a\xa9\xd2SXX\xd8\xd0Ph\x02\xcf^\x85\xc6\x18\
\xad\x87I0\xd9\x90\x8c<u\x15\x0a\x8f\xc9\x90\x93\xbb\
\xfedn\xaa\x05\xae\x0d!\xfe\xe1\x86\xacQ\x92$!\
o\x13!\xee\xa3r\xd7\xaf\xcf}\xe5\xd0\xf9\xba\xden\
\x88x\xa2\xa3~\x93\x93\xef->\xc4\x9f\xae\xeb\xe8\x08\
\x1464\xb4\xd5\x03\xa2\xf1\x85@]}U_\x7f^\
\xc5\xab\xfd\xfd\xff\xf8g\xde\xd4\x8a\xf2\xbc\xb9U}0\
K6VU5\x14\x166\xc0\xce\xa0\xad\xb3\xe1\xa6c\
Pg\x8b\xdc\xd5\x94m\xeb\x90\xd9\xd5>\xba6\x0c\x9d\
\xd5;}pf\xd7\x05\x02\x03|\xcbM\x1b\xda\xb7\xa8\
aE\x0f.o\xcd\xb2\xe0\xe0\x0e\x0eth\xeaJ\xda\
q\xc9\xa8\xf0z_s\xd2\x03\xc1>\x010\xcd\xe0\xf6\
F*U\xe8\x10\xf0K\xd9\xd6x\xf4\xe8\x91\xc1\xa3G\
\x1b\xbc^\x98\x0e\x0c\xf1\x8ag\x8b\xf4\x06\x0d\x22\xbe\xa1\
\x1a\x90\x1arrg\xe7\xe6\xaa\xe0\x8a\x00Z\x1cz\x01\
\x18\x1a\xa3K\x5c\x18\x14\x00\xc1\x9b\xbd>p\xf3\xc5\xba\
\xb3\xfc\xf5\xc1f\xab]\x1di\xed2\x9bg\xde\xea9\
\xd4\xd1ak\x96\x05|\xb5|GCCgg\xdb\x11\
\xde\xd1\xd6XUufc\xf9\xc1\xf2\x7f\xfe3\xafb\
\xee\xdc\xb9yO\xce\x9c9\x03l\xb6z\x9eo\x805\
\xf3\xfb\x9e\xef\xda`\x83h\xb7\x1fk\x8a\xcc>\xed|\
\xd8a\xb7\x07\xa2\xd5j\xf5\xccY4?\xe0\x95\xea\xd4\
\x9f?>\x1a\xe3\xf5\xc2\xa0\x97J\x8bfV\xbed(\
2\xeaf\x0d\xec7\x04g6\x80\xb6\x22\x8c\xa5\xd1\xe8\
\xf5*\x00\xe8\xe6\x95zM\x0a\x8d\xd1\xebQ\x02\x87\x04\
\xf6:\x0a\x0f@6a\xa9W\xe8\xdb\x1a\x87\xe0.\x7f\
\xa8\xb1\xcd#\x95\x1aLR\x85\xc7F\xd3\x95\xbc\xf3%\
\xafT\xeaQ\x00\xfc\x0dvB\xebg\xaf\x87\xe0/\x0b\
{\x1f\x98\x071\xb0w$\x09\x16\xc6\x03\xc1\xa2\x0a\xd8\
\x96m\x0d\x0b\x9be\xf5Y\x8f\xd1\x8ecp|\xd7\xfa\
d?\xf5\x9c\xb7[/\xf4\x1c\x09\xd4\xf1\xfcQ\xfe\x1c\
t\x836\x87c\xef\x06\x98\x06\xe11\x17}\xc9\xabx\
\xd2\xb7sg\xfd\x99\xbe\xc6\xaa\xaaS_=\x0d \x16\
\x06\xbay\xbeRg\xdf\xbf?\xd2\xaeVG\xdb\xb3\x9b\
*\xcf\xf7\xfc\xf4\xda\xd9\x9e!\xcf\x83G/\xc4\x14\xe9\
\xbcz\x83\xd1X\xe4\xfd\x96?\xeb\x99\xd54\xf3\x82\xf3\
\xd3\x97Z\xf2/y\x81\x5c\xf9tUC\xd0HX\xd4\
\xbdR\xcf\xfd\x9e\xc7K^\xcb\xe7;\x10QT*\xf5\
\x80O4\xb2\xa9Vx\x1b\x1a\x8f\xf2-=\xfc\xd0\xd1\
\xa3&\x85\xc1\xe3Yr\xe3\xf4\xe3\xa5\xca\x80G\xecU\
\xcc\xba\x94\xac\x07(\x9e>9gv\xee\xfa\xd9\xc3\xd1\
\x0d*\x86an\xa4\xa1\xa0,\xa0,d\x90\xbc\xb5l\
\xf7<pv>\xd6^\xbck\xa0\xbd\xce\xac\x0d\xb3\xf9\
`!\xd7\x9ag\xf9\xba\xeb\x8a\xcd\xda\xe2n\xdf\x91\xa1\
\x8e\xc0\x89\xf3\x0dmm\xf5m\xdf\xf5|r\x19\x0e\x07\
pV\xcc\xaf\xed\x87jxy\xf5\xff;\xf7I\x0b\xdf\
\xd6X\xf5\xc7o\xde\x84\xf9\x10\xed\x0ez{\xe1\xb0f\
\xb7\xcb\xc2\xea\xc2$\xe7\xe9[\xea\x8e\x8e\x0e\x8f\xd1#\
)zM\xa10\xaaO\xf7\x1c1\xc1y\xd5c\xf2^\
p^\x97\xe8\x9e\x95}{\xbeH\xf1\xb4\xdc\xf0\xb9\x15\
\x8ad=P\x5c\xa1\xb1cb`\xad\x83\x01\xe01x\
\xbd\x9eG\xa7\x1f+\x8d\x0a\x8f\xd7\xe3\xf1\x1aLmm\
\x8d\x8d'\x1a\xdb\x8e.U\xe8\x15\x1e\xbd\x07@\x15\x80\
>\xf4\xec\xa7\xe9N\x85F\x03\xf4\xbb\x9c\xf5\xeb\xd7\xe7\
\x82h\x04.^!:F\xa1+X\xb8\x92f\xdc\x0c\
c)[\xbf{\xf7\xd6\xa5\xbdp \xb9\xe0</\xbb\
\x7f}\x00\xc54\x9bm\x9dC\xb7\xe8!\xb3\xfd\xdb\xd3\
\xdfY\xcd\xcd\xddWo\xea\xdb\x00\x0b\xd8ve\xf3\xe6\
?m\xc8\xcb\xeb/?xwcE\xf9\xdc\xf2\x8a_\
\xf3\x0f\x1e<x\xf1\xcc\x99>\x18\x0bU\x01\x07_\xb8\
y{\xc3 OW\x1a\xe1 ;\xf3\xa8\xb3VmZ\
\xba\xe4a\xa9\xdbM\x11\xec+4\xbd\x83u[\xa8\x15\
\xdb\x1f.\xd1+4\x06\xe0\x04\x1b\x8dO\x01~R=\
\xea\xf5\x0aErrp\x0a\xfb\xf7|\xe7\xd1,yE\
j\x00\xc0\xaaA\xaa\x97x<\x06\xa9\xd7\x14\x1f\xaf\xf0\
x\x0c\x8aB\xa5\xa7\xd0\xa3W(\x92=\x1aA\xbaB\
\xaf\x17\x80\x81\xb8^\xaf\x90\x08\x14@\x1d\xd4'\xe7\xae\
_?{\xb6\x0a\xfcD06\x15S\xb9U8\x06\x18\
\x18t\x8f\x0a\xfe\x11\x93vo\xdd\xbd{[4\xf4\xfb\
\xecf[\xe5\x85\x0bua\xe6\x81:\x9b\xcf\xfe\xdeg\
\x87:|\xcd\xcdV\x88\xe5F6\x0f\x1e\xeax\xdfq\
\xaf\xe7\xf3\xef\xee}\xcf\xd7V\xf5\xd5\xb6\xfc\xb8w\xef\
\xde\xbd\x9b\xee\xfex\xa7\xbf\xfc\xe0A8%\x95\xbf\xbd\
\x13j\xa0\xb1qs\xd5\xf6O\xf2\xf9\xc7\x85^\xa3n\
\x17\xcdw\x08b\x84\xf28\x12\xfc,\xb3\x8e\xdf\xfa\xab\
\x08Eb\xa9U?\xdc\x1e\xeb\x12r\xa5k%z\x05\
\x82\xe6JQ\x05\x00iFaP$\xeb\x93\x0dAx\
-\xea\x09^\x85\xb4\x89w^RK\xb3\xd5\x06\xe0\xf2\
\xe8\x93\xf5R\xe5\xfd\xd3\x8f\x97z\x10'G\x81\x00\x93\
\x0a\xfd%\xde\xf1\x92\xc2#\x10x\xbc^@\xe1\x01\x0b\
Q \xd0\xe8'\xac\xdf\xbd~6\xc5\xb9\xdd\x90\xbf\x05\
.*\x14\x06\x08\x14\xf0\xed\xa1 \x8bl\xd2\xfa\xdd\xbb\
wo\x03\xb6?\x5cmA\xa4\xcfv\xdey+R6\
\xd4s\x01\xc8\xf6\x10\xc85\x1f}|\xfd\xbb\x0bC?\
=\xee(\x84aP\xd8PUU\xb5\xf3L\xd5\x1f\xdf\
\xafjl\xe1O\xfd\x98W^Q1\xb5|jE\x05\
TA\xb0\x1f4\xb6\x15v6l{\xb8\x0e\xcbL\xd8\
\xe1\xa0\xb7A\x92\x0f.\x14\xba\xb2\xaem\xa1\xf9Q~\
\x17\xc3l9uj\xfb\x9b\x7f)\xa1\x1d;\xd3\xfcc\
\x97\x18\xd0\xde\xde\x0037le\x8d0\x83\x9b\xa0d\
\x1e/\xe2\xb8z\xf4\x1a\xaf^\xa1\xb7\xd3t\x91\xc6\x04\
\x9b\x1c\xd8\xf5\x98\xc4\x1a\x0d\xa2\xfc\xea=\x02\x0d\x08\xe3\
MK\xc5\x1e\x05x\x92\xea\x05\x1e`?\x0a\xf4P\x0d\
\x86\xdc\xdd\xbbW\xe6B\xe6\x04\xcb\xc0\xe9G\xa5b0\
\x1cXC*\x8aC;\xc2I\xbb\xb7n\xdd\xfa\x9a\x93\
\xef\x8e47\xb7;\xe9\xf6^\xde\xd9\xdbq\xc1\xf9\xad\
\xbd\xa3\xc3\xa6\xb5k\xb5\xe6\xec\xde\xee\xc1\x1b\xd7\xa3}\
u\x0f\x1e4\x07\x02\xc1]\x01*\xe4{\xf7^\xa8\xea\
{\xf3\x0f\x9f\x5c\xbe\xf3\xf2\x1f\xe8\xfe\x83\x15\x08\x8eW\
^\xde\xdf\xd7WU\xc5\xd3+v\xaex\xe3\x0dn\x22\
M_k\xf5c\x98p\xc5\xf4\xb1\x18\xe3\x17\xce\xd8\xf6\
\x02\x8b\xe3.l\xf8\xb5\x9d\xb7\xe9o\xde(\xd9\xce\xf3\
{\xfc\xf2\xb1\xee\xb5\x06\xe4\xc9n\x80!\xac\x00\x90\xa4\
B\xaf\xdf\xdf\x14\xa9H\xf6(<\x86d\x83\xc1\x94\xac\
\xf1\x08\x14\x1eO\x90\xaf\xa8\xd0\xeb\xa5z\x13\x0cz\x81\
@\xe11\xe95&\x93\xded\xf2xb.\xcd\x8a\x11\
h\x80R\x13#\x10h\xa0\xfdM&\xcd\x84\xf5\xbb\xe7\
\xadg\x82\xae6\xc85\x93\x02\xdb<H\xfd\xe0\x5c\x16\
\x06g\xcb\x96-\xdb\xbdum{\xbb9\xd2f\x8e<\
v,L\xdbt\xcc&\xebn/\xb6\xd9\x9a\xcdZs\
\xf6\xe3\x1bu\x10\xf6\xb5\x0e\x0c\xecj\x86\x88U\xb7\xb5\
\xb0\xe1F\xcf\xe3\x9d\x8dUU}\xc7\xbf\xb8}\xed\xcc\
\xcfOh\xc7\x9dW_\xad\x98\x0a\x15P1\xb5b\xee\
\x863}P\x05o\xbe\xfb\xe6\xed\x8f\xdd\xa2\x15n9\
;<u\xc6\xf0\xf7o\xbe\x95)\x8f\xc3C\x1c\x8e\xe1\
\xa4\xc5\xe5\xda\xe1\xa4w\xec\xf8\xe5\x0f*\xd7\x96\xe1\xb8\
\xfc\x81\xf3v\xdc\x8a\xe9\x1a\x8d>\xd8\x0dP\x15\x18\x14\
K\xef9\xef\xbd\x22\x05\xf0\x90\x14@$z\x13\x14\xd9\
\x03`E\xcf7\x17\x8e\x0aL\x0a\x8f\x09\x9e\x10\x08\xa0\
\xb1\x93\xf5\x00;\xdc\xcf\xf3\xd9/]\xbd5K\x91,\
@\xf6\xe6\x12\x89\xc0\x14?a\xf7\xbc\xdd\xeb\xe1\x0e\x1c\
r(@\x13\x05\xbe\xbf8\x8a\x12\x03\xfc\x8b\x859`\
\xeb\x12\xb3o\xe0XW\xa4\xb6\x19n)\xd1\xf5\x84\x1d\
\xe2\xf3a\xbbf=\xfa\xc9\xd7\xd1q\x8f\xbf\xce\xf3\x9d\
\xcd\x916\xf5\x15\xc7\x05S\xe0\xe8\x89\x86\xc7\xfc\xadF\
\x9eo\xeb\xab:\xf3\xe4\xe2\xe5;\xfd\x107\x9c\x0b\xb0\
\xd0\xa9\xcf\x81\x09\xfd\x9f\xfa>\xbd\xfaq\xeb\xc3|z\
\x1d\xc6\xed\xe4n\xf2Wf\x08\xfd\xfe\x0fk\xcf\xd1{\
\x5c\xa4\xd0\x0f\x02]\x8b\xc5\xff\x22\xfd!g!\xd0\xa5\
\x1d\xee\xb6\x90\xf2wz\xce\x02EZ\x91\x0cG;\x83\
B\xef\xd1h\x826\xf1\xb0\x9e\x0bPoV\xe8\x05&\
E\xf2\xff\xc7\xd7\x9b\x00FU\x9e\xfb\xff\xe7\xcc\xd9s\
r2\x03L23\x8c1\x0e\x81\xe1\x0c\x99\xcc1\x09\
dL2!\x04\x99\x01Np\xa2\x18HB\x1d\x13\x08\
\x82\xb2e\x01\x09[\x93\xaah\xd2B\x94\x0c\xb1\x05%\
\x12\x83\x16\xb4H\xaf Ed\x93\x96MP@\xa4.\
\xb8/u\xa9\x1b\xf6j[*\xd7\xfb\xff\x7f\x9f\x13{\
\xbd\xb5\xf77\x964\xcbd2\xef\xf6\xbc\xef\xfb,\xdf\
\xcf\x137\x7f\xfe\xc6\x06G\xb5\xa3\xc9m\x03u\xd9\x06\
yS\x1b\x00\xd0^\xaf\xdf\xed\x9e\xf1\xc6\x9fg\xd0\xd3\
\xbd~\x1bX\xac\x8e\x89K\xe6l\xba\x1b\xc8T\x9eg\
\xacD\x22l\x802\xcb2\x0a\xcb\xb2\x9a<e\xd3\xa6\
M\xddMW\xdd\xf3^\xec\xd3\xfb\xaf\xba\xe2\x1a+\xd2\
z\xedM\xb8\xc9\x0dyt\xeb\xdfno1~7\xee\
\xb6_?x\xff\xef\x8d\xfdC\xc7\x8d\x1bz\xff}\x92\
\xf1\x9f\x9f=\xbe\xe1\xf6+Vm\xc0My\xd1\x17\xc6\
\x93\xfb6?5{\xf6\xec[nyd\xda\xb4[\xe6\
\x5c\xee\xef\xdf\xb7\xbd\xb5\x7f\xfb\xb7\xd1\xa3\x0fl\xff\xb9\
!\x85\x22J\x1d$^\xc2\x9f\x1b\x86\x11\x14k*p\
 \x95u=)\xeb\x8c\xca)\x94q\x88\xf4C\x8e\x15\
\x92\xf1\x1a\xaa\xa5\xaf\x9c\x81\x0e\xb8\x1a\x8aK$hZ\
\x8d5]\xed\xaf\xc6\xdc\x18<x\x88$\x9dpx\xbd\
\xf6\xc7;\xce\x0c\xce\xb6U\xa7W\xfb\xd3\xaf\xf6zm\
\xd9\x10\x9cE9Z\x86\x83\xe6\x09T*\xecv\x9b-\
gb\xf7\xa6%\x9bh\x07d\x14\x1eY$\xc8\xb7\x02\
Z\x9aE\xd6\x97\xc2O\xe9\xee\x06\xdb\xfe\x9ak\xae@\
$\xe2\x1aD#\xc6\xdd%E\xef\xba\xf9?\xff\xf3\x8a\
!\xbfzqo\xe5\x13\xe3n\xba\xe9\xa6!\xe3\x06\xfd\
\xfa\xf6!C\xc6\xdd\x7f\xff\x9f_\xfc\xf5\x08\x9ch\xb3\
\xfd\x8b\x1ex`\xd1\xa2\xed\xfb\x16=\xb0\xef\xc8\x9aY\
\xff\xd5\xf1w\xc2\xdeo\xee\xef\xdf\xbe\xfd\x81Kg:\
\x9e\xdf\xb7\xbd\xf5\x81\xb8\xd9\xdaZ&Ig/\x9ds\
9?\x88\xbd\x19\x88\x1c\x94\xbep\xc9\x8c\xbc\xbc\x17Y\
\xb8\x0a\x07\x22&\xe9T\xf0\xba\x02N\xac\xcej\xeb\xaf\
\xb9\x7f\xa4\x1f\xcd\xf6\xa6g\xa7[\x8a\xa6\xa4\x83S]\
m\xab\xceN\x1f\xda\xd2\xb1\xf3V\xcc\xfe\xf4t\xefb\
\xbb\x0d\xd6\xa2\xda\xef\x1e1\xdc\xe6\xf7\xda\x1d\xd96\x94\
#\xfb\xdd~\x9b7;\xdbaw;\xa0>\xe9\x9e\xd8\
\xbd\xa4{\x13C)\xb4\x0a\xab\xb2(J\x860\x14\xb2\
i\x14A\xe1\x95)\xdd\xdd\x9b\xe6\xaf\x1f\x02W%\xae\
\xaf\xd7P\xac\xf9\xfe!C\xc6\xec\xdf?f\xe8\xef^\
\xfa\xfd\xa3\xd7Z\x9e:\xc8\xfe\x0f\x1d2\xec\xca?\xbe\
\xb7\xf8\xca\x19\x0fJ\xc6\xaaEu\xdb\x8f>\xbb\x1d\x8f\
\x07\xd6\xc2w|\xcb-\xb7\xcc\x9a\x06C8m\xcdG\
\x86\xf1\xd3\xcb\xdb\xd7\xdc2m\xf6S\x9d\x9d\xe1\x80\xb2\
\xf3\xd0w\x9f\x19\x87\xf3\x8e\x1f\x8e}\xd2*\xc8\xba^\
\x1c\x95&\xf3\xb5\x226c\x862\xf7e1\xae\x8bq\
\x8ff\xca\x02W)\xdd\xe8N\xcf\xce\x86\xe6\x15Y<\
\x08QY\xfa\xae\xd5^\xef\xaa\x1b\xab\xb1\xec\xaf\xb6U\
gg;\xb2\xa9{V\xdd:L\x92\x1eN\xf7b\xcd\
g{\x1dP,rgg\xd9\xbcv\x9b\xcdn\xb79\
0\x036m\xe2I\x08\x9d!\x90\x92\xc0\xe8\xb0\x012\
\xc3\x98\x0c\xab0\xa3\x97tw\xcf_o\x85 \xc6\x8d\
\xbb\x89.\xb1\xb8\xb3\x8f\xbb\xe9\x9aU\x8fV>\x87\xf8\
\xd3\xb0\x11C(\xdc6d\xc6\xb0\x11\x1b\xc6\xcd\x182\
t\xdc\xc3\xbf\xbe='j\xfci\xff\xcb\x9d\x9d\xed\xed\
aH\xc5\xce\xbe\xe5\x96i\xff\xa8\xfc;\xec\xe0[\x92\
\xf4__\xef\xab\xea\x87U\x986{\x9a\xc0~[\xb9\
\xbb\xcc\xd3\xaew\x06\xcc@\x80\xd7X\xaa!z\xad\xe3\
\x9c\x13\xfaOpN+\xa8\xd2aY\x1c\xcc\x98dR\
H\xb6\xea\xbe\xc1\xfe\xf4l/fu:,\x1d\x09\x1a\
\xdb\x9avv\xbc\x82\xcb`5\xb4\xb8`\xf8\xddP|\
=\x113n\x18\x0a\xd3\xe8\xb6g\xfb\xb3\xdd~\x87\xcd\
\xbb\xf8\xf3\xad\x9f\xd9\xed\x96l\x87\xc31\xb1\xbb{\x13\
\x96@>\x12m\x15EVI\x87\x1ad\x0c\xa0ly\
q\xf4\x92%\xd4\x01C\x7faH\xd2\xcd7\xdd~\xfb\
\xc3\xc3\xe0\xc3\xb8r\xe8\x95\xf7[\x01\xe7\xa1wI\xd2\
mCv\xfe\xf9\xb1!\x1b~\x15\xab\xbcy\xd8\xa0\xfb\
\xee\x1b1\xf8\xe1\xcf\xf6\xef\xbc\xb3F\xd7\xda\x17}l\
\x9c\xde\xde\xd9\xda?k\xf6\xec\xd9\xb3\x9e\xde\xf1\xe5\xa1\
\xef\xd6\xcc\xfe&\xfa_\xb3f\xcd^6m\xda-\xb7\
\xdc2{\xf6\x03\x9d\xed\xea~\xe9ts\xd8\x14\x02\xbc\
\x88\xdcpS\xe0\x99V]\x90U\xcf\xd9\xd3\x08Z\xca\
:\xe5\x10\x8bV\xf2>'+\xc9\xfcH\xeb\xe7\x8f\x16\
\xd9r\x1c6k\xfe\xdb\xfc\xd5\xfe\xe1\xde\xab\x8b\x9an\
\xc5\x9e\x97\xed\xf0b\x93\x83\x18\x82?\xcb}\xa3\xfb\xda\
\x984\xc3\x96ew\xd8\xbd\x8e\x0cw\x86\xdbf+\xda\
\x03$5\xc42l9m\x9b\xba\xbb\x97t{\xac\xfc\
jYTTAE\xb0\xd8J9\x85Sp\xca\x92%\
\xf3W\xac\x1fr\xff\xb8\xbbb-[\xae\xb9+f\xfc\
\x16\x91\x88a7\xcf\xf84\xb6\x1f\xfe\xf7!C\x87\xdd\
v\xe2\xca\x11\x9f\xfe\xe1O\xf7\xff\xea\xf6\xbb\xfecD\
\xf5s\x87>_5\xec\xe6\xe7\xbej\x17t\x0d\xa4\x8f\
\xce\xd6\xd6\xce\xd6\xd6\xd6\xed\xfd\xfb\x9e\xdb\xfb\xfe\xe5}\
\xfb$\xe3\xbb\xb5\xd7=\xf2\x88\xb5\x1a\xb05>U\xd9\
\xf1\xc0\x03e\x95F\xcf\xfe\xd8\xe1\x08Z\xaf\xa8\x8c\x90\
T\xdbC\xe1xG\xe5\xa8^9Y3\x0f\xc4\x8e\xe4\
\x00\x01L`\xf5^Iz\xe1\xd5\xf7{\xfe\xb0\xf7\x97\
\xd5\xe9\xd9\xd5\xc3\xaf\xbe\x1a}\xe0u\xbbo\xd8\xb9\xf3\
\x06\x0cq\x96\xcd\xefux\x1d\xd9X\xec~\xaf\xdf\xd6\
\xb4\xb8\xc9\x9bC%\x98\x0e\xa8\xdd\xbam\xeel\x7f\xb6\
c\xcf\xfa:\x8d5U\xea\x00\x05\xbb\x00\xb2\x98\x05Y\
\x15\x98x\x9c\xd5YTF\xc9|\xbe<e\xc9\xfc\x15\
+\xf6\xc07y\xd3\x90qp\xd6P\xf8\xf57F\xec\
\x17\xbf\xbdy\xc8\xb0q\xf7\x0f\xdb0\xf4\xc4\xc33\xc8\
7o\xfc\xc7\x95C\x87\x8c\xb8a\xe8\xb0a\x1b\xfel\
<\x9f\xd4\xa1`\x19\x8f\xc7\xe3\xed\xad\xad\xad\x0f\xb4\x1e\
2.\xed\xeb\xdf\xb7o\xdf;\xaf\xbc:\x8b\x8c\xc1\xec\
Y\xb3\xef\xb0d\xac\x1bZU.\xd2\xda\xc9\xf7\x8e\xa2\
\x8d\x88\x11UUh>/\xc5\xce\xb8\xca:\x8c@\xed\
^c\x11\xaf\xe1x.\x98N\x15\xe7T&\x09\xe0\xb9\
G\xec\xd4\xdb\xdb\xbc\xd9\xc3\xfd\xe9\xd9Y\xdej\x9b\xd7\
\xfeD,\xfa\xf0\x9e\xfd\x1d\xef\xdc88\x1d;\x9c\x1f\
\xe0w7\xd4\x8d\x1d\xa43\xec\x86@\x10\xea\xf1s\x8a\
\x8ak\xe2\xa0\x1e(\xac\xc9o\x9a\xdf=\x7f\x93\x07\x19\
\x90\x0c\x83\xdcfL}V6\x19R\x86\x91=b\xee\
\x8a\x15\xf3\xb7\xb5\xc17}\xd3\xb8\xff\x88\xc5\xee\xba\x12\
\xde\xb8\x0dC\x87\xdc\x7f\xc5\xcd\xe3\x86]9d\xd5\x8b\
[c\xb1?\xda\xbd\x14\x9f\x1b1l\xc4\xaa\xab\xf6\x9e\
yx\xf0\x88\x1aYO\x8a\xda\xe4\xe5\xa6\xc9\xcb|\x22\
\xc1\xb6\xb6\xb6\xea\x8b:\xf7m\xef\xdc\xfe\xc0\xbd\x8b\xb6\
_\x9e\x85\xcb\xc1\xd3\xff\xf8\xa8y\xf6\xec\xd9\xb3\xa7\xcd\
\x1ek\xce+\xf08MA\xb0\xc4\x19Y\x96\x8f\x94\xf5\
JF\xd9\xbc\x0ei\xa3\xee\x0c\xb0\xc98\xb2fe]\
}s\xeb\x1bf\x5cC\xbe\xb4Z\x12\x936\xd6\xea\x90\
\x17\xd2jVWv<\xbex\xb1\xcdm[\xdcdo\
\xfa\xf9\xe3?{\xf0&\x87\x0d\xd2\x03M\xd0\x18\xceY\
\xbf\x1e\x04Z\xe0\xc8\x1d\x199Em5qT=\x0a\
T\xfe\xcc\x0a&\xdf=\x7f~w\xb7\x87\x94\x06\x15\x15\
\xf2{\x0a#*\xba\xce\xc2E\xa6\xe5\xf3\xe2\x94\xf9\xf3\
\xe7\xafh\xbbr\xc8\x13\x86\xf1\xe0\xe0\xa1\xe3\x86\x8e\xa0\
X\xd4\x90+o\xd8\x1f\xfb\xfd\x86aCg\x0cE\x1e\
\xcc\xd6\xbd#\x11\x9b\x02ue\xdc\xce\x9d#\xd2o\x08\
\xec~\xfd\xb4\xeb\xac\xd42J\x13\xd5\x9d\x92\xb1\xb16\
\xdci\x96\xd5\x99\xdb\xdb\xebvKg\xb6=u\xf2\xf9\
w[f\x7fy\xe1\xd5\xe9\xdb\xb7\xbf\xf5\xd4\xec5\x0d\
\x817\x8d\xa3f{]0\x11L\x04k\xda\xdb\xeb^\
\x7f=*-w:]f\x84\x09\xe82e!3\x82\
\xcc\x99a\x97\x0b\xfeZ*cN\x06\x5c.\xdc\x9cd\
\x9e\x898\xc3\xe7\xb7>\x17\xdc\xb3'\x07\xa3\xdc\xb4\xd3\
8\xe4-\xb2\xdb\x9a\xfe\xb6\xf5\x8d\xb6\xa2\xa6\x131\xe3\
\xa6\xf5M\x17\xebj\x90\xd0\x8e\xfb\x0d.\xbc\xb2BJ\
\xa8\xa8\x86\xef^1\x7f\xc9\x92\x0a\x9e\xb6\xc1|N\x16\
8\x81I\xb2:C\x94\x18X\x85\xdc\x15\xf3W\xac\xa8\
{o\xeb\xdfn\xdc@\x22\xc4\x88F\x0e\x9b1\x94l\
?<t36\x0c\xddk\xdcw\xc3g\xfb\xef\xa3\x80\
\xe3\xaa\x0d\x83\x07\xafZu\xf3\xba'_\xbe\xe4J\xb6\
.\x8fI\xab\xf5@k\x9ddl4\xcfJ-=e\
\x86\xb1\xaf\xff\xef\xaf>}\xcc0Z\xd6>\xf2\xc8\xac\
\xeb\x0e\x1fv\xe9\xf1E\x8b\xe2\xeb\x82\xf7&.&.\
&\xeazz^\xe8x\xa5\xed\x8b\xaf\xf6\xa4$\xea\xe0\
\x997\x03\x82) \xb5U\x93\x05g\xe4\xd4\xde\xa3&\
)\xf0\xb0\xb2\xda\xf9\xc1\xde\xbf9\xa1W\xad)\xc8|\
TOKR\x85\xc8\x98\xa6ije\xed\xed\xc1\xdey\
5\xeb\xeajj\xca\xda\xdb\xe3e\xf17\xf7\x1eMB\
\xf7APYJ\xb6\xe7\xf1\x02\x02\x15\xc0\xca\xdd\xf3\xe7\
/\xe9\xe6-\xf5Y\x86QL$\xd1\xb2\x8c\x8e\xec\x08\
\x04\x88\xb5\xdc\xf9+V,m\x1bs\xfbU\xc30\xc9\
\x09-\x04\xce\xc7\x90U\xd5\xab\x86\xc1\x177lX\xfa\
On\xdf0\xe3\xd3\x177 \xfb\x84\xfcv\xabNH\
\xd2F\x0cQ ?\x10\xc8\xdb\x1d\xfb\xac9\x92\x14\x04\
1i\x9aI3\xdc\x19\xdf\xfd\xc1\xbe.\xb8\x8b\xae{\
\xf5\xbb\xb7\xa4Ce\xadummm{\xbe}\xf3\x97\
==u\x7f\xec88\xefb(\xd1\x93(\xfa\xe2\xb3\
\x17\xfe\xb4>\xd1S#:]\xearIj\x13X.\
\x12p\x05\x9c\x9d\x01F\x8bk\x02\xa4A\x93\xa6\xce\xc8\
\xba\x98\xe4\xe1\xca\x12\xd5\x8a{{\xa0\xd8K\xa5\x9er\
\xaf$\xd5\x05PS\x80Z\x05QO:E\xaa\xaf\xc0\
\xf4\xc1\x1a\xe3\x04|\xa1\xf0,/\x8a\x9b\xe6\xcf_1\
\xdf#\x22%N\x94\x99\xb8&XPEd\x86\xd2\xed\
0w\xc5\xb6\xf9+\xda6l\x186d\xe8\xc33n\
\xa0\xa8\x0c<\xd3\x1b\x0el\xfd}\xf5\x88\x11\xdf\xbb#\
\x87\xa5\x0f\x1b1d\xc4\xb0\xdbN \xf4\xf6\xd0\x1f\xfe\
0\xbc\x8c\x11\x04]\x96\x99\xda\x00\x97V\x19;\xd7)\
$Y(uh\x0f\x1c\xd8\xbb{\xd1\x9d\x97o\xb9e\
\xf6\x1d\xb3\xff\xfe\xf7\xb5\xc7\xdb\xebz\xde\x8b\xbe\xf3\xd1\
\xd9\x17\x1e\x0d\xd6\x04\xef\xddX|1q\xb1\xa0\xae.\
h\x7f\xe7\x9d\xf3o\x9e\xed\x91\x9eoj+>\xbb\xe8\
\xf3\x17$)q\xfa\xf4F)\xb6\xf1`\xec\x80\xa2h\
z\x9c\xa5**\x08\x8a\xe9\xa8\x9aaDA\xd6t\x96\
\x88\x22\xd0V`\x9cIQg\x04NQXV\x8ek\
\xec\xe9\xb3z$\xbf\xae\xc7#(\x0a\xc3\xd6:\x8f\x1f\
_'\xeb\x22\xcf\xaa\xa6\xa6u\xafX\xb1b\x85\x85O\
%\x9c*U\x80Pp\x04E\x08\xbc\x98\xfb\xd4\x8a\x15\
+\xda\x06\x8f\x181\xf4\xae\x98t\x02\xc1\x88\xa17\xba\
\xbd\xc3g\x9cxp\xd5p\x0a?\x0c#\xd7\xf5\xe0\x11\
\x83\xaf\xfd\xed\x89\x98q\xc2\x9du\xc3\xa0\x17_\x9cQ\
\x83\x83\x8b\x87\xe7\xd6I\xb1\x8au\xc5\x1e\x01>\x06Q\
\x13\x95xDp\x9d?\xf4\xe4\xd8\xe9}}\x97\x8f\xac\
ykv]O\xdd\xd9\xb5O\xdf2{\xf6\x9c\xba9\
\xd3\x9e\x9a\xd0\x13\x0c\x16\xcc{\xaf\xe3\xd3?n\xfd\xe4\
\xf8\xce\x9e\x9e\x9a\xba}=\xbf2\xa2\xd1\xb3U\xb9e\
\xaf\xb4\xf4\xce\x9bW\x16\xaf5e\x05\xc7bF\x91\x89\
9\x8fzV\x15\xe3%(\xd8u\x19S\x16\xe22\x18\
\xad\x0a\x0f=Q\x85\xea\xd8\xb4\x03\xa7\xce\xa9\x1b%\xa9\
\x97\x93Y]\x8fk\xa7\x0e=\xcb\xf0LR`\x05Q\
\xe9\xde\xb6m\xc5|B\xbd~\xbf\x0a\x80\xaf$\x96/\
\x95\xb6\xe5\x92\x11\x1c1$\xfdj\xef\xaa\x1b\x1f\xdfP\
=x\xf0o\xa5\xad\x7f\xfc\xf3\xfe\xd8\x07v\xf8\x9f\x09\
/E\x98\xa7\xeaO\xb7\x1a\x8f\xaezm\xeb\xe3Y\xe9\
W\x0f\xce.F\xbd/\xc3rro{\xc0\xe4\x04\x92\
\xc8\xd0tP\xaf\x19\x968\xd0\x9d\xfa\xd9#\x97\xff\xf2\
\x97\x9eW\xa4\xa7\x9f\xc69y\xf6\xeciOO\x1b\x1d\
D\xd5g\xddb\xe3\x95\xe0/_~\xe5`\xcf\x1bO\
\x9e|zQ\xcf\x0b_I\x87\xea\xda;]&'3\
z\xdc#&eYW\x18\x8c\x9f\xac\xa2\xc8\x06\xd9l\
,+\x0b\xd0\xa2\x11u\x81I\xca\x8cz\xee\xd9u\x11\
\x1e\x05\xcf,\xabC\x8b\x8f\x11M\x165\xc8\x8a\xce\x0a\
|\x1c2\xd8,R\x9fMQC\x07\xac\xd0<VA\
\x12\xcf+H\x96@IW\x9cH\xc0\x8a\x5c\x8e\x19\x12\
\x1aR\xfd\xd2\xd6\xbf\xb9?7\xde\xb9q\xd5\xf0\x11/\
=f\x18\x0f\x0d\x1f\xee_5b\x18\xf1\x85\xc0\xf8\x1a\
>\xf8\xeaj\xef\xaa\xecU\x1b\xaaWU\xef\x8f\xfdy\
q\xd3\xd9\x03\xafsL$\x92/3\xa0@2u1\
\xc9\xb7\xa8L\xabed\xd3DqQ2\xd0\x1e\x8b\xce\
\xa8\xac\xdcpi\xed\xdf[\xfe\xfe\xf4#\xb3f\xcd\xfe\
.\xf6\xc5\xbc\xa6\x98\xf4J\xe5\xfa\xe5\xb7\xde\x1a\x0c\x06\
\x0b\x8a\x7f\xd6r\xe8\xa9i\x8f\xbc}\xf4b\xdd\x221\
hD{\x9d\xa6\xb0\xfc\xd0\x96\x1a\xaa\x17\x22H,\x89\
*\xc0\x83\xa7\x89\xb2,\x88\xebR<2#\xe8q]\
\xa8=\xd5r\xdc\x8c\x93\xbdT\xa8\x96(iB\xf4.\
\xb0\xdbx\xcf)\x0b\x0c\x9fo\xf1\x83Y\x8e\x15\xbb\xb7\
\xadX\xb1\x82\xca\xa9H\x1e\x03\xf5N\x88\x07\xa0\xd2\x88\
\xaab\xe6\xa2\x83B#Vm\xb0\xafr\x7f\x1a\xfb\xcf\
\xeca\xf0\xc4\x0e^5x\xf8m\x92$\x9d\xb0\xe2\xd0\
\xf0\xc5\xdb\xff\xf8\xda\xa3\x19\xd9\xf0\xd3\xafz\xe6\xe1\xc7\
%\xe9g\xef|P\x1b\xa9\x89Fk\x14\x85\x15j\x99\
y\xcf\xf4\x1e\x92\x8e:\x9d\x90\xb8\x85D\xa7\xa8\xd7\xf4\
\xf4\xd4-\xfe\xd9\xa5\xb7\xd7\xae=\xb6\xf6\xf9\xcaG\x1e\
\xb9\xe5\xd8\xa2D\xa2\xa7\xa0\xf8\xab\x97/\x06\x13\xc1\x82\
D\x22\xf8\x9eq\xa0u\xf3\xb4\xa7.\x5c\xb8\xf4\x97\xdd\
\xaf\xdf\xdb\xb6G\x92ZO}{\xf4\xf0(\x95eQ\
\xf4\xc1\xb0\x00\xc8B/V\xcd\x97Y\x86\x11\x97KF\
\x9d\x9c\xaf\xa0h\x8a\xe1\x93q]dQ4\xc5\x08:\
#\xb3Iq]\x05++\xbdm\xf3t\x85\x10\xb8\x84\
a\xc7%c>u@\x9c\xdaO\x14\x08\x1d\x0a\xec\x8c\
FLg\x86\x11\xcbWl[\xb1\x22\xb5z\x18\xd6\xfb\
M'\x9e\x18<\x22\x1d\xe1\x99\xe1\xd9\xdek\x0f\xbcw\
~0\xdco\x83\x07\xf7\xfc\xed?WU?\xfa\xfb\xc7\
\xfd\xd9\xf8:;=k\xc6\xe7\xbf\xbf3\xfaZm$\
b&Un\xd4\xab\x1f\x8a\xea\x81\xca\xc3\xe3\x03NH\
\xde\xd7r,\x9f\xdf[q\xdc8\xb3\xbf\xa3\xb2\xe5|\
\xf4\xbfv\xec\xd8\xb1\xe3\x98qh\xc7uG&\x17\xf4\
\xa4&\xee\x1d,\xc5\xf6\xdc\xdb3\xb6\xa1\xa1\xb9\xae\xa7\
\xacq\xda\xb4i\x8fL\xdb\xfc\xf2\x81\x9e\xf6\xf6\x94\xde\
\xc2o?\xde\x88\xb4]F\xb0\xb8\xcd\xb4\x99\xe3\xee.\
c2\xa3\x08\x8f\x85\x95\x87[\x97\xa1\x0b\xad\xacP\xa9\
\x96\xca\xc8\xbd1icrT+\xaa\xb84\xd4 \xb2\
\xaa\xca\x821\xcc\xce_\xbam\xdb6\x88\x98\xe4+\x96\
\xda+j\xd4DP\x82Q\xd9K\x1d\xb0m[*\xc5\
Z\x86g#\xd0\x08\xaf\xe4\xe0\xab\xb3\xab\xabWa\xfa\
\xdf\x15\x93n[\xf5\xf8\xa7oTW\x0f&\xdc\xda\x08\
D^\x87\xaf\xda\x90>\xe3\xb1;I\x07@\xe4F\xbd\
\xf3N{^ig\xaf\x14['\x08GO\xbd<>\
R[\x18\x8bm\xec\xf9\xe9\xaf\xa2\xc6\xa5\xb5o\xad\xdd\
\x01#\xf0\xd4u\xb3\xd7\x08\xa1\xd4\x82\x82g$\xe3\xc6\
\x9e\x9e\xba\xf8\xec\xa7f\xcf\xba\xa5f\xc9\xb4iw<\
\xf5\xd4\xacY\x8f\x9cMC\x03\xf2\x018\x81h2\x0a\
\xa8xRv\xb7\xdag\xea\xa6\xa2+\x02\xd5\x89Q\xa7\
\xd0\x91\x9a\x11xM\xd7\x05H\xeb\xcaq\xa17\x16\x8b\
\xf5B\xd8\xd9\x13\xa7\xdaY\x8e\xa5R\x88\xf9\xdb\x96Z\
\xda\xf38\xf9s\xc0\xc6\x83\xcb\xa4h0\xa5\xf9*/\
\x96o\xdb\xb6\xf4\x8eb0\x8e\x06xj\xc3\x87\x0f_\
5\xec\x09I\xfa\xd5\x88\xc1\xf07<tb\xf0\xe0\xe1\
6\x1b\xb20V!\xe2\x0c\xafTv\xb5\xdf\xbe\xf3\xcc\
\x01\xd6%\x08\xce\xe6\xe3\xe7N\x9f>])\xf5\x96\xed\
\xde]\xc1\xa9\xe7v\x1f\x8e\xec\xee8\xd0\x1a\xa8K$\
\xd6\x1f\xbbtl\xed\xda\xb7\x8e<\xb0h\xdf\xda\xeb\x8e\
\xb4\xa6|\xf0\xc1\xa2`]\xdd\xbc\x9a\x9e\xba`\xdd'\
\x1dFt\xf6\xb4;\xe0A;t\xe8\xadYw\xf4\xd7\
\x05\x83qS\xaf\x85\x19\x07[\x96\x15X\x8c\xae\x8c\xc1\
\xd7u\x9d%M2.?\x9f\x13\xf2\xa1\xf1\x974\x03\
*\xd62T\xde\xf5$c\x0ab\x92\xe9\xdd\xf2\xda\x05\
h-\xe7?\xf9\xfe\xb3Pd\xb0\xaa\xd3\xe4\xeem\xdb\
\xb6\xad\xf0\xa0b\x15\xe3-\x8b\x8cU\xbb'B\xe2J\
Q<\x98\x01K\xefHT\x13\xca\x8e\xf8F\xe9\xe9\xe9\
7I\x95\xd2m\x1b`\xf9\xd37\x0c\x7ff\xf8p\x1b\
\x1c\xb6^/\xa2\xedpN\xe1FZ\xbd\xcao\xdb\xbf\
\xf5\x5cs\xe7\xb3[::\xb6\x1e\xd8\x1e_.I\x1b\
\x9d\x1c#\xebZ29>\xaf3\x10LM\xdc\xbb\xf6\
\xd8\xb1\xbf\x1a\x17\xae{\xfa\xedw\xdf\xbd\xee\xad\x95e\
\xaf\x7fu\xe9\xd2\xa2\xc4\xc5`M\xdd\x9c\xd9\xff\xf8n\
\xd6\xaci\xff|$\x83\xc1Dj(\xbe<\x16\xdb(\
\x12`E\x10UAF\xd5;O\xe4\x1d\xacs\x9d\x05\
\xdc\x0e\x07!Y\x16\x93\x9f\xec\xfd\x80\x83\xe0\x92\x9cd\
!P 0e\xcf=\xd7\x1b\x8f\xcb8\xf0<y\xfe\
8'Ry'v\xfd\xee\xa5\xdb\xb6\xad \xd5q\x86\
\x83c\x08\x94\x08\x8d2E\xa8*\x1b\xc2\xbbK\xefH\
\xa4\x0f\x1e^=|\x84\x17\xd1\xa9\xf4\xc1\xe9\xfe+\xee\
\xbby\xc6\xd5\xc49t\x7f\xb5\xf7On\xb8#\xbd\xde\
\xecjxf\xab\xab\x07\xc3)\x93\xee\xcf\xb6-n\x0a\
9;/\x9f\xe9\x88v\xbc\x99\xdb\x19\xee<\xd7\x19\xe8\
|\xf2\xb0\xa9\xe8e[:\xce\x06\x82\x8f\xbdp\xe7\xdb\
\xc7\xde>\xb6v\xed\xda\xb5;\xde\xfe\xda0\xde\x9a\xfd\
\xd7\x83\xc7\xa6m6:\x8c\x1d\xfb\xd6\xcc\xda\xb1\xe3\xbf\
\xff\xf1\x8fi\xd3\x0eI;n\x99}\xc7#e\x89`\
\x2251O\x10X\x95\x85\xa4\x08*\x10\xf3Up\xb8\
\x04\x197\x1b\x81\x15uA`\xc1\x98\x87[\xd3d\x04\
S%J\xba\xacC\xdeY\xe3\xf3\xc5u\xcf\x9d\xef\xd5\
MS\xe4\xf5y\xbd\xa3\x18\x917Q\xa9)0\xa6\xde\
\xbdm\xe9\xb6m<my\xd0\xac\x84[\x80\x1c\x22\xd0\
\xdd\x8d\x03\x0a\xb3t\xe9\xb6;\x12\x08\xc3\x8c\x18\xf1\xd9\
V\xa8\xe1W\x0f\x1e\xb1\xe1\xb6\x984d\x03\xa2\x12^\
[\xd1\xe2\xab\x87{\xe1p\xca\xae\xf6\xc2\x11S]\x9d\
~\xb5\xcd\xef\x87\x87*\xdd\x9bXt6^\xd7\xb3h\
\xd1\xbe\xce\xd5\x924\xea\xf8\xee\xf3\xbbU\x96u\xf2\x15\
\xce\xceE\xd2\xa1;+\x9f\xb7\xda\xff\xf4\x85Wg\xcf\
\xba\xee\x96\xff\xfa\xee\xe8\xe6\x1d\x7f\xfd\xf2\xbf\xef~`\
\xd3\xcc\xeb\xd6\x1e\x8aV^\x07\x9f\xc9\x9a\x86D]\x22\
\x98X\x9e\x1aJ\x89\x08\x94\xba\x07\x19{\x9eeje\
\x9ee\xe1\xc0AT\x09\x84\x11=\xa9\x03A\x84\xd3\x81\
\x89w\x8f\xfc\x06X\xc6H\x84#\xc1\xb8\xb8)\x07X\
y\xb2\xb4\xf5e\x15G\x00\x81UtF,\x9b\xbf\xf4\
\x0e(\xef\xe3\xf2'\xe7\xe3X\xcd2\x15\xa8\xf3\xc6t\
\x11e1>e\x05\xcd\x00\xf8[G8\x16?&\x19\
\xcf\x00\x87\xb0\xb8\xc9\x0f\x7fcv6\xb2mV\xfd*\
V9\x03\x0d\x87+\x86\x1c\xf1\x0e?\xf9\xa9\xdd\x8b?\
7\x0e\xb8\x9c\xae\xda\xa3G\xd5H\xef\xba\xb3F\xcb(\
\x19u\xa3\x9c\x1cy=\xf6y\xcfOw~\xf4\xf6\xdb\
\xd1\xe7\x8f\xad\xdd\xb1\x03\x09\x97\xb7\xcc\x9a\xdd\xd8w\xdd\
\xac\x8f;>\xaf\xfb\xfc\xe0\xd7\x1fV~n\xc4>Z\
\xfb\xd6\xb4\xa76\xf7\x04\xebz\xdan\xcd\xb8\xf5\xfd\xd7\
G\xb5\x06 x\x01|\x9b)\x83#\xc1\xf0\x82\xcaA\
f\x0c\x0f\x9d\xa15!\xb3\xf9\xf9(.\xd7DY\x10\
5\x9d]Wi\x94\xc1\xde1\xbav\xeet\x99\xccs\
z\x12v\x14\x8a\x94\x82\xa0yV,\xbdc\xdb6\x18\
A\x04\x83\x19Q\x8cc\xde\xe7\xeb\xa8W\xf5h\xbc\x22\
\x96/\x85\x0dp\xbf\xd8\xf1\x9ew\xf8\xf0\xabg\x9c8\
\xe1\xf7\xa7\xa7\xdf&\xc5n\x83g\x12\xbei\x9b\xcd\xef\
\xbdy\xf0\x1e\x87\xc3\x9b\xee\xcd\x81\xaf\x1d\x80#?\xb1\
\xce\xa0\xc7\x99`U\xd7\xe93\x1f2,\xab\x96\xbd\xf0\
\x80\xc8\xca\xac)\xca\xa3j\xcd\x9e{\xebz~\xfe\xe5\
7\xc7\x8eY\x93\xe0\xba\xeb\xd6\xcc\x9a=\xb6\xae\xae\xee\
\x81\x9e}\x95$\x5c`\xec;\xf9v\xcb\xd6\x965\xb3\
\xe7\xb4\xbf\xb1\xf5\x8b\xa3\xc6\x9b\xd9\x9f|\xdb\x9b\x14L\
\x88\x99\xb2d\xfeq\xb1\x91! .3fR\x17\x99\
\xba\xf3\x92d\xfc\xb4F0\xcbB\x15\xa4\x02\xac\xc3\xa5\
a\xaa\xbd\xf3p(\x16X\xb1\xf7\xddw}q]A\
\x12$\xce\x07\xf0z\xc8\xa3\xe6/]\xbam[\x85\xe6\
\x81n\x0b\x0e\xc2\xba\x0eq\x06]\x8b3\x14,\x12\xa6\
.\xddv\xc7\x1d\x89\xea\x1bN<\x81@\xa3\x1f1\xa9\
j\xaf\xf7\xe1\x87\xbd\x801\x5c\xedM'\xd7\xecm\xb1\
\x8e\x13P\x89G\xf8!\xdbf\xf3fe\xf9\xedv\x07\
\x14\xea\xfd\xfeD\x12GU\xd8\xa1\xde\xd8\xbb\x15\x82\xca\
\xb0I\x8f$\x1d\x90\x0e\xceK4\xed\xbfp\xe9\xedc\
\xc7\xde^\x8b9\xb0\xe3\xba5K\xa6\xcd^\xd3\xdc\xbe\
\xfd\xd8\xda\xb5\xef\x9ez\xd10\x9e~\xfa\x91w\x8dc\
;\xc6\xf6\x5cLM\x0d\xb5\xb5\x95%UU\x16\x84\xa4\
\xbc\xae7\x81Q\x12I\xd9\xd3dq\x01\x92;{\xde\
\x94b\xb1\xa8a\xbc\xb4\x91\xc9\xdbm|\xa8\xc26\xe2\
\x90$\xab\x0c\xaf\x98\xa8\xd8\xe6X\x15\xc7\x07\x85gU\
U0YE\x97M\x96\x15*V,]\xbati\x05\
\xd5\xd9{\x14H\x1d#w\x1e@\xa48\x0f&\x07S\
~\xc7\x1dK\xef\xb8X=xx\xf5\xe0\xect\xcb\xfd\
\xbc\xea\xbe!\xb6t[V\xb5\xc7TT\x15\x00\x00 \
\x00IDAT\xf7\x99\x9d;\xb3\xec\x00]\xf9\x9b2\
\xbc\xdet/>C\x0c\xc6\xee@\x0c\xc6O\xc17w\
uP\x04y\x14\x5c\x83\xe3\xcfvF\x18\x88Z\xc3\xb5\
\xa5\xeb\x89\x8b\x17\x7f\xfen\xc7%`\x0b\xa8\x0b>4\
\xfe\xf1\xc8\xac[\xbe\x94.\x1c{\xeb\xe9\xad\x7fxu\
\xef[k\xa3\x17\x1e\xb9\xee\xbaYG.&&'\xda\
\x82NgE]\x9dS;z\xf0\xa8t\xca\xd41\xed\
\x03\xc2\xc1\xe7v\x9b\x8c\xa8\xc4\xdf\x88U\xc6$#\xda\
\xd1\xf1\xca35B@H\xea\x8c@`\xa5\xb0K\x89\
DH\x81\xcc*\xea\x97qB\xc25G\x17 S\xad\
\xeb\x8cg\x9b5\x03 \xa7\x85\x13v\x5c\x13\xad\xbb\x80\
\xcc\xd3a[\x9c\xba\x146\xc0\x86=\x10\x00\xb5l\x7f\
V\xd1\x1f\xa5\x0f\x8a\xd2\xab\x87WW\xdf$I\x0f\xc3\
\xf7\xe4\xf7\xdb\xdf\x93\xdeXL\x8c\xb3,\x87#\xc7\x91\
\x81nqxm9\x0e\xf7`\xc9H\x81\x5c\x85\x10\x89\
Dv\xef\xdf\xed\x94\xf3\x89\x86\xcd$\xd9dk\x22t\
\xf1\xdeEw^:v\xec\x1f\xdfX]0k\xd6\xac\
\x1d_\x7fs\xe3\xc5\x94\xe0\x9d\x8b>\xfc\xf0\xf2\x8e\xb7\
w\x5c\xf7\xddw\xd7\xedX\x93\x96H$t\xd7\xbc7\
\x8c\x96R\xf6\x95-\xa3X\xc6de\xa7j\x9a\xce\xdd\
_\x1cV#\x15\xe7+;*I\x17\xc20n\x0cE\
X'\xe4\x08\x04\x99e\xe4\xc2ht\xa3\x8a\xdb\x97\x9c\
\xc4\x9aa\x05J|\xa0ZQ]g\x04Y5\x05e\
\xc5\xd2m\xdb\x96V\x88\xc4 \x82\x0d\xd0p\x1a\x80n\
\x89\x08\x91;M\x99z\xc7\xd2;\xee\x08\x02\x041<\
=\xdd\x96e\xf3z\xab\xfd6d\xd7\xf8\xb3\xabo\xb4\
\xd9\xdc^\x1b g\xf6\xc7\x7fw\xbf\x1d\xb3\xdf\xed\xcd\
\xb1\x15A\x94\x1e\xeeH\xaf\xcda\xf7>\xb6s=\xae\
#\xea\xa8\xa3G\xb7o?z\x94\xe38\x99\xd7\x99s\
\x97\xe2fk\xdd/Cu=oD\xff\xfe\xf6\x17_\
\xae\xc5\x95`\xd6\xb7\x1d\x07;\x9f\x7f\xbe)\xf5\xfc\xfe\
\x9d\x95)?\xbdh\xbc{d\xc7_\xffz\xcb\xb4\xb1\
\x17\x835\x81\xd2\xbc\xd7\x8c;\xa3R\xb0S\x95\x19V\
\x0d\x88G\x8fV\xa8B\xd2\xe9\x5c\xf7Y\xac\x83$\x1f\
\x0c#*\xd5]\x5c'I\x8b\x22z\xe0\xb3\xd8n\xa7\
h\xb2*\xab\x00\xb5\x01\xe8\xa7\x80X'<\xa1\x02C\
\x9b\x08\xce\x8b(\x15\xa2%\xa0\x91\x14\x8aH\xc7\x1f\xc0\
\x9b4\x86\x85\xfc>\xc3xDZ\x02\xc1\xec\xc1\xe9^\
o\xfap\x8a=\xfb\x11W$\xbcbVu\x91\xddo\
s\xa4\xdb\xdc\xeb\xdf10+\xfc\xd9\xe9E\x7f2>\
#\x0c\x9d?\xdbFD\xc0\xc5vw\x8d(\xf3\xc9`\
\xcb\xbb\x9d\xa7_\xf9py\x99\xc0r\x0c\x7f*z:\
\xa2\x9e\xdf{05\x94\x16\xfa\xe9\x9d\x97.]Z\xfb\
M\xcb\x87k\x13\xc1P\xa8 \x11\x0c=\xf9\x5c\xdb\xbd\
\x89\xe0\xc5\xba\xc4\xbd_\xbe\xff\xb9qa\xd9\x9a\xae\xfa\
\xd1u\x864\xcae\xea\x11\x91\x1a\xa4V<_\xa9\xb9\
\x9c\xe1\xb27c\xd1\x7fV\xbaJ\xcb\x97\xc7\x03\x90S\
\x88\x085\x17k\x19hO\xc9\x82\xaa\x0a2k*\xf8\
\x9cSMQP\xa0\x88\xca\xd3\x8e!sN\xa72\x7f\
\xe9\xd2\xa5+4\x0f\xef\xc9'\x1f\x18\xcf\xb1\xd08\x11\
y\x16\x07y^\xe4\xcb\xefX\xba\xf4\x8e\xa0\xdf\x8b\x88\
\x13\xce9@\x0c\xd2J\xaf\xae\xf6f=\x11\x93\xeeq\
{m\x8b\x17K\xb1\x19~\xbf\xdf\xed\xb5\xd9\xfc7\xfd\
v\x86\xfbV7\xbc\x93n\xb7\xdf\xef?\x11\x93N8\
\x92\xba\xa2\xe8Z\x9c\x8d{Z\xa2\xa7[y\xc8\xce\xc4\
EH\xf6'\x93\xf3|\xa9\xc1\x17\x9e?\xf0|\xf4\xce\
\x9eD\xe2b\x22\x94 \xd5\xbf\x94D\xe8b\xdb\x96\xd8\
\xd1{\xdf9\x7f\xe7\xe5\xb7\xd6\xecx\xcb\x88\xf6\xb6&\
[\xf3\x1f8[\x1b\xc1\x91]\x16\x93\xa6\xd3\xe9\x0c\xef\
\x8euT~_\xeb\x1e\x95V\xf9<r$\x02\xb7z\
@&\x9f\xa7\xc5\xf8\x83\x12\x83i\xb2\x0a\x93\xcf\x5c:\
x\x5c\xd5eK\xe2B\x90\x19\xd9)\xb0\xdd\xb0\x01\xb0\
R\x0a/\xe2n\xcd\xc3R\xe8\x1ai\xa2\xa0\x8e`\xca\
R,\x012h\x14~\xb0\xf9m\xe9\xd4\x03\x08\xbbd\
?t\x95?\xeb\xea\x8f\xb7<~\xe5\xc3\xd9WC\x95\
\xda\xeb\xceq8NH\xd2\xed6\x87\xdb\xee\xce\xf6\xba\
\x1dEO\x9c\xf0\x17\xd5\x89\x9a\xa8\x91\xc0\x10_\xbb\xa5\
\xf2\xa0\xc9\xc65Q\x91\xa1\xbc\xc3r\xfc\xbc6\x9c\xf3\
\x8aS/\xa6\x06_\xdf\xf2y\x10\x22\x98\xa1DZ\xe2\
\x97/dlX\xdcv1q\xf1/H\xc0]\xf6\xd6\
\xae\xbcy\xbd\xc1\x16\xa9WO&\xa1\x1a\xc4\x9aNg\
M\xe1\xf2\xf5\xb1\xa8\x04\xb2Ge4&\xcdH3\xf3\
\xc2*\x17>-\xb5\xd4\x08\xaa\xcar88\xca\xbc\xc0\
q\x02g*\xb2\xe7\x90\xb4\xe8\xe5S\x87\x9d<\xdc\x00\
\x90\xe6fXN\x15\xe4\x15K\x97n[Ac\xcf3\
\xac\x0a\x87\x00\x13\xd7 :\x8e$\x09VS\xe8(\x9c\
Zm\xf3z1\xa7\xfd~\xb2\xecn\xbf;\xdbkw\
\xd8\xaa\xb3\xab\xb3m\xdeG\x7f\x9f\xd1\xe4v\xfb\xb3\xb3\
I\x06\xd8\x9e\x93\xf3\x1f\xff\xf1\x8c\xdd\xe6\x86\xa1\xb0!\
$\xedu\x17\x89\x0c\xb4\x10A\xdc\xe3\x1eX\xd4\xce\xb2\
q\x04^y\x08\x94C%U\x0c\xb6\xb5\xf5$.\x86\
R\xee|!\x14\x0c\xa5\xa4&\x12\xa1P\xdb\xb7\xcf'\
.\xb6\x85j\x92j\xc0\xd4\xbb\x96\xadY\xb3v\xb3a\
\xac\x0b\xb7\x1e\xae\xbc\x10\x17\xe4\xa4\xac\xb2l\xd0w\xeb\
\xde\xa8\xd1a\x18FGGG\xc7\x99\x9c\x8b\x81\xc22\
\xd5\xb9\xfb\x93'\xdbk\x02\x1c\xa3\xaaP\xf1\x10X\xd9\
\xc9Ab#)\x08\xf1:\xb54\xe2\x0cDTha\
\xaa\xce@@\x15\x02\xaa0\x7f\xe9\xd2\xa7\xb6\xc9\xdfk\
*\xc0C\xc0\xc8\x1a\x0b{\xc0\xc2\x08\xca\xe5\xdb\xb6m\
[\x1a\x84}wT\xdb\xb2\xfd\xde\xac,\xaf\xd7\xee\xb7\
y\xb3n\xbb-\xc7k\xab\xce\xf6fgC\x04\xd5\xe1\
\xa5\x08\x8c\xc3\x96\x95\xe3\xf0V\x1a;\xf7\xecy\xb8C\
z\xc2\xe6\xf6:\xc0\x8c\xc8)c!\xdd\xc1\xe5\xf32\
d\xd1\xb0\xbd@^\x86\x85\xea\x0c\xd6l\xadz6\xf6\
|oM]\xcfEZ\x06\xbeP\xdb\xc5\x94?l\xfd\
<\x80\x1a\x1e\xc8d\x89\xc9\xe3\x17>\x9cx\xb2A2\
\xd2j{{\x05U`u~y\xa8\xe8Le,\x16\
3\x8c\x0e#\x165>/Nm6K\x04s\xfc\xe1\
\xd7\x0f\x07\xa0a\xa2\xaa\xa0\x81\xb0\x01\xa7\xa0F\x5c\x1c\
#\xc8\x91\x80Ku\xba\x22\xaa3\xe0r\xb9\x9c\xbb+\
\xcf;\x9d\xce\x88*\xe06\x88\x83\x10]\x8f\xe0\x17d\
\x19\xdc\xb2p\x10F\xda\x885\x03\xea\xfc^\x87\xc3:\
\xf4y\x1dn\xaf\xe3\xd1G_\xd8 I\xcf\xb8m\xfe\
t\xb7;\x9b\x04\xf8\xc1\xf7\xcc\xb1\x9d}\xf4\xce\x1c[\
\xf5\x8d\xfe_\xfdr\xf0\xd0Gw\xd2\x94\x00\xc1\xc6\x11\
\xd4LA#\xb5#\xed\x81\xd6\xf0\xd1'\xff\x12v6\
\x1e\xef\xeb\xeb;\xde\x18\x86\x07#\xa2F\xd8@\xc0|\
\xfd\xc0\xe9d\xe7;-/\xb7\x06\xcc\xa4\xe8\x8c\xbf&\
=\x0b\xbf\x9c\xf3\x93\xad\xbb\xd5\xf8\xfb\xdf\x5c\x8eJ}\
\xe7\xc6G\xe0\x04`\x98\x9a\xaf\x86\xbc#A\xd2\x09\x5c\
\x89hT\xbauu\xb2\xb9y\xde\xbc\xb0 G\x22I\
x\xb6T'\xc6Z\x00jC\x0d8].\xd7\xbay\
\xad\xa5N\xa7K\x0d\xbb\xc2yNW\xb8\x93\x17\xf0]\
\xa7\xb3{\xe9\xb6\x15K+ \x10\x01O\x02$;\x19\
\x91\xd5\xe3\xe4j\xf6\x88\x0a[\xfe\xd4\xd2m\xdb\x126\
\x8a,\xd9\x90i\xe1\xf7\xfb\x8b\xce\xc4\x8c\x13\xf6,\xaf\
\x9b\xf6;\x87\x1f\x9b\xa1\xd7\xd6\xf4\xc6\xdf\x1e}\xef\xcc\
\x1b{r\x1cE\xb7\x19\xd2m\x8e,\xbf\xcdk-\x17\
\x9b\xa3-.\xca\xbc\xee\xd1\xd8\xe4\xd1-/'\x0f?\
w\xb4\xf3x\xeb\xa9\x8fOmyw_\xbfK0\x15\
\xd5\xf2\x95\x1e\xdd}\xdc5\xfe\xdc\xee\xbf8\x9d\xaa\xc0\
G\xd4\x8a\x8a\xdd\x9f\xec\x0e\x9f>\xf0dX\xed\xad)\
u\xba\x9a\xc7.[6G\x158\x995?\x97~\xa0\
\xf3a\x18ol\x5c\x9d[\x95\x19.\xac\x08\x1c\x90^\
\x0f\x07\x84@\xc0\x19\x80w\x0f\xb0!\xb0]\xc2.\xe7\
\xf8\xe7\xa4\xddy.\xa7\xaa\xaa$E\x1c\x80\x1el\xa9\
\xcb\x15\x0eto\xdb\xf6\xd4\x0aM\xabP<\xb8\x0c\xa0\
v\x8a\xd1\x15\xdc9a\xa95\xb2\x01+\x96\x06\x89m\
z\xed\x13Yn[u\xb6\xdbV\xbd\xb8\x08\x92\xfbn\
\x9b\xdd\xeeu\xdb(\xde\xe8\xf0{\x9b^\xf8tg\x93\
\xc3\x81\xb8;\xcc\xa5\xdb\xefw\xdbA\x01\xb6\xb9\x1d\xee\
\xa22e^a[\xf4\xd0:\x9dM2I\x9d\xeb\xec\
<\xfel\xb4\xc3\xe8x\xfe\xdc\xbe\xd2<\x1c\xd4\x15A\
\x08@4\xd2\xa4\xec\x94\xa4\xcch\xac`\xbaN\xbf\x7f\
X}\xf6\x83\xbft\x9e\x95$\xe5\xfdO\xfa\xd5\xe6e\
k\x9e\xca\xd4\x93uoV~/\xfeftD;N\
=\xd3\xd6\x1a\x9f\xb7\xdc\xd4\xe6\xf5\x8ej}\x80\x09\x07\
\xc2a'\xebt\xb9\xf0\xff\x014\x1e\xea\xf7\x01\x973\
\x00%vW^\xd8\xe5\xcc\x0b;\xeb\xdaA`\xc9\x0b\
;\xe7o[\xf1\xd4|M\xd3\xe2\x1a\x04\xc6\x10\x85G\
\xd5D\x5c\x81\xf8\x94\xa2\xc9r\xeeSKWl\x0b\x22\
\xc0\xfa\x84$]\xf3\xc9\x1f\x87\xda\xdc@\x1d{a\xf3\
\xdc\xd0\x22\xf7z\xbdP?u\xb8m^o\x86\x1d\x0d\
v\x80\x0c\x81\xf0\xb4\x83\xb6B\x87\xdb\x9d\xd3\x14\xcc\x7f\
\xb3\xe3\x03\xa7\x8a\x98$\xb7n2\x17\xe8<\xfe\x00\xf4\
\xac\x9e?\xd7\x17^n\x185\xad\xc9\xc9\xf0\xdaGj\
j\x14\x95\xa1\xa8\x95\x02\xe5d\x13n\x94H\xc0\x151\
]\xa5\xaf\x7f\xd1\xeeJ\x86'\xcc92\xb3\xa6\xa5\xb2\
\xe3\xfb\x0e\x88\xc5\xa2{\x0a}\xc1\x05}s\xe7\x05\x03\
\xeb\x0d\xa9\xd7\xe5r\xaaag\x18\xc3\xee\xcc\xcbs\xaa\
\xae0M\x81p^x\xb4k<}\x16\x0egf6\
\xd7I\x92\xa743\xb3\xb9\xd9\xb9\x09no^D\x0a\
\x02\xc7\x91!\x04IE\xa3C\x11N\x82S\xb6mC\
\x07dey\xed~\xf7\x86\xf7\x9e\xbb\xda\x0ec\xe0\xa5\
\xc4\x044\xdb\xed\xc8\xcaB\xcc=\x03\xb1W\xb4\x17\xb0\
\x0cw\x86\xd7\xe1wx\x11\xa3\xb6\xf9\x7f\xf6\xd5\xd6\xf3\
\xbe\xc4\xfe\x96\xa3\x9cB>\x9b\xc0~\xe3`g\xb2\xf9\
x\xdf\xb9g\x9f=\xd7\x18\xee<\xfaAlK\xbb\xc0\
\xc7\xcd\xed\xad=Fe\x99\x09q(N&L1\xcb\
\xa9\x11S\x88\xd7\xf4\xaa\xba\x92\xcf\xb2\x8a\xc2\xa6H\xd2\
\xb3\x95\x1d\x1d\xff\xb3\xf7?\x1aL\xa4\xf8B\xa1\xd5\xab\
\xe3k\xd6\xcc\x99[\x9f\x17p\xe59i\xd0]\xe1<\
\x0b\xb2\x03\xe5\xdb\xbc\xe6\xe6\xcc\x8a\xa81\xaf\x1f\xda\x8b\
\xcd\xe1\xcc\xe6\x84d\xd4\xe1\xbb\xcd\xe1\xee\xf9\xf3\xe7c\
\x06x u'S\x80\x88t\xbe\x18\x0f$\xd7yq\
4\x82\xa3A\xb0\x0f\xbc6\xd2Y\xb6\x17\xd9\x9a\x9a\xd0\
<\xdc\xf8\xdcn\x88@\xdb!\xc9\x9e\xe1\x80(\xbb\xcd\
\xebuc\x11\xac\xdf\x83.\x03\x7f\xd6\x9b\xd3\xb4\xfe\xa6\
X\xb4\x17\xaa\x86\x22\x85\xb6\xe3T\xa0'\xcb\x028\x09\
\xa5\xafW\xbe\x83\xc3\x9a*\xf4\xc6\xa4\xdedR\xce\xc7\
5\x9d\x13\x90\xaaf\xf9\xe9]\xafK\x9fD\x04\x06\xc9\
\x0b\x8c\x1e\x8f/\xc2\xf2\xa7\xc3_G\x87\xf1\xe8\x9e\xb4\
\x9a\xfe\xfe\x9a\x92\x92\x92\xd5\xc5{\x1a\xd6,[6'\
3\xaf\x19\xf2\x92\x99\xcd\xa5\xf5\xfb\xc6\xf7[\xcdon\
\xce$\xf8Gn&>\xcb\xac\xcal.\x0d7w6\
gVUe6\x87\xbb\xd1\xc0|\x85\xe7\xe1-F$\
\x04\x81\x918\xf6*,\x06M+Gd(\x88\xc9n\
\x87\xca\xb3\xcdns?\xdc!\x0d\xb6g\xd8\xbd\xd9\xd8\
\xf5\xed\xf6\x1c\x5c\x7f\xbc^; M\x00\x05\xb9\xdd6\
\xff\x8d\x86\xf4L\xb6\xd7\x96\x9d\xed\xbda\x83\xcd\xe1n\
:\x91\xea\xd2\x191)\x03Z\x0d\xb7\x9b\xa8\x08<\xc6\
\x98\xd1\x92B\xc0)\x0b\x01Y\xd6E\xb35\x99\x0cD\
\x14\x96\x85MD\xd2\xa2\x19\xe0\x04.\xc0\xcab2\xc9\
\xf0\x82\xcc8\x03\x82\xd9\xd3\x12\xc3\xa9?\x0a\xaa\xd7\xe3\
m\xc5\xae*4.S\x9b\x5c\xd0\xde\x9f\x17\xee_\xb6\
\xec\xad\x93\x1f\x9dk\xce\x1b\xdd\xdf\x1a\xce4\xa3-R\
\x82\x9a\x9c\x99\xd9\x1c\x98WV\xda\xdc_\x95Y\xd58\
\xb7\xbf\xef\xf5\x8e\xf3\xfdy\xa5y\x99\xf5U\x99\x99\x9b\
\xe6\xaf\x98?\x9fx'\x1e\xa80\x8a\x16\x16\x14TD\
$*(\xf1)K\xe6\xcf_Q\x87C.8XY\
\x19v\xb7\x03\xe9i\x8e\x9c\x1c\x87\xdf\xe1\xc8\xf2;l\
W\xb7\x18\x8f\x15Q\xa6\x8e\xdb\x9da\xb3\xd9\xfd\xde,\
\x1b\xf0\xdfY\xdet\xbf?\xe7\x1a\xa9ep\x93}q\
\x9c\x81\x16f\xeb\xd92xsx\x99\xc4\xfet\x86\xd1\
Y\x93\xe1t\x8eQ\xd8|\xb5T\x10\x92\xcbc\xd1^\
SX\x1e\x93\x96s\x9c`\xca\xd0XS\x81\xf1\xc1\xb2\
P\x01\xec\x0aB\xfe\x10=\xd0q\xe6\x99\xb6\x02\xa5&\
X\xb2.3\xb3uu(\x98\xe6K\xadi\xee\x0c\x87\
\xc7^z\xbe\xa5|a\xdf\xb7-\xbb\xeb\xfb/={\
8\x9c\xd9\xdc\x1cn\x0e?/\xbd\xd9a\xd4\xf5F\x8d\
\xf6\xcc\x96\xd8\x03\xb9\x8d\xfd\xb9\xf5\x99U\xfd\x99\xc0\x1e\
m\xa2\x04\x09\xa8.\xc2\x89\x84\xfch&NB\xa2\xa4\
\xee\xc7ks\xad\x19`C\xae\x89\xdd\x9e\x831wS\
\x9a\x89\xc3\xee\xf7g;\xdc\xd5~\xc75W=\xb3\xd8\
\xbd\xf8\xf3\x96\xe7\xf6`\xfc3\xb0\x5c\x1c\xb6\xac,/\
6\xc0j7\x14\xba\x8b\xf60\xa3j\xd5u\xa3.H\
\xad\x82i\x82\xc3\xc8\x98J\xc4\xe9\x84\x7f\xbf\xacE:\
\xec\x94\xb9\x8aC\x95\xc7\xc3\xae\x8aCR\xab\xc9\x06&\
\x17D\x18NN:]\x11\x86SY\xc1\xc4m\x8ec\
#\x01\xd3y\x1e\xe6\xcf\xe8\xc0I\xab\xaf\xa1.T#\
\x87\xc3\xa9\xab\xe3\xcd\x99\xf3\x0a!gnvvvv\
\xf6\xcdYvrYCff\x7f\x7f?&GUs\
s^\xbcs\xdf\x1b\x861\xaa\xf9\x81v\x80\x00\xaa\xf0\
\xafjn\xf3\x85w\xfb\x1b\xfb\xab\x10\x1e\xef\x86H\x0e\
\x83E\xe0\x81\xf3BTX\x81t\xf7q{\x9e\xd2\xdd\
=\x7fE\x10\x8dv\xd82\x1c9~\xb7\x1f\xc2\xf7E\
^\x87\xdd\x9e\xed\xb6\x7f%}\xba\x1ei\x19\x0e\xb7}\
\xd8\x0bw.\xc6\x89\x08\x80\xa4\x1c\xec\x91`$\xf8\x1d\
\xde\xc5\x8fK\xc6\xadm;%\xe9Q)\xd6\xab\xea\xf0\
\x8cT\xac\xab\x95\x15\xe1\xbd\xad\xd2\xbc@$\xc2\xf6N\
\xae\x10X\xd6\xac\xa8\xf8\xd0xR\x7f\xf6\xb8\xac\x0aN\
\x02\x93\xea\xf1o\xb7\x1eu\x0aH\x982\x9b]\x01U\
\xe5L\xa6\xe0PG\x87Q\xf9\xc2\x9e\xc2\xe5\xce\xf1k\
\x96\xfd\xfd\xdb\xc3\x99y\x99y\xe1\xd2\xe6\xe6pa\xa1\
\xafX\xacjn\xce\xcc\x1c\x1fn\xee\x9b\xb3f\xcd\x9c\
\xe9\xb9\xb9\xa3\xab2\x1b\xe76\xf6\x1d4>\xbe\xdc\xdf\
\xd78\x17\xed\xae\xcam\xcc\x85\x18\x7f\xee\xdc\xb9\x87\x0f\
7W5\xce\xdd\xb4b~w7Z\x0e)c\x0d\x0a\
\x91\x8c\xce\x93&\xa1\xa5\x0b\x99\xbbd~\xf7\xfc\x04H\
P`>\xe4\xdc\xf0\x0c0\x5c`B\xda\xdd~\x7f\xf5\
\x0d7V\xdba\xf6\xb1\x1c\x90t\x87K`\x16\x92\x91\
\xfc\xc0\xb5\xc1i\xe0w\xccx\xf0\x84\xbd,i&9\
\xc6\x14\x93p[\x97HR\xaa\xa6\xe4\xb7.\xea,K\
\x06<\x15\xb2\xa2\xb2\x8c\xaekL}g\xa7*\x9b&\
+\xb2\x8c\x93\xf5\xb4H\xcf:\x13\xebj1I\xcc\xba\
XK\xdc\xa9\xe2\xf8>o\xe3\xc6\x8d\xbe2\x9cd\x9a\
\xc3\x0d_\xbe\xff\xf6\xf4f\xa8\xabgf\xf6W5\xfa\
RW'\xfb33s\xab\x1a\xdf\xefx\xb9o\xd7[\
\xcb\xd6\xec\x02sD\xaf\x94\xce566f\xb6\x18\xfd\
s\x1b\x81\x01\x98\xdb7\xbd\xb1\xaa|z\xdf\xdc\xc6\xbe\
\xfe\xbe\xc6>,\x81M\xe0\xb0\x8a\xb4\xef\x91\x95\x12\xc4\
\x01\x09PMD\x8e\xd0\x92\xee\x04\xda\x88\xcc\xe2'$\
\xe36\xbf;\xdb\xef\xc0\x0e\x90\xed\x80ilZ\xbf~\
\xf1bw\xb5\x9bV\x07\x88m^\xc8\xa2\x83\x13\xe5p\
\xdb\xfcn\xbb\xdd\xe6\xcfq\x90&.\x9cq\xb8\x99r\
|mD\x96\xd5\xfc\x8a\xda\xda\xc8\xd9\xe8\x16\xc4%e\
\xd6u~\xeb\xeba\x0e\x8e3\x86\xe5\x22jD\xe8\xed\
\xad\x1d%I\x05\xce@Dv\x8ew\x998\xc4\x04\x02\
agi\xd8\xf9\xfdn\xde\xdc\xbf\xec\xad\x93c\xc7\xd7\
\x93\x99\xab\xeaO\x96\x14\x17WUe6V\xcdm\xec\
\xefo\xac\xda\xd7w*\xfa\xf4\x9c\xae\xdc\xe9\xcd\xe1\xdc\
\xdc\xc6\xb9+\xa7O\xef\xeb\x9b;}\xee\xf4\xe9s\xe7\
.\xfcL:<\xddz\xf4\xe5\x22Ij\x93G\x84V\
\xael\x09\x162P\x8d\x83F\xa8(\xf3\xbc2\x173\
 \x84\xa9ms\xdf\xfc\xcc\xad7\xe2>\x98}\xe2\x09\
\xd0\xe1`\x0d\xd6?\xbe\x13\x8f;\x7fJ\x87e\xb7\xd7\
=\xb03\x14\xdd\xfc\x04(\x01n\x9c\xa0\xdd\x0f?S\
\x8b\x18\x16/\xb0\xa4J\x01\x0a\xabl\xba>\xe9x2\
\xccAH\xd1\xf2\xcd\xc4\x93\xba\xae#\xb2\x87\x14\x1e\xc6\
\xcc\xa7\xa4\xb1\x80\xc08\x03\xe1'\xf7>\xe9\x12\xc0\x0e\
t9\xdb\xe7\x99\xd6\xce\x96\x97YUU\xdf\xf9|\xe5\
\x8e9\x8d\x8dU}\xc0\xfb\xf4\xbf\xfe\xfa\x9e\x14\x02\xed\
\xe4b\xde\x9f\x8a~}y\xec\xb25kv\xad\xec\x9b\
\x0e\xccW\xf9\x5cS\x9f>\xbd|*\x180\xd3\xbb\xa6\
[\xec\xad\x95s\xe7n\x9a\xdf\xbdd\x93\x06\xce\x86\xac\
\x91\xd4/4\xad\xe3\xd0o\x05\xbe]\x16G\xcf\xe9\xee\
\xeeNq\xd8\x1dY\xde\x19Q\xa9\xda\xeb\xb6\xfb\x17\xdf\
h\xc4n\xb09\xe0\x01\xfb\xd9\xe3\xbf\x8b\x1a\xd1\xe8\x8b\
;\x1f_\xec\xa0\xab\x01m\x89v\x9b\xe3\xb6\x98q\x22\
\x8b,GF\xce\xc3\x92\xd1\xa9\xe6#\xb0)\xe3\xc2\xc1\
\xeb2\xcb\xe8lm\xad3\xc9\xeaIJU\x12P\xab\
\xa8\x90\xfe)\xb2:\x18\xc8\x99\xa8\x14\xf2\x8a\x04\x22\xa5\
\xe1/\xb64\x87]\xce\xb0\xb343\x5ci\x1c\xaf\xa2\
m=\x13\x1d\xd0x\xb9\xff\xc8\x9c%]U\xb9\xb9U\
U\xad\xa7\xb6\x5c\xb8\xb581\xbd\xaf\xb1o:X?\
\xfdB_WWW\xc3\xb2es\x8et]>w\xe1\
\xdb\x85\xdb\xa3FU\xd7\xd8\xae\x95+Wv\xad\x1c\xdb\
\xb5`a\xd7tP\xb7\xa6oZ\xd2\xbdiSE\x1c\
J\xbb\xa4\x99\xe6\x11\x91!\xc2\x8a\xb0\x098\x17V-\
\xe9\xde\xd4\x9d\xc8q\xd83p\xb8'*\xa3\xdb\xb1x\
\x00\x89\xe8\xf8\xe9/\x7f\x05W\xe4\x8b;\xef\xbc\x11\x81\
\x10\x1b\xf2\xaf3\xb0!\xe6\xd8\xdd\x8b\xedv0\xf4\xec\
n{PO\x0a2/\x8b\xf1\xb8\x87gUA\x17E\
\x96\xd5\x85\xdaQ\xb8\x00!\x82\xa1\x91L(\xc3\xb0\xf9\
\xc4\x0fd\xcbxE\x97U&\xe0r\x85\x9d\xae\x8f;\
v\x1f>\xba=/\xectv>\xdbqJ\xed\xec\xdc\
\x87\xc67g6\x97E\x8d\xf8\xdc\xcb\xbb\xb7\xbejD\
3\xfb\xfa.\xbf~\xea\x94/T<\xb9\xa0\xaf5*\
\x95br_^p9\x105._\x8e\xbe{r\xcd\
G_\xbf\xbd\xb2keWW\xd7\x82\x05+\xbbV\xae\
\x04\xfb\x0a_\x8f]\xb0`\xfa\x9cM\xf3\x97l\xc2u\
\x98\x14LQ=E\xb1\x17Y\x84\xea2\x15Nv\xdf\
\xbd\xe9\x22\xe0[\x98\xda\xee\xf4\x9c\xea\xact\xdc\x03\x08\
\x7f\xe0X\xff\xcb;_z\xe9\xa5G\xef|\xfc\xa7\xe9\
^\xaf?\xcb?\xfc\x19\x90\x1a\xb3n\xcdq\xb832\
l\xa0\xb5\xb9\xed\xb6&\x11\x87\x1b\x1e\xba\x04\xa3\x10\xd7\
Rd\x95\xd3\x85:\xa9r\x1dg\x92\x13\x02^+\x9c\
\xffT\x10\x14\xf9\xc8\xfe\xd8A\xa7\x100\x05Fu\xba\
\x02\xc0Fv\x86]\x9d\xce\xe5\x86Q\xd7<>\x9c7\
~|\x7f?\xa8*\xfdU\xae\xbc\xb9UU\x8d}\xfd\
\x0dGN.\xe9;|j\xcb7\x87\xf7\x15L.(\
\xe8\xcb\x1c=\xbd\xaf\xab\xeb\xfc\xd6\xf7\xc7vum\xee\
\xba<\xbdE\xfaz\xc7\x9a\x06\xe2\x8f\x8c\x1d\xbb\xa0\xca\
\x90\xf6\x8d\xed\xc2\x83\xbe\xeeZ\xd2\xbdd\xd3\xdd\x14,\
\xc1\xe9\x8f.\xc44\xf82)\xd8\xca\xca\xe8M\x9b6\
mJ\xb8\xd1\x10\x10\xf0\xfcO\xc4b'rln\xda\
\x09a\x17\x17?\xfe\xf3_\xfe\xfc\xe7\x8b\xfdn\xb77\
\xdb\xf6De\xf4\x0a\xb7{\xff\xd67\xd6\xef)\xba\x95\
\xd6\x04\x10!A\x19\xf9b&\x13\xd7\xb6t\x9c6Y\
Y\xce\xaf\x95ud\xa0!\x0d\x87a\x84$\xca\xa4\x04\
\x16NL\xc1\x84Fi\xabi\x9a\x81@\x00\x147\xba\
\xcb\xe2*\x13_\xb7\xfb` \xaf\xbf\xb9\xdd\xa84\xfb\
\xab2s\x1b\xab\xea\xfbvK\x1f\x03\xac\xd5w\xe9\xd8\
\xda\xa7_=\xf5\xf2w\x17v\xd7\xa5\xa5\xa5%\x9e\xdc\
z\xa0\x8b\xdaNt\xb9\xae\xb1s\xbb.E[\xdeZ\
\xb3\xa4al\x83\xd5\x09]\x9b7\x7f\x5c\xf9\xcd\xc0\x17\
(\x0a\x9b\x89t\x18DB=\x0a\x92\xe5eO\x9c\x22\
\x19\xd8\x09\x94\xfa9\x9b\xee\xde\x94h\x22\xd3Fw\x9d\
\xc5MEME\xb7\xdan\xcd\xb1e\xb9\xed9Y\x0e\
\x1b\x88,\x94\x86n\xf7\xe6,nr\xb8\x1dMMO\
D\x8d\x136/&@\x86\xdd\xde&*\xf9,\xee7\
\xbc\x10w&u\xc5\xf9\xd9\xd67T\xc0\xc2)M\x07\
I\xf9,\xc2\x94\x0c\x9b\xcf1\xbc\xac\xca\x01\xb6\xd3\x19\
\xe0\xa8\xed\x81\x81\xbbLsg]\xcc\xa8\x00\xc9\x11@\
\x99\xfe\xfe\xf6\xa8$\xb4F\xa5\xed\xady\x8d\x8ds\xa7\
L\xff\xa6\xe3\xef/o\xb9pysW\x17\xd8:\x85\
\x17\xfb\xc6\x82v\xb3\x00\xcd\xdb\xbc\xb9asC\xc3\x84\
\xeb\xaf_\xb3\xe6\xad\xb5\xcb\xc6v\x01\xf4\x06\x06\xd3G\
\x976o&\x06Z\xc3\xa6Mwo\x9a\xe8\x91I\x13\
\x9b\x8e\x83,\x05\x12\xc8\x83)\xc6E%\x173 H\
\xd7\x1d\xb8w2\xdc\xfe\xbb\xa2\xd1\x13E\xfb\x8d\x172\
\x1c\xd6M\x08g\x02\xaf\x0ds\xc4\xed\xb092\xfc\x8b\
?7\xce\x5c{\xc2\xe1\xa7\xa3\xa3\xcdQ\xa40*\xf2\
\xbc9Q0uM\x16\xe2\xa3\xccVX\x01A4\x15\
\xe4~\x9b\x82\xcc\xaa8\xf8\x082\x17\xa9\xe5\x9c\x91\x80\
\xd3\xa9\x7f\xbc\xf5pf8\x80\xdb<$g\xab\x8e\xc6\
\xb6\x84\x9b\xf7eV\x81\x9fYUU\xd5\xdf\x0fS\xdf\
\xd7w\xf9\xfc\xd6\xdd\xd3\xb1\xb1\xf7m\xdf\xb2\xe5\x13\xa3\
\xe5\xfa\x86r_IM\xb0 T\x05\xd0\x155ts\
\xc3\x17{_FKw}\x1c}\xfb\xadeG\xf0Y\
\xc3\xa4\x06\xeb\xb1k\xd7\x91\x86\x86\x99\x9b\xee\xbe\xfbn\
\x0f\xd0\x22<\xcf\xf2\x0c\xdd\x06\x99\x81\x02R\x86\xe1\xe3\
\xb9w\xdf}\xf7\xddA\xa0\xb7\x80}q\xd832\xb2\
\x1e\xbc\xdd\xe1\xbf\xe7\xf6\x19\xd9\xe9n\xbb\xc3f\xb7y\
\xb3\xb1\x14\xec^\x87\xa3(+\x0b>\xc0\x19\xb7\x8fs\
\xd0\xd5\xc1\x9e\x93\xe3.\x8a\xab\xb2\xa0hq!\x10\xe1\
L\x9e\x11\x91\xed\xc8\xc2\x15\xca\xe5\x0b\xc8m3\x19\xac\
|\xcb\x1f'`\xce\x83\xd7\xeb*\x0d\xe7Y\x9b}^\
8o|ff\xf8\xec\xb3\xe3\x9b3\xfb1\xfc\x00w\
b\x97\x03\xd8fn__\x1f\xb0n\xe5\xfb^\xddr\
\xe1\xd8G'O\x1e\x99\xe8K\x0b\x1e\x09\xa6\xf8\xfa1\
\xd2\x0d\x13\x1a&}\xf9\xea_\x8f\x1c\xb9\x14\xbd\xb0\xb9\
\xe1\xc8\xae\x86]\x13b\xc6\xa5]G&\xed\xda5i\
\xd7\xa4]\x03\x9f\xcc\x9c9s\xe6D\x85\x11=\x96$\
\xb9H8Z\x16)R\xa8\xa0g\x94\xdc\x99\xe8\x00\x07\
x;(9\xa2\xcb\x9f\xd7\xed\xbe\xd5\x9bek\xfat\
\xef\x7f\xae\xc7\xd0\xbb\xb3\x1c^\xdb\xe2\x17\xb6\x9e\xf1\xfa\
\x01\x0d\x84\x81D\x07\x00\x17\x97\x13gy$\xf5\xe9\x85\
Fl#\xcb\x98\xa2\x99\xec\x94\xad\xc4\x1e\xd5J\xcab\
\xcc\xa4\x1c\xb14\x92\x19\x90\x921\xf1\x07\xce:y \
\xd667\xf6UU\xf57\xf7\xf7\x13\xc9\x0fD)\xfc\
7\x17\xe7\x1a\xa2\xda\xad\xec\xea\xdb\xfc\xcd\x96w\xb7o\
\xde]\xf9\xed\xb195\xc5%\x9bw\xc5\x8b}\xcd\x9b\
\x1b\xc6n\xde<\xa1\xeb\xeb\xff\x9e\xb3k\xd2\xff\xdft\
4\xb6\xa1\xe1r\xd7Go\x9d\x9c\x83\xcfw\xed\x9a9\
@\xddC\xfb&R:\x88\xc6\xea\x0c%\xa0\xe2\x04\x0c\
\x9f\x00\x12J\xb4z\xcc\x80\x94\x0c\x1b\xe2}\x0ex\xb7\
\xbc\x18\xf7g\xa4\xe8\xe3vG\xd3\x1e\x0a\x03\xdaa\xf1\
\xddE\x19\x8b\x9bl8\xfa\xb9s\xec\x19ET\x91\x95\
\xe1h*C\x8c^\x81\x87\xbe\x95\x11\x15\x0e.\x01\x8d\
e\xe0\xd63\xd9\x00.\x88\x8c\xe0\xda\xbf\xf5\x0d\x86a\
\x03\x11\x8e%Z\xb0+\x10X\xb7\xe5\xddxs8\xb3\
\xb4433S\x91\xa4\xce)\x16J\x90N\xf0s\xe9\
0G\x5c\xa5\x95]]+\xbb\x16,\xd8|\xee\xdd-\
\x877oF\xb3NnN-\xee\xdb\xb5\xab\xa6 U\
\xbcl\x18\xfd\x87\x8dw\x1b\x1a\x8e\xec\x9ap\xe1\xbb\xbf\
\xa0\xb1\x1f\x19-\x13\xdf:y\xf2\x0b\xe3\xcbe3\xe7\
\xec\x02\x86l\x0e&\xc0\xdd\x13'B\xac\x9ftcH\
0\x19\x8a\xf0\xf8\xe7\x115E\xac\xc7\xcf\x0b0\xae6\
\x5c\xf8\xfd9'\x9e\xb0\xdb\xed\x19O\x9c\xc8\xc2\xaa\xb0\
\xdb\x08\x8el\xcf\xa1\x84|\xaf\x1b\xa1a\xb7\xbd\xa8(\
\xc7\xed\xb0\xd9s\x1c{tYG\x98\xb6\xd6\x15\xe15\
JF\xc5\xe9\x9a\x04\xc6\x19\xc1$)t\x94\x03\xb5v\
&\xf5\x8d\x924O\x80\xd1\xcbs\xba:\xe3O>\xe9\
j\xee\xa7{|UU\xee\xdc\xaa\xc6\xc6\x97\xbf8\xde\
\xd88\xd7\x82\x19\x12Au\xe5B\x80\xad\xc8\x8e_\xfe\
\xf0\xd4\x87\x97\xbb\xb0\xa8?\x8am\xd9\x13\xaa\xd9ud\
WUJb\xdd\x91#G\x8e\xec:r\xf2\xc8\xbb\xef\
N\xfc\xe6\x9b]G\xbe\xfbn\xd7\xc993\xe7|\x1d\
;\xf4Q\xf4\xdd\x93@\xb0\xe1qr\xd7L(H@\
6\x99\xc1\xa6\xa4Q\xd2\xb0\xa6Ql\x18\x97A\xb1~\
\xe6\xcc\x89\x13\x83\x0e{\x86\xd7\x9bm\xb3\xbb\xbdO\xc4\
\x8c\xdb\x1c8\x044\xe5\x80\xc4\x85\xd237(}E\
@$\xe2\x8e\x98\x91\xe3\xb675\xe5\xdcZt\xab\xa3\
M\x17\x98|\x8e\x17\x85\xe4\xeb[?\x89\x04\x18\x01\xbe\
w\x86\xc1\xda\x979U\x05E[f9F\x08p\x11\
\xf2\xe1\xb9J\xf3@\xcf\x03\x19\xa4\xf9\xc3\xad\x87\x8f7\
S\xf3\x09\xe4\xf6\xfe\xfb}8\xbd\x82&\x08\x9c\xe1J\
\xda\xc6\xc9\xce\x8fm\xf8z\xcb\x96\xdd\x861\xb6a\xec\
\xab\x17>:V\x13jk8yrN_\xd0\xb7|\
\xe6\xae#3g\xce\xdc\xf5\xe4\x973\xe7\x9c\xdcu\xe4\
\xaf\xdfP\x8b\xef>\xf2m\xc7\xcb\xc7\xac\xd6\xcf\x01}\
p\x0e4D\x14\xb0\xe6\xac\xd4X\xa8\xc8hI\x8d\xf8\
Fq\x99\xd7\xea'R\x07\xb8q\xc9\xa7m\xd0\x0d&\
\xa0\xc3\xe1\x06\x04\xad\xa8\xc8\x0e0!\x8a\x8f\xc0\xa8K\
/\xda\x03D\x97\xdd\x8e\xe2\x95'\xec\xc5IV\xcf\xe7\
T\xc5\xc3\x88\x1c\x073\xcf\xb0J\x9c\x06\x9d\x87\x0b\xac\
V\xd7U\x16q\xab\xf0\xc1\xbd\x1f\xc2K\x1d\xc9+u\
\xe6\x95fb\xde7g\x1e\xafj\xc6\xcd&\x97\x8e\xf6\
\xd3\x81\x0b\xee\x9bN(\xc7\xae\xb1\xef\x1f\xfa\xfb\xf5\x16\
R\x91\x1e}\xef\x9e\xfaz\xce\xaeI\x93v5|\xfd\
\xf5G\xbb\xfa\x0bC\xfd3O\xeeZ6\xd6\xb7\xba`\
\xd7\x9c\x81\xc7Ij\xed\x9c%\xcb\x96-Y6g\xf3\
\xe6#\xd6\xf0\x13\xfbp\xcd\xcc\x89\x93&M\xf2\x88\x1e\
\xec\x83\xc8\xb8EP\xdc\xc3\xb0T/\x80\x0e\x19\x0d\x19\
\x9d\xa0\x1d\x97`;\xd8\x97\xe0\xa0\xbas2lY\xee\
\x9c\x1c\xb7\x03\xa4x\xc2r\xd9s\x8a\xec\x0fG\x8dk\
\xedt\x00\xcc\xc8Y\xbf~\xf8\x07\xefT\xe4\xcb<\xcb\
\x13\x01\x03\xf9g\x9c\xca)\xa2\x86\xb4\x03\xd8>\x95\x99\
\x1c\x936r\x91\xc0\xf2\xc9\xb5\x9d\x9d\x02L_\xb8\x14\
\xa2\xe9\x99\xcd\xcd5RT!\x86[\xbd5\xeb\xcb\xcb\
\xa7w}\xd3\xf2\x1d&\xc1\xca\x95c\xfb\xce=\xbby\
\xecX \x05'444\x5c~\xf5\xd4\xabc\x8f4\
\xc0\xac\x9f\x9c9\xe7dCqh\xde\x1c@\x0ew\xad\
..\x984g\xce\xb2%h'}X\xb6l\xc9\x9a\
5k\x96\xacyj\xd9\xcce\xc7.\xbc\xba\x04\xcc\xc5\
e\xcbfN\xa2\x19@\xa1` Dd\x91\xf1\xa0|\
\x8e\x12\xe5D\xe2PN\x9a\x18l\xb2\x93'\x08\x95\x97\
d\xdda\x0e3\x8a\x8a2\xec\xee\x9c\xa2\x22GS\x93\
##\xa3\xa8)cq\x13yI\xd1[M\x89\xba-\
\xa7\x0e\xee\x8e\x9f=[&\x12(\x12\xd4\x08xvu\
\xd4\xeb\xa00\xd5\x14\xe4\xc0\xf6\xb2u\xf1xe\xf4Y\
'&@\xc0\x19\x1eh\x7fs`\xdf\xbe\xe6\xc6\xc6\xaa\
\x5c\xa2\xd8\x95O/_9uz_\xff\xa5\xcbf3\
\xae1c77\x1c0\xde\xa7\xc1\x9f\xd4\xd0\xb0\xeb\xcb\
S\xa7`\xe1N\x12\xc8t\xce\x9ce\xc5\xc5m3\x97\
-[6g\xd9\x12_j\xa2a\x09\x9aN]0\xa9\
#\xbak\xc9\xb2MK\x96,\xd94\xb7\xb9\xaf\xef\xeb\
\xafwM\x9a0i\xe6\xae\x93\xbb&BI\x8a.\xff\
\x08\x8c\xc4)\xbf\x1a\xc7 \x8e\xb8\xd4\xf1\xfaI\x13'\
M\x0ce]\xfb\xc4\x0d\xf6\x1cx\x85\x1d99v:\
\x10\x14\xa1\x0c\x0d8<\xec\x83\x08\x10\xe5 c\xee\xda\
\x19E\x0e\xbb-\xdb\x1eg\x19\x99\x7f\xfd\x8b6\xc3\x98\
\xac@\xb5T\xd7\xa1\xd0\x8cV\xab\xa0\xd5\x22t\xc7\xb2\
B\xe0M\xe3\xa0K\x10\x22\x11g\xc0\x95\x97\x87)\x80\
\xf9\x0f~$\x10\x96s\xa1Y\x8f\x95\x8fkL_\xdf\
\xd8\xc3\xd2\xa9\x05t\x82o\x98\xde\xbf\xb2\x81\x98\x92\x93\
\x8e|ta\xcb\xd7'g\xce\xdc5s`U\xcf\x89\
\x17\x17v\x9d\xc4\x90\xafY\xd6\xe3+1\x85\xb2`I\
Iqq(\xcdW\x02J\x92/T\x5c\xbc\xba\xd8\xb7\
\xba-t1T\xec\xf3\xf9B\xab'L\x9c4a\x82\
\x16W`\xfc5^\xd4(O0.X\x04\x17\x9e\xd1\
\xc6O\x9c4ibh\x86a<\xbe\xbe\x08\x04B\xbb\
=\xc3\x86\xe5PD@\xc8\x1c:\x03\xc1.\xb8\x8b\x9a\
\xec\x8b3.J\x87\xb2\xdc6\xdbE\xba\xe5\xca\x8a\x1c\
WxQGE\xbe\xa6\xe8<\xa6\xbe,\xa8\x1c\xeeC\
\x80\xb6#\x9d\xd1\x0c\x08\xd6\x9eO\xe4\xba\xd2L\xd8\xbd\
Lk\xcf\xcb\xcd\x9d;\xe0\xb5\xe8\xbad\xbc\xbb\xd2\xa2\
)n\xb6\x16>>N\xc2&\xbe\xf9\xd5S\x7f\xa7\xc3\
\xcc\x9c\x9937W\x85\xfb;\xcb\xe6\xf9B%!\xa0\
\xef|\x85h\xb4\xaf\x18p\xc7\x90\xcf\x97\x9aV\x5cl\
\x81/W\x97\x94\x14\x87.\x86\x08IX\xbc\xfa\xfa]\
\x13'M\x80x\xba\xc2\x88q\xac\x00\x11\xb92\xbc\x06\
\x92\x86,\xf3J\xde\xa4I\x93&\x94ed\xdd\x8a\x93\
\xbd##\x07{~\x06\x98\xa80\x80\x04\x87l\xb2\x17\
\xe1\x8b\xbbb\xb1\x9b\x8b\x8a\xd6/\xfe\xd9\xcf\x7fz\xb6\
\xbf3)0\xac\x8e:\x0c\x05\x99)\x82\xa2\xc41\xbf\
\x18J\xe8d\x19NAvg\xc0\x19P\x9d*\xd9\x7f\
\x82.\x80\xa6\x80\xf6\xe3\xa4\xd7\xd88\x9d|\x16\xfd}\
\xfd+\xbb\x16\xfc\xe5\xd2\xb9\x81\xcb\x1c\xe14'M\xc2\
a\xf6\xc8\xd8\xbe\xfe\xceu\xf9\xed\x85\xc1\xc2\x92\xd5\xab\
\x8bC\xc5%\x80\xfe\x95\x84\xd2\x90`PR\x92\xe6+\
Y]\xe2+\x04]\x10\x8c\xd1\x92\xb4\xb4\x94\x94\xc2\x92\
Pj*\xc1\xae\xda\x8a\x01,\xf3\x15\x86\x8a'L\xc2\
\x0c\xb0f=\xa0\x93P\x91Dh\x1c>,\x8d\xe75\
\xd7\xa4\x89\x13&,\xc8B\xf3\xe1\x15\xc4\xd0\xa3\xe1\xf6\
\xa2\xa6\xa2\x8c\xa6\x8c\x1cG\x13\xd8\xa0\xf6\xa6\x8c\xa2\x19\
\x9f~5#\xa3\xe9\xa7\x8f\xbe\xf7\xc9'\xbb\xcfU\xc5\
\x15\x90\xba1\xa9\x04E\xb0\xe0/\x8c\xac\xe0\xb6\xc7\x90\
SX\xd4\x01\x0a\x098M\xd3\xb4\xe2X\x88W\x95f\
V\xd1\xe0\xe7\xce%\xc3\x8f=\xef\xa3\x96\x0b\x0b\x06\xf6\
{k\xcdOj\x98\xb0\xb21\x5cS\xe2\x03.\x10C\
\x1d*I+,\x09\x01c\xeaKM))$\x94\xa6\
\xcfW\xe2\xf3\x15\x96\x14\xa6\x80\x83\xe7+.\xc1s\x81\
\x1eD\x0c\x09dF\xea\x85T\x1ffD\xca\xa4I\x90\
\xd3\xc3\x80\x03\xa7\x0a\x0a\x14S\xa5{D\x91@F<\
\xaf\x89\xd7O\x980iB\x91\x03\xe1P[FN\x0e\
F\x9f<\xddM\x19E{,(h\x11\xc8\xa4\x8bo\
\xfa\xe2\xb9A76\xb5\xbfXYY\xf9\xc6\xb9*S\
\xa3\x94\x0bM0q\xe1!8\x09\xab\xb3\x8c\x8a\x12\x0f\
\x99\xa8\xe1B\xc0)D\xc2N\x97\x05\xd4\xa0\x0d\xa0*\
333\x17'\xdd\x5cL\x00\x98?\xba\xd0\xa2\xf5\x13\
\xc6\xe2.\xbb\xb2\xaf.T\xb2\x1a-B\x8bAN\xf5\
\x15\x17\x16\xa6\x85\xb0\x98C%\xa9\xbeB\x1fF>\x04\
\xb8\x9e\xaf\xa40\xad\x04\xf4;P\xf6(\xed&\x94\x92\
\x96\x96\x82\x8e\x03\x82\xb5\x84\x00i\xc5\xbeT'TE\
G{0\xde\x8a\x0c\x8e\x14\xa31\xefTh\xb0\xdc\x0a\
\xef\xf1(\x1e\xadj\xd2\x84\x09\x13\xd8\x8c\x8c\xa6\x1c\x8a\
\x83\xd9\x1d9\x19M\x08\x86\x15\x15\x15\xe5\x80M\x0b<\
kQ\x91#\xc3\xee\xaev\xb4\xb5\xf6\x9d\xfb\xe0\x837\
.56\x8b\x96\x22\x17\x126)\xbe\xa5\xe9\xac\x08\x87\
\x87\xd2\xba(\x82\x12\x0f\x95q\x09\xaa\x80\xab~\xd8\x19\
\xee\x048\x94N}\x99\x8d8\xebR\xebi\xcf_\xb9\
r\x01]l\xbb\x9a\x83\xc5%@\xb8a\x801\x9e\x80\
iba\xfb|\x85\xbe\xd4\xb4PJ\xc8\x07\x82\xa0\xcf\
\xfa\x17*L\x09Y\xf3\x03\xeb\x1cp\xcdT\xd0\xee\xac\
\xe7\x13x.5\xe4+I\xc5+\x96,hh\x80\x0d\
D\xcc\xceC\x09r\xf2:\xe6Lo\x5c\x89{4\x0f\
\x22\xe6\x9a&.\x18;\xa1a\x82\xc5b\xce\xc9\xc19\
\xb7\xa9\xa9\x88\x9a\xed(*\xca\xc9\xc8 F5\xf9\xcc\
\xdb\xe2B\xc0\x0c7\xf77\x97\x12\xf5G\xb1\xd2\xd9\x19\
\x06\xce\x0f\x86\xe3\x19\x8dS\x84\x8d\x86\xb4\x11\xc4\x18\x02\
\x0f\xfd\xe0\xc6\x0f\xd4`\x8a)\x00\x00 \x00IDA\
T@\x5cf\x7fU\xd5\x5cZ\xfb\xe58\xf0-X\xd9\
\xd5\xb5`e_k\xa2\xcd\x97V\x88\xd5]X2\xb9\
$\x94\xea+IE;S\xd2\x8a1\xf1\x0bS\x89_\
\x09\xc6^\x1a\xb8\xaeD\xba\xf4\xa5\xa4\x14\x10c\xb5\x04\
\xcf\x07u\x15`H !\xd3\xd2|\x85)V\x1f\xae\
.)N+)\xd40\x01r\x11\x13\xd3\xd0\x03\x08\x06\
\xd41-\x85q\x82c!L\xae\x89\xf1L\xa8\x8a\x96\
\xe74\x15\xd1\x0d7\x03=\x90\xd1\x94\x93\xe1p\xe4d\
80\xf2v\xdc\x8er\x8a\xea\xd8\x00\xc7\xe4\x0b\x1a\x8e\
\xb7`\xf9 U\x15\xf5A\xa8kC\x92&g\xa2\x0c\
A\x8b\xb7'\x03\xca\xc1\xdd\xb5\x81\x80\x8a\xc5\xef\x0aw\
v\x22z\xd9\x5c\x95I\x96\x7fn\xf9\xf7\xfe\xea\xe6y\
\xbe\xe2\x92b_(t\xb1\x18\xb8\xc4B\xc0\x12\x89 \
\x89\xa1\xc7\x14HKI\xf5\xa5\xf9R\xd2B%!\xe2\
M\x12`\x164I\xcc\xfb\x02B<R\xdf\xa4Y\xc4\
\xd5\xb4\xd4\xb4\x14\xfa\xa5\x94BZ\x06\x85%%\xa1P\
\xca\x84\xeb\xaf\x9fp=\x11T\xac\x83\xa0\xa8$\x9fd\
*?\xd0\x00\x97\xf3x\xb4\xb8\x07 \xda\xa9\x13&\x8c\
\x9dP\x86\xd1\xce\xc8q\xe4dd\xd8\xdd\xf6&\xcc\x07\
\x87\x1d\x5cPr\x95\xb5\xadc\xc0\x08\x02\xc9\x06\x8a\xc4\
\xac\x1eGd\xcf\xa9\x0at\x01\x82\xcdWUAd9\
\x5c\xfd\x05\xa1\xec\xe3oG9\x9d.\xda\xfe2\xf3\xf2\
,\xbf~U#\x8e\xfd\x8d\xcd\x9d\xedu\x09XhX\
5\x02sb\x0a\x17\x82\x22\x8c1\xb6\x08\xa7\xa9\xa1\xb4\
\x94\x14_Z!\x01MC\xe0\xa7\x02\xf9\x19\x22\x94l\
ZJ!\xb0\xaf>p5\xd3\x0a\x0a&\x03\xb8\x98\x8a\
- \x85z\x01\xa8K\xeaB_hu\xa8\x04\xc2\xca\
\x13\xea=\xc8_\x01M\x034\xdd\xe0kL\xc7+\x05\
T\x90\x8bR\xb28\xa3x\xe4\x85\xd7_?aBM\
\x86\xcda/j\xca\xb1\xe7\x90\xaf?\xc3\x9e\xe3\xc8\xc1\
\xf4wd4\xd5@\x80B`\x019RdMD\x8e\
6\xee\xfcI\x81\xd2\x0dP\x84\x85\xf2\x1e\xa2\x14\x09\xb2\
\xca\xe8\x02\x5c~\xb4\xf9\x01\x96\x98I\xf1k0\x12[\
\xeb\xd2\x0aK|\xa1b,\xd1B_IZJ!F\
\x16\x1c\xc9BB&\xa7\xa4\x84\x0a\x89]iM\x06\x1f\
\x01\x5cC4\xfa\xa9\x84\xb2\x0c\x0d\xf4\x97/-\x91\x9a\
\x12,H)H\xa4\xa1\xe7h\x1e$0\xf8\xa9!_\
Z\x88\xcc\x7f\xa88\xad\xb8x\xfa\xf5\x10\x0dG*\x0c\
N\x82P\xd1\xe5\xb9\xd3`\x8d\x1dd4\x8f\x06\x9f%\
\xe29\x8a\xe6\xbc\xfe\xfa\xeb'\x8c-+\xca)\xb2[\
\xd9\x00\x0e[\x0e\xe0\xd8M6G\xc6\x9e\x1a'\x22\x18\
,R\xf2\x22Z\xed\xa8x\x5c\x13e\x15\x9b\x1e\xfc\xdc\
\x02o\xd5\xdf\xc8\xba\xc9\xf0I\xf4\x01\xcb\x04p\xf2\x0b\
\xbb\xe0\xe8\x0f\xe7\x85;;\x93\xf1\xb2`q\xa8\xb88\
TB\xa4\xd6\x824\x1a\xe3\xb4B_!(\xb5\x85\xc4\
\xd1\x0c\xa5\xa5\x16\xa4\xa4L\xa6i<\xc0\xac\xb5p\xca\
\xa9\x16\xd2\x15`\xe9\x14\xb2\x05i\x84;\xf6\x15\x04\x0b\
\x0a\x12)\xd6\xb3\xc1\x19%*-\xcd\x81\x14\x1c\x8b\xb0\
Q\x16\xfb\xa6B4\x7f\xaaFo\x191\x0b^Q\xc4\
\x8b\xaf\xc4\x98\x8eXe\x09j\xc7eE\x8c\xc7\x89\xa4\
\xe8\x5cx\xfd\xf5c\xaf\xcf\xdc\x93Q\x94\xe3p4\xd9\
\x8b2r\x10)\xb37\x15\xc7\xc1\xbbbT$X2\
\xac\xb61&\xed\x89k\x1a\x8b\xb5/\x9b\x8c\xa0\xc55\
L,M\xd7E!`\x06\x92\xa6`2&\xa7\x0a\xaa\
\xd3e:\xc3BM\x82\xf6/\x1f\x1d\xdc`\x99&\x17\
Xk6Do<\x85\xa0\xd5\xbe\xc9i\xa9\xd6\xc3\x9a\
\xc4\xf4Y\xa8\x90\xac\x01q\xb4\x0bh6\x84|>\xfa\
!f\x0davi\x86\xa4\xf9R\x12\x16\xe6\xd6\x97H\
\xb3\xf8\xd3)>\x1flJqI\xa8`\x01I\xabc\
\xfc\xe3\x1e@}qd\x0f\xbc\x13\x8b1\xd1h\xc7\x99\
\xe5\xa0D\x8a\x98\x05(\xbd\xd1\x84\x85P\xd8_\xb8\xc7\
\x9e\x81\xdb\xa0\xdd\x9ee\xcf\xd9\x13l\xd7\x19%\xae\x89\
\xac\xc0\x88\xf9\x0c\x97\xaf\xe0\x02\x8d\x92\xeb\xb8\xce\xa2\xa4\
\x83\xe0\xb5\x028\xe1\x0c\xa3\xb2N\x8e\xa3`\xbf\xaa\xba\
\x18\xb1\xac&\x18L\xa5\xd3j\xc8W\x8cw\x03\x0cj\
q\xa80\x0d`\xe6\xb4P!\xb6*_\x0a\xa8\xa9\x05\
i\x05\x05i\x16\xa8\x96\x1aJ;z\x1aA\x8cS\x0b\
\x12)\x89\x82\x02\x8b\xf0\x8b\x8e\x00\xfb7D\x9c]<\
\x1d\xd4]_JJ0H\x9b\x82\x85\x1a&<p\x08\
{\xe9\xc5\xc2\x0a\x02\x8d\xe4*\x15 \xe5yHZZ\
0\x9d/\xc4bQ\x22M}R\x16\x17\xe3q\xe4\xb3\
Z\xa0!e\xca\xd8\x05c\x17,\xe8\xdcC\xf7\xdd=\
\xc1\xb8\x13\xe3\xcc\xf0\xac\x1eg\x191\xc9\xf2\xf9*\xab\
\x03\x19\xcc+b\x5cG)\x83\xa0PY\x87\xc9\xa8\xb2\
&\xc8B@\x90\xb5\xb2\x9a\xe5\x04kM-I\xb1V\
\xab\xc5\x05\x0e\xd1H\x0e\xac\xf2\x94\x84\xcfjj\x8a\xc5\
2\xa6\xc6\x13\xc4\xd6\xda\x02(\x978\xc5\xc2Z\xa7\xa6\
\x04\x13`\x18\xc3<~?C\xac'%\x12\xa9\x18\xfb\
D\x10\xd8\xd9\x14_jA\x225-\xd5W\x88\x05\x83\
\xb3\x80/T\xb0\xf0\xfa\x05\x0b\x16\xac\xcc\xf3x`\xa3\
\xe58(\xb7\xb2,,\xda\xdb\x11\xeb`:\xa2\x95R\
\xec9^\xd6d\xf0\x9e\x91\xd7\xac\xc9\x1e%o!z\
lA\xcd\x9e\xba8\xa0C\xf0\xe2\xf2T\x06\xa1\x8b\x16\
\xeaN\xe0\x05\xaa\xd8\x84S\x99\xce\x00T\x97g\xaa\x02\
+\xc6k\x88K\x8e\xa3H!p\xcdi\xb0n))\
i\x93\xb1\xa1\x13\x09\x9d\xf6'\xb0\xe9S\x0b\x88Z\xfd\
}k\xd01\x05\x05\x05\xc1\x82 \xad\x88\x94\x14\x1aq\
\x82\xfb\xa6Zd\xe9\x82T\xccq\xea\xc9T\xeb\xd0\x13\
\x22\xd6uJZ\x221\x19/\xe2\xf3%\x084\x9cZ\
\x0cZs(\xb5\xa4\xb8xu.xA\x0bF\xa3\x96\
J\x96Q\xd6\x0f/x\x9c_oavb\xd1\x98\xd4\
!}R\xc1\xc8H\xe9FG\xc0D(r\xfdT\x02\
\x93\x8cfD\x9e\xd5\x91\xdf\x22\xb0\xa8]\xd45X\x00\
\xe4\x1e#\x89S\xa6@\x97@\xdb\x1d\xdc~zY\x10\
XblE\x84\x1eN\x9d\x8c\xe6\xc2\x98\x15`lS\
SiW.\xf0\xa5\xa4\x15b\xf7\xf6\xa5L\x1eX\xef\
\x00H[6\xac\x80\xcc\xb95\x09|\x09\xd0\x85a\xd0\
h\xed\x87\xb0\xd9\xd1^\x08\xe23\x9d\xf6\xd1i))\
H;O$\x081M$\xe6\xd4\x01\xe0q(\xb5$\
m\xf9\xf4\x95\x0b\xae\xbf~a\xb9\xd3\x83\xd0\x17\x1c\x9f\
\x22\xe8\x94L\xf2\xd9\xbd\x84\xd8b\xa2\xb1h,\x16\x8b\
m)S\x80\xbf\xa4\x9f\xc9\x10\xdfV\xd4\xfa\xa9\x0b\xf1\
X)\x88z\xbe\xc2[\x85\xb6<\x8e\x10<JrL\
\x19x\xe8|d c\x22\x08e\xf3\x82\xa9\xbe\x92\xe2\
\x92P!z\xbe\xa4\x04\xe0k\x8c\x96\x8f>b`1\
zi0\xee>X( \x9a\xe9\xb4R@\xc7w\x9a\
\x00)\xd6\x07L\xf3\x14\x9a\xe8\xa1P*6\x83TX\
\x874\xd8zL\x05\xdf\xc0>O\x87\xdd\x01\xec|\xb0\
\xc0W\x902\xb9`2m+)\x16\x0e;%5T\
2o\xe1\xd4\x05`\x8e\xe5ie\x1a\xe1a\xe1\xfb\x14\
9\x8e\xe7\x0e\x12_,\x1a\xa3\x19\x10\x8b\xc5\xa2\x95G\
\x19Y\xf3P\x91\x89\x16\xc75I\xd1\x98\xbc\xdc\x95\xc4\
Y\xcbuA\x1f\x01~sM\xa1\xf9\x8f\xccl\x95g\
\x92\xa6 \xb0\xf1\xb2\xc9\xbe\xb4\x92\xb4b_\x08\xb7\x93\
\x92\xb44\xe0\xa9S\xd3hD\xads\x1a5\x7f\xf2d\
\xbc\xfd\x82\xc9\x04\xaaN\x0d\xa6\xa4\xa6\x04\xa9\x19`i\
\xa7Xs\x80~!55\x91\x08\xd2\xba \x83\x87\xad\
\x0f\xbfR\x80\x89\x85}\x22\x95\xacF(\x0d\xbd\x96\x16\
\xf2\x85\x8a}))\x85\x85\xe8\xc1\xc9\x05\x93\xd3R\x0a\
|\xbeB\x9c\xa5q\x13\xac\x99K#X>ZU\x90\
\x11\x80\xb3\x1f\x12\xf9\x01\x8c-\xfb\xc4b\xefF\xa3\x03\
\xb4\xb9\x98\x11\x93>\xeeed\x9e\xcag\x80\xd4$=\
'E\xad/_X\xber\xe1\xc2\xa9S\xf3\x14\x1eE\
\xe6\x8a\xa6p\x1a(\x94\x02WV3/\xe8\xc3e\x0d\
o\xac\xc4W\xe8KI\xc5e\x0d\xe8k\x1a\xc34\x9f\
\xb5\x9d\x17`%\xe0\xf2\x9a\x82\x99\x09&{aAZ\
A\xaau\xc9II\x19\x00h\xd3\x1c\x01X\x1c\xcfH\
\xb5\xcc\x04Y\xb1P\x09\xb6\x8dP\x0a\x8e\x82\x93'\x17\
X{\xa3eDB)\xa1b\xaa\xb8\xa0C\xa3\xcf\x17\
J#\xcc:\xee\x04>\x99Pk\x0b\xa6O)E*\
\x04P\x83\xf9\x94\x17#\xcal\xc4u\xfa\x9f\xe4\xe5\xff\
\x01.b&\xbc\x93\x0fE\x0dQ\x8c\xe3\xa8\xe8\x91\xd1\
\x03\x8c\xec\xaaG\x0f\x94c1\x8c\xce\xa3\x947^\x16\
\xcb&\xe3mY\xdb\xba\xcfW\x92\xe6+LM\xf5\xf9\
JV\x13\xab\xbb\xb0\xb0\x84X\xe4\xd654\x95n7\
\x93S\xd3\xa8\xa3`\x17}\x00v\x17\x96\xe0;\xd8\xa4\
\x806'v8\x1d\x0c|%\x85\x18e\x1f\xac\xc5\xe4\
\xc24\x9f/T\x92V\xe2K!\x9fG*9\x01\xd2\
\x0a\xd3\xd2\xe0\x00HK\xc5[(\xf1\x15\xfbB\xab\x01\
\xff^\x8d\xf3~(\x94\x96\x12\xcf\x04\xea\x1b\x8f\xf2<\
US\xe2\x1eB\xb0\xf2\xb4|1\x87k\xfeIZ\xfb\
!t\x95\x88{-G\xcb4Q\xf3\xc8\x9c\xcc\x89(\
E%\x0f\xbaG\x91]\xa5\xb9\xd6+\x82e\x98\xeb\xac\
\x09\xfaV\xaf^\x0dg\xcb\xea\xd5\xabW\x17\xc3\xf1T\
\x0c\xc88}A\xdf\xc4\x17\xc5\xc5\xabK\x0aK\xc8/\
E^\x1c\xfaNqI\xc9\xea\x12\xfa~q[1\x5c\
\x19%\xf4M\x1a=\xf2\xde\x14\x97\x14\x17\xe3\xf5\xac\xd7\
,\xa1\xff\xd1\xab\xe2\xd7\xe9\x83\xf5\x8a\xf8\xa2\xc4g\xfd\
\xdd\xb66\xbc\x9b\x94y\xeb\xd4\xfa\xf2\xa9\xe5\x00R\xae\
,\x9f2:/\x80\xe1\x82\xe5\x135\x13Ba\xbc\x08\
\xdf\xec\xe4\x03H:\xfe\x9f\x19\xf0\xbf\xa8\xb3\xb1X\xe5\
A>\x1e\x97\xf39\xd5De1\xdc\xe5\x8a\xc5\x9fP\
\xb8\xbc\xcc\xfa\xdcr\x82n\x96\x97\xe7Z,\xcc\xdcz\
|\x18=\x97\xe8\x99\xc4\xbe\xb4\xb8\x98\xb9\xa3\xebG\xe7\
\xd6\x83\x9aY?z\xf4\x94\x5c\xe2k\x8e\xce\xcd\xad\xaa\
\xcf\xcd\xc5'\xf5\xf5\xf4U\x15\xfd\xca\x14|\xb3j\xe0\
\xb7\xad\x9f\xe7\xe6\xe6\xd6W5\xe6\x8e\xcem\xac\xa7g\
7\x12\xde\x13\x14\xce\x5c\xca}\xc3o\xe5N\x19x2\
\xfe8}=z\x00\x02Z>\xa5>/\x0f98\xa2\
\xc2\xeaD\xfb\xe5\x19\x00\xa19\x8e\x95\x03A\xe2\xbe\xff\
\x00>\xfd#\xe8j\xac\xe5|/G%w\x1a\x09\xae\
)\xe0F\xc7\x11:\x94y\x0ff\x83\xd3\xe9\xca+\xa5\
\x07 \xa8\xa5\x16e\xb5t\xe0[ \xab\x12l5\xcf\
E\x08U\xeb\xa9\xf4\x01\xfcT\x97\x0b\xbe@\xcb!8\
\xf0\xbbN\xfa^i\xa9\xcbU\xea\x0a\x13A\x95\xc0\xad\
\xa5\xae\xd2\xbc\xef\xffN\x9e\x0b?\xb5\xfe\xde\xc0\xef\x85\
\xe9M\xe4\xfd\xf3\x852\xc3\xcdy\xa5aW\xc4\xe5D\
\xec\xdf\xe3\xf1@\x8e\x0e\xe6NQ\xc8=\xc9 \x0fF\
v\x9d}-F\xc3\xff\xc3%\x10\xfbW\x0c\xab\x14\xab\
<s\x9a\x8f\x10{TT\x04\xaa%\x89\xc3\x89\x22\x92\
\x1f\x05W\x06J\xb4#'\x80B(mJ;Ft\
A&\x1b\x0b\xdd\xde\xb8\x87\xaaP0\x83 \xb3\xa6i\
\x0a\xaf\xa3\xdc\x9b.\x8c\xac&(\x8a\x08\x97\xa4\xc0#\
\x88\xc832\xc7\xcb@:k\xb2XV\x06\xa7\xad\x22\
\xe2\xc4\x8e\x93;\xe4x4Ec(\xbd\x99!\xb6;\
\xd8\xf0\x9aG\xf6@\x1e\x1f\xeco\xcd\xda\xb7\x08\x16\x04\
\x85l\x80b\xa1\x12\x0c\xa3O\x10=\x99QD\xb6\xe6\
<5\xfd_\x1a\xfco:\x80\x0c\xc2\xa1\xa3\xf3x\x05\
\x9dH\x014\x99\x11A:GJ9\xb6G\x91Wp\
\x81\xb4n\x8f\x10\xed\xc2U\x0aLj\xdc\xa9\x09\x90l\
\xa5\x9e\x82\xf5\xc9\x10\xcc\x00\xdd\x85\x0aU\x99D\xac\xf1\
\x8a|\x5c$\x89{\x9c0\xe0\x91&\xe6;\xb6!\x85\
\xc8\x87\xe4\xa6\x85\xf7\xde\xe3\xa1\xbf\x80\x9f\xe3\x15\x19\x02\
?3\x03Un\x0c\xa3y,\xd3.*q\x11\x95@\
\x90\x85\x92e\x0d)\xa0\x0c\xdc\xdeH\x02\xe6@U:\
O\x0b\xff\xc7\x8d\xfd_\xd4\xd9\x1ft\x80$\x19-\xaf\
\xd7\xcd\xe3h[\x80\x19\xd1<q\x94\x5c\xcbV\x18\x89\
\x9c\xa0\x98[\xd8c4\x8f\x1c\x8f\xe3\x1d\xc9\xbc\xa0P\
\x0e\xa2LIpPjb\xa1QD\xd9A(\xd5\x16\
\xd0R\x8e\xd4\x1ce\xa2\x9a\x12\xdb\x11\xc14\x05{/\
d\xa2\x14E\x893b>\x0d\x1b\x18\x88<\x89\x5c\x89\
$\xf6\x82?\x88$?P\xa0\x07rn\x08\x9b\x86\x0c\
7\xdcq\xd1y8\xcaY\xbdG\x9d\x08\x9c\xfb\xf2\xa3\
g\xfem\xdb\xff\x8d\x11\xfc\xc1#\x1a#P\xfd\x997\
z4A\xae\xe0\xc52\x84\x13\xf0\x16\xe8FA\xb15\
F\xe3=\xd0}\xc4\xc4\xc5\x05[\xe4d\x9e#1'\
\x8c3\xce\xdd\x03sR&\x8d\x1a\x0f\x87)lmI\
\x1e\x0f\xc5\xe7x@\xcc\x19\x91\xf7(\xf4\x0b\x0c\x22\x95\
\xcc\x80\xc6\x13\xf2\xd7 \xa1@\xea\x872Z\x0dk\x8c\
\x01\xe6y\x0f\xfe\x08\xfe\x1cC%\x7f\x0c~\xacP'\
2<\xa3\xe4c\xb5\xd2\x89_h?\xfd\xc9k\xb1\xd8\
\xbf\x1f{z\x18LG\xd4\x90\xfe\x09\xa8\xff\x1eM\xfd\
O,m\xac2jtD+_9\x7f\xb0\xb3f]\
\x9e\xa0(\xb5\x1c\xe3Q,\x01\x02T\xa7a\x93\xc4\xba\
',\xb9b\xc5\xd8h@e\xeb\x9d\xe1\x82\xc9p\x8c\
\xac`*q\x8c\xec!\x8b\xc1W(\x0aV\x04\x03\x86\
;\xba\x06\x873\x85>\xc8\xb2\xc7\x832\x16\x05\xcdG\
\x87\xe1\x13^\xd18\x8f\xa6\x01\x08\x81\xd3,\xc3\xe1e\
x%_\xb1V)g\x19;\x85\xd7\xe8})\x1cW\
V\xd3\xfe\xc2\x07[\xacv\xc7*%\xd4\xda\xfd\xef\xd1\
\xfd\xc1\x0c\xf8\x9f\x11\xffq\xf7TVvD;:\xa2\
Q\xc9\xa8\xdc{\xe8\xcc'\xbb\x0f\x83\xca\xe4A\x14\x84\
\x86\x80\x9c\xa9\x9a\xc7\x22\xdd\xcb\xe4T-\x83\xc7\xa5\x0c\
1\x17E\xd1\x00\xec\xf6(H\xc6b\xa8Ap=\xe3\
\x9b\xbc\xec!\x17\x1c\xfeC`\xdeC\xa6T\xa3\x9af\
\x10`\xe0\xb2\xc5\xd4\xc2\x9cC\xe3q:GM\x17\x88\
H\x9aG\xc1\xff\xe0\x87E\xb5\x8bB\xa6NS\xe2q\
\x0axC)\xd2y\xfa\x9d\xe7>i\x91Z\x8ch\xb4\
#\xda\x11\xabD\x9d\x9d\xf4o\x1a\x17#\xce|\x94\xf9\
\xf1O~\xf8\xa4(\x8a\xb5\x8d-\xaf\x9f.\xd8\xd8[\
\xc6{d\xad\x82\x22\xea\x9a\xe2\xe1\x09\xd0LaV\x8d\
\xc4\xa8D\xe4\x98hq\xf2)X\xd9\xd7\x18\x15\xe4\xcb\
b\xcf\xc0Z'C\x88)\x00\xa05\x9e\xcc\x93E\xd4\
\x80\x87\x87\x19\xc3`B\xd5\x8d'K\x8a\xf9\xa10V\
\xfcF\xe4e\x19D,\x0a\xc0`+\xe2\x95|5\x9f\
\xc3\xba\x03&\x91\x94\xb0`3Io\x8b7\x19~\xde\
\xba\xe3\x9f\x9f9d`\xac\xa3\xc6\x8f\x89\xeb\xffl\x9f\
\x11\xfb\x7fw\x80\x143\x8c\x03o\xd4\xa5\x94q\xb2B\
CKV\x86L\x0c\x8d*\xb6\x06\xd4\xde\xd1v\x8b\xc2\
\x1b\x05\xef\x8e\x92n\x14\x98m\xbc_n\x00\xe7\x80\x99\
`\xd9\x07\xc5CK\xdf\x12;\xa4\x1ac$l)2\
\xc1\xe3\xb1UZ\x86\x1e\x93]\xe6\xa9\xab9\x86\xb0H\
T\xe9\xc6\x03\x12\xc3\xa3P\x1eS\x1f/\x80\xfd\x09F\
\x86\xba\x8b\x89#\xe0\xc9\x9ar|^q\xebW\xafQ\
\xb1\xe5\xbf\x9b\x00\xdf?\xfe\x9f\x1d\x10\xab|\xed\x83\x9a\
u\x5c2)\xc61\xc7+d1\xee\x89[\xf3\x96\xac\
\x8dL\xad\x1e\xa0\xd4\x03\xf2M#\x1f\x17)\x0f\xd0Z\
\xda\xd8\xe1\xad\x0e \xc5*\xa2\xb9\xb0\xe4C\xb5\xba\xc4\
ci\xa20\xd0\x9f\xa3T\x0a\xd2\xb9\xb38@\xf4\x1c\
l\x1b<O\x5c(X\x16\xc4\x5c\xe9\xe5H!\x13\x9a\
\xa8\xa2\xccCY\x07\x17\x17T\xe9\xca:b\x9e\xa2\x0c\
\xe7/_\xd6{\xfc\x93\xd7*\xff\xef\x19\xf0\xff\xea\x80\
XG\x87\xf1\xe6\x0b\x1b\x15.\xcec\x06B}\x09\xd5\
fq:\xdd\xe0\x5c\x826#\xfb\x9dv1Lz\x81\
\xb7\xa4}x\xc8\xfeQWh\xac\xc8\xf0\x9cb5\x05\
kG\xe4\xe1T\x10 \x90\x86 \x22\x11`\x19\x8a\xab\
\xa0\xc0\x1c\xe7U\x8c\x22\xef\xa1b6\xd2A\xc3\xa0\x9b\
\xd8\x08\xb5\xa4N|$\x14<\xf1\xd6\xa6\xaa0t\xdc\
\xf00\xba\x88\xeal^T\x18\x01\x05\xb0\x1a\x14\xd3E\
\x98*^eF\xf5~\xf0Z\xf4\xff\xd8\xe9\xa8\x03*\
\xff\xaf\xf6K\x9fh\x15\x11^\xa3\xb9H\xdb\x13\xef!\
E~\xd0\x9bi;3)\xed\x91\x11\x04\x0d\xfa\xe4\xd0\
\xf8B\xa0\x04\xbe\x22H\x9eaTE\x16 O\x08w\
1x;tR\xc0\xb1O`\x84|\xd6\x84+\x19\xa0\
\x0b\x8d\xb7D\xb5\x15Q\x16d\x0f\x87\xd9\xc0q\xa8\xa7\
\xc3\xc2\xa7\x8e\x93q\x0fW\xe0uR)\x0c\x81u\x80\
\x08\x14\x145\xe1\xdfa!CL\xe9h\x02\x96\x17Y\
S\x9aEJR\xa8\x95\xf9\x8d\x9f\x9f\x91:\xfe\xcf\x0e\
\xf8Q\xe7\xd0z\x89\x1ao>\xdb\xeb\x8c\x83\xbd\x22\xf3\
\xf2\xc0\xfa\xa2RCq\xe0\xa0\x83AUUT91\
\x22\xaa\xf6\xf3U\x15\xfa\xe0\xba\xc0\xaa\xd4\x01\xe4{\xd1\
\x11$g\xb8\xfc\xfc|\x99Obkd8\x8e\xab\x8d\
0*\xc31\x1c\xc7@Y\x97S9\xebX\xa5)\xa4\
\x89\x98\x8f\xe6\xe3\xa1r\xd8\x1a\xd1\xfd\x1a#\xe0\xd0\xc0\
\x9a\x8c\xcasj-\xed\x9c<eu\x08&\xc3qp\
\xd2\xd3\xea\xa1\x0e\xe0\x19k?f\xc8\xc6\xa2p\x9f\x93\
\xe3\xab?h\xf9?L\xa1\xc1\xc4\xfe\xf5\x07\xf8\x86Q\
\xf9Na+/\xc7E^F\xfcO!\xedI\x82\x12\
\x93\x005\xca\xe1i\x13\xe2\xf2\xc9=(\xab\xd6\x90\xe9\
,${L\x9e\xe5h\x1a\xf0,\xcb\xf2\xac\x9a\x9f\xcf\
\xe6s\x82\x8c1\xa24\xf1\x08\x22g,/0\x10E\
\x12T\x012!,\x1d\x09(m\xd9#3\x1c\x97\xcf\
\xb2*#\xe7[\xc6C\x10X\x1d&\x90\x12N\xa9 \
\x97\xa1D\x0c\x9e\x17t\xde\x02F\xc1\xfa\xd1\xda\xd3\xc8\
\x0e\x08V\x060NZ\x8cL\x9ar5\x07Zb\xff\
v\xab\xff73\xc0\x88Io\xf6V@y\x94l\xba\
Lz\x9b\x14LG@\x95\x97=\xb4;):\x06H\
\xe3u\x96\x11\xf2\xf3\xf3\xf3y\xf0\x01\xa0P\xcf\x08\xd0\
%\x80h\xb6@o2\x9fWx\x0e`\xeb|E\x91\
\xf3\x05\x8eS\x05\x85U\x14\xc5T\xe0X\x92\x05\x93\xa5\
$J\xder\xca\xd3&\xcf\x93\xb6\x07\x91\x90\xa0\x13(\
\xf0\x03\xb6\x1f\xedF\x8f+$\x8c\x8c\xe1\xa0\x9f\x88\x1e\
\x99Q,\x15Y\x1c#\x14F\xe39\x85n\x19\xd6\xf9\
H\xf4T\xf0B\xef\xc1C\xc6\xbf9\xf6w\xfc\xb8\x03\
\x8cX\xe5W\xbd\xb50\xc3\x9a\xc8\xe5\x8b\xd0$\xc1e\
\x00\xf3\x09\x11$O>\x07e\x1c\x12\xa7Ct\xc5R\
nf\x18\xb5\x16v\x99\x959\x95a\x9d\x01N\x1d\x18\
:T\x0e\xc9,IKr\x0c\x04o\x9c0\x81\x14\x98\
Qe\x8e\x0ah\xa0\x82\xa8\x9a\xc8\xa6\xa2\x22~\x99\x13\
\x22\xb5\x10Z\xc0\xb1\x12\xd0x\xa8Q\xc8\xb2\xccr\xac\
\xca\xc9j\x04\x0a\x11\xc85\xe6d\x96\xc2\xee\x10I\x82\
g\x9a\xcfGgC5\x9fUp\xd9\x80\x01\x95a\x81\
\xc9\x0f\xac\x0b\x91\xb2\xfd\xc6\x8f\xa6\xbb\x14\xfdQ\x07D\
c-G+4\xda\xe8\xe1HS4\xd48\xc1\x15\xc8\
\xcb\x101\x93-t;i\xe5\x08\x02\x85\x05\x91\x02\x1a\
\x81=\xb0\xe49#\x012VB\x80\xea\x83XLp\
!\xc0\x08\x11\xc4\x89\x04\xfa`&E\x93\xcc\x99S\x8d\
@D\x1d9\x15N5\x12\xb1\xac\x0b\x83gr\x82\x10\
\x080L\x80\xf4OPJ\x8aTC\x16\xdeX\x17\xbd\
\x84\x80\xd8\xac\x09\xe7,6DRY\x8dX\xf7#\xa4\
\xa7)\x0c\x873\xa1\x223\x1c\x16\x04\x02vq>\x19\
\xdfx^\xfaQ\x0ft\xfch\x1b\x8c\x9ei\xe7QT\
+\xa3\xde\x8bS<2\xcb\xf2qMD\xb9\xa9.\x0b\
\xaa\x8b\x1c\x1dpN\x8c\x1f\x9f\x977~|i\xa9\xcb\
\xe9\x84\xcb\x22o|)\x92\xdfJ\xf3,\xb7Ei\xde\
\xc0'T\xb7\x0f\x97\xc5\xf8R\xebg\xa5yy(\xf5\
v\x91##\xcfJ\x93\x1f?\x1e\xafD\x1e\x0ez\xd1\
\xf1\x03\xbe\x8f\xccL\xfc\xee\xf8\xcc<\xcb\xd5B\x7f\xb8\
\x1eO\xae/\xc5\xc7\xbc<\xeb\xb7Ph\x909~|\
i3\x9c*HOR\xf2\xf35\x86c\x88)\xa6\xb1\
<\x1d\xb4\xe3r\xb2bw\xf4_w\x83\x7f=\x0aG\
\x8d\x03A!IE\xc5Xy\x1c,\x81 +\xc8\x1d\
P\x18!\x9cYO>0\xf8\xa4F\x8f\x86\xbbkt\
}}U\xfd\xf8\xfa\xd1\x99\xf5\xe3G\xd7\xd7\x8f\xaf\xcf\
\xcc\xc4\x1b\x1b=\x9a\xfe\xd5\xd7\x8f\xa7\x7f\xe3\xeb\xc7\xd3\
\x8fG\x8f\xaf\x1f_\x8ag\x8d\xcf\x1c\x0d\xaf\x19\x1e\x99\
x\xc6h<\xa6\x8c\xc6O\xf0\x9ax\xa5\xf1\xf4\xea\xf8\
\x1b\x99\x99\xf5\xf5\xf8\xe5z\xebW\xa6L\x99R\x9f;\
\xba\x11\xbfP\x8fo\x8d\x1e\x9d[5\xbe1\xb3>\xb7\
\xde\xf2\x88\x8d\xce\xcc\x0b\x0b\xf0eB\xc3If\xe88\
\xca\xd0y\x5c\x93\xf5\xfc\x17\xa4\x8e\x7f\x99\x03\xffk\x09\
D%\xe3\xe3\x8d\xc9\xa4\xa2\x092\x04\xee\xb1\x84\x90P\
GW:!/\x13\xaf_>}\xca\xdc)\xb9\x8d\xe4\
\xd6\xc3\x9b\x19M\xff\xd0\x1f\x03\x9f\x93on\xcah4\
\x0a\xff\xea\xe9\xbb\xf8\x01}{\xc0\xb97\xf0\xa0o\xe3\
\xf7\xea\xe9\xf3)\xa3\x07\xfe\x1f\x8d\xa4\x9f\xe7\x0e\xfc\x85\
\x81\x97\xb0\x1c\x91x\xcc\x85\xebo\xf4\x94)S\xc9\x15\
9%\x17_\xc3!Y>\xb5\xbc\x1c\xaf\xe3\xc2\xb5<\
_\x10\x14\xebb\xcc\x91w\x93g\x22\xa3N\xef\xfd\xd7\
\x0e\xf8\xc1A(\x1a3\xde\xece\xe28\x7f\x11\x7fQ\
\x84\x01\xd1xF\xd7\xb8p}\xee\x5c\xf2\x86.,\x9f\
^^^>zJ\x7f\xa7VSg=z\xea\x82\xed\
\xed\x9d\xed\x8bj\xea\xea\x16Y\xdf\xa9io-\x1b\xf8\
\xac\x0c\xcf\xaa\x09\xd6\xd4|\xff\x93\x9a\x9a\xef?\x1fx\
\xd0\xd7\xf8\xd0\xden}YV\xb3\xae\xac\xa6\xfd\x9f\xcf\
o/\x8b\xd7X\x8f\xba\xf6\xf6\xb2\x9a\x9a\x1az^Y\
M{\xbb\xf5M\xeb\xa9\xa63\xaf|\xea\xdc\xf2\xa9S\
WN\xb5\x1c\xc3\xe3]\x0c\x03S\xcc\xc2\x1d\x83\x99\x8c\
\xeb\xa5.\xab/\xfc\xcb\xc9\xef\x873\xc00\x0e\x94\x94\
iI\x08\x0bj\xba,\x10\x8dG\x84\xd0V\xb8\xbe\xbc\
|\x0a\xb9\xc4\x17^?\xb5\xb3n\xcc\xa1\x96\xdf\x0e\x19\
w\xcd\xb5W\x8d\x194h\xd0\x98\x9f\x8c\xf9[\xcb\xef\
\x8d\xe8o\x08-=r\xe4\x98\x87\x06\x0d\xba\xe6\xd3\xfd\
/\x8d#\xb0\xf0{-/^9\xe6\x1a\x80\xb6AV\
\x1f9h\xd0\xa0\x01\xf6<\xd1\xbc\xc6<\xf8\xd0\x98\x91\
\x16\x8ey\xe4\x981\xe3\xee\xf9\xe7\xcf\x06\x0d\x22\xd6\xe3\
\xc8\xab\xae \x0c;}z\x15\xa1\x8a\x89X\x0f\xe4\xd7\
U\x04n\xb6\xbey\xcfU\x83\xc6\x8c\xbc\xe2\xaa!\xee\
\xba\xc6\x95\xe5s1\x0b\x16.\x9c:e\xbcK\x90\x05\
P\xe6\x07*\xc3\xb1E\xeb\x1cw\xfa_:\xe0\x07\x9f\
\xc7\xb6L\x1e\x85*\x0aX}\xd8U\xdc/=\x8c\x90\
W?e\xe5\xf4\xf2\xa9\x18\xfa\xdc\xce\x83\x7f\xba\xe6'\
\x80Q\x8e\xbc\xf9\x17\xbf\xb8g\xccU\x83F\xfe\xe4'\
?\xf9[\xe5\xef\x8d\x18\xf0\x94?\xf9\xc5/\xae\xbd\xf9\
\xa11#\xef{o\xeb\x9f\xef\x1f9\xf2\x9ek\xae|\
o\xeb\x9f\xc6]\xfb\xd8c\xf7\x0d\x1a9\xf2\x1az\xe3\
h\xe0\x98\x87\x1e\xa2\xbe\x18\xf4\xe0\x83c~\xf2\x10:\
b\xcc\xc8\x87F>\xf8\xd2\xa3\x0f\x8d\x1c\x00\xd0\x8f\x1c\
4\x88\xdaF\x8d\x04\xa0{\xe45W]C_\x8d\xbc\
\xe2*\xea\xa4\xab\xae\xba\x82zc$z\x0d\x18\xac+\
\xa8\xafn\xbe\xa9\xa9\xbd|\xea\xd4\xf2\x85\xe5S\x17N\
-\xcft*\x1e\x80\x5cd\xbaT\xc9\x1a\xb4d\xe5\xfc\
\xa3?\xb4\x84?4\x82\xd1W\xda\x98Q2\xdd\xe2d\
^F\x9e\x13~\xc19\xba|*\xa2\xa4\xe5+\xa77\
\xf7\xdc\xf8\xd8\xd6?\x5c3\xe6\xaeG_:q\xcfc\
\xa0\xa3\x8f\x1c4\xe8\xa11\x83\x1e{\xec\xd7\xbf\x7f\xf1\
\x17\xbf\xb8\xfd'\xbf1\xa4\xdf\xb5l\xb9}\xe4=\x8f\
\xbd\xf4+\x1a\xce{\x1e{\xf4wW=\xf4\xca\xd6\xc7\
\xae\xb4\xde\xf6\xc8\x87\xf0\x9eG>4r\xcc \xa0\xb8\
1\xb2h\xfeC?\x19s\xcd\x15\xb7\x1b\xc6o\xc7`\
L\xaf\xb8\xe2\x8a+\xd0\xa0+\xac\xb6\xa2\xf1\xf7\xa0\x0f\
\xa8K\xae\xb8\xea\x8a+\xfe\xd95cF\xd2<\x19t\
\xdbo\xee\xb9\x82f\x12\xba\xf9\x9aqm\x9d\x0b\xcb\xcb\
)\x9c\x95\x9b\xc7i\x1e\x94Ej\xe4\xacB\xddb\xad\
9\xea\x0dr\x86\xfch\x06D\xa5\xb3\xa3@\xa1cH\
z_\xc6>\xaa\xf1L\xe9\x94\xa9\x0b\x16\xae\x5c\xb8r\
jf\xe7\xbd?\xfb\xd9\x86\x97\xde\xfb\xe3}W\x0d\xba\
g\xdcU\xf7<nT\xfe\xfa7\xb7_5\xe6\xa11\
\x0f\xfea\xeb\x8b\xbf\xfaM,\xf6\x8b\x9f\xfc\xc2\x88\xdd\
\xb7\xf5\x95\x87\xee\xbb\xe7\xbe\xfb\xae\x1d9h\xe4\xa0\xbb\
~{\xcd\x95W]{\xf3\x1f\xf6>v\x0f \xf3\xf4\
\xb6\x07\xa6\xf4 \xbc\xffA\x0f\xfd\xe9\xb3\xfb\xaf\xf8\xff\
\x88z\x17\xb8\xb6\xaat}8\x09Iv2L\xbe\x92\
lv\x0bI&\xcd\xec\x5cvPf\x16\xf6\xb8?\xd3\
3(\xbb\x03\x09NjBm\x0egWBA30\
GZ\x9b\x7f\x87\x96?3\x9dPr\xc24\x90\x94i\
\xdaHd[(N[\x08r\x11(G\xe9\x05\xb4J\
\xb5V\xa77\x06Q\xabm\xb5x\x19-\xf5\xd2\x83c\
\xabS=\xdfyW\xea|\xd8B\xa5\xfdi\xd7\xbb\xde\
\xf5\xde\xdf\xe7a\xd4>\xb6e~>R_6\x0a\xfa\
o4\xa6\x15\x1bN\xca\xa4E\x00\xfc\xe4\xf8\xfa\x8dz\
\xa3Qo\x87?\xa3\x07Ip>#\x08\x0042\x1e\
\x89wU\xc1\x7f\xdd\x08\xff\x09K\xe3\xa6\xb5\x9b\xd6B\
[\xf8\xe1l0\x82b\xb1L\x01\xa81\x19\x80\xcd!\
\xda\xf7\x81\x13al\x0a\xc2\xe9\xb8\x1d\x07`q\xbcr\
\xc7j\x15@\x94\xe7B9\xdd&\x86\xc0r\xd9\xc3\xf8\
\xf6\xff\xb0\xea\xb1CW\xe6\x9bB\x9d^AHF\xb0\
\xca\xb2]\xb1\xd4\x0c\x9ab}l\x97\xf1\xa3\xd7f\xe3\
1\x10@\xcfP*5;\xa0g\xe3lO\x5c\xcd2\
}\xc4[Fvt\xa8\xae.\xd5\xc5\xaa\xd3\xeaj\xbc\
}&5\x13I\x8d\x16\xab\x1b\xce\xf5\xcfr\xacZ\x1d\
I!\x14khH\xbf\xf6\xb4\xda\xa7/\x19\xbeF\x92\
\x9d\x03\x13\x13\xc9\xe4\x0f\xdaa\xd73vF\xcf\x18\x8d\
]SS\x11\x8e1\xaa\x87\x10J\xc1s\xab\x9f\xe6\x8a\
\x81\x1aIo\xe0\xec\x96\xe6Uk\xa1\xb3\xbd\xe9\xee\xdf\
\xc2\xd6\xa6L\xa5\x10\xad\x80\x07 U\xca]\x99\xfb\x9e\
w\x12\x8et\xe1\xf3\x87@\x089\x1co\xdc\xa1\xf2(\
\x80\x88-\x17@\x85\xc4\x10Lg?\xbc\xe9\xb1Mk\
7\xfd\xe1\xb1\x03{\x17\xfb?l\x0a\x85B\xde\xced\
2\x09\xb6\x8fa\xe3\x91\x8f\xd0\x09\xd0_u\x0f\x13\xef\
\xe9\x8a\xc5\xd4j\x96\xb1O\xa3\x0b\x11\x96\xf5\xf5\xa8\x8d\
=\xf6>\xe2B\x033\xed\xbc\xe1\xf3\xf5\xb0v\xb0\x17\
\xea\xb4\xfd\x02K\xd83V\xe6\x88\xf9\x8ag\xe6R\x11\
x\xf8\xbe\xf9\xf9Q5\x90[\x82r\xc0\x1f1\xaa\xc1\
\x0c0\xf0g;\x07\xf0Gg\xf2\xb6\x00\xf4zc\x04\
h\xeb\x99Q'J\xb1\x1cc\xd4\xa7RF}U\xf1\
T\xff4gg\xe0\x81pz\xbb\x9e\xe3\xef\x81\xde\xf8\
\xdaM\xab\xee\xcd\x84\xa4R)\x83\xfc\x00W\x9c\x12\xd9\
\xbf\xaaG\xcetf\xf4O\x01\xa0\xb7\xfe\xa8L\xf3l\
\xe0EJHk\x14w\xfdl\x13\x0cKm\xba\xef\xd5\
\x17>:\xd37\xde\x14\xea\x0c\x85BBDH\xb2\x0c\
\xd3\xc3\xea+{&R\xf1\x1e\xf8+\xfbzFG}\
\xac\xaf\x87e\xd5\xb3\xe8D\x9c\x85'\x0eJ\x92\x8aw\
\xd9g\x9c7\x8a\xe1_|]]L\x15<\x7f\xe04\
g\x8c=\xa0\xb7c\xc6\xb8/\xce\xb0\x8c\xbaX\xedc\
\x8b1W\xf9m\x0d0\xea}]\x0c\x88\x81a\x93\x13\
\xb3\x03\x13\xf8#\xf2\xc3\xf9A\x12\x11#[<}\xb5\
\x81I5\x00\x09f2\xe98=;\x9d\xe4\xec\xf00\
8\xe0\x883\x90\xdc\xf6\xb5k\xfe\xb0i\xd3\x9aM\x0f\
\xe3\xf9\x9dLQ\xbat\xa9P\xc83\x0b\xcf\x1e\xbd\xed\
\xfdP\xba=\xee@h\x5c\x94HW\xe9q\x9dU*\
SJ\xefZ\xfb\xd8\x9a\xc7\x1e\xfb\xd3\x1f\xba\x7f\xd7\xe8\
@\xd10\xf0\xa7\x86B\x82\xe3\xb4 \xe8\xc1\x80\xe9\xc9\
\x8f\xfa\x17\x0d`\xcb\x98H'Buj\xd6\xd7r\x02\
\xc5b\xa9\x86\xb1\x14\xd3\xc3\xb2>5\x131v\xf9\xea\
b\xa9\x89\x0bS\x0d\x91\xd9\xfaK`\xfe\xd4=j\xec\
\x0a\x8c\x0d\xf1~\x84\xc6\xd4>|\xedj\xa6\x07\xd4\xca\
\xfe\xc3\xabg\x98\x16\xa2l\x08L\x22\xc3N\x0cL\xf4\
\xf7#\xb40;\x01\xcc\x7f`\x06\x19\xa3\x9dc\xc8\xbe\
\x0b\xf3\xf1\x02a\x86\x98\xd22L\x84K\xa2\xb7\x8a\x93\
IFo\xb7\x1b\xf5v\xbb\x9e3T\x92\x1cI\xe7\xad\
\xd9\xb4i\xd3c\x9b\xee\xce\x861@\x11\xc6Q\x97\x83\
k_\xb1\xfa\xb5\xff\xdf\x0db\x01\xb4~ \x95{\xa4\
\x1e\x8c\xcc-\xc3uZ\xe5\xbdx\xb2\xf0\xb1?\x5c\x1e\
\xd99\xfc\x8fO\x9a0\x7f\xec`\xb4\x13\x9d\xf6\x0a\x02\
\xd3\xa3f\xf5\xda\xab'\x16\x18\x96\xb1\xdb#\x91\x01T\
6\xeac\xd2\x86 2\x8d\x8e\x16\xfb\x18\xfb\xe2\x89>\
\xce\xc7\xb2]\xbe\xf8\x84\xf3B\x9do\xa0\xff\x04k\x87\
\xdbN?o&>\x84\x9ch\x88\x05^c\xa0y\xef\
a\x8c\xe0\x1c\x81\xe2\x10\x7f\x8c9\x1dC\xd8 \xc4\x93\
\x03\xb3\xceV\x84f\x06&\x92\xf8\xeeA\xfb\x8d\x8c\x91\
\x9b\xed\xbf\xc1\xa4\x1a\x16\x9c\xf3\xb4\x91a8v`@\
\x1f\x89\x00\x89\xb9\xdd\xae\xb7s\x1c\xe6q\xa7\x0d\xcd\x9b\
6mZ\xb3f\xd3\xc3\xcbV\x00z \xcc\xc8\xc9q\
\x81@\xb4\xfex\xeb\x0f\x81P\xba\x0d\xb6\x0f\x9a\x8cb\
\x91X\xa1\x82\xccR%W\xa5\xcf\xbf\xe9\x83w\xdei\
\xdf\x09$\xb2@8\x1d\x8dF\x93\x03\xe3@\xa6\xcc\xc4\
\xbb\xe2\xf1\x86\xe9\xe9.\xd67=\x9d\x8a\x8c\xceN\x5c\
\xb80\xa4N]\x9d\xa9\xf3\x19g\x9c\xe7\xd4L\xb1\xf1\
F\xffgI\x16\x5c~Ojz\xdag\xf4}6>\
=\xcb\xb2=FF\xdd\x03\xbc\xf6\xc6\x94\x13s[\xc3\
\x81q|\xd4\x03\x9fA\xeb\x8d\xc6\x1e\x86\x19\x9d\xbe\xda\
\x85_Cdbb\x020\x14\xa7g'\x22\x9c^\x0f\
\x1e\x01\xfbA{\xc3\xc0@\x8b\x03\x8d\x0d\x8d\xe2\xf8(\
\xc2\x19\xf4\x95}3\x82V\xcf\x19\xf4X\x02\x95\x06\x03\
G\x1a\xbe\xdc\x04\x8fx\xd3\xdd\x85\xd0\x8cT\xa5k\xf5\
\xb9\xb9\xd2\xdc\xc2\x1f\x22B\x1c\x09:\x88\x17V@\x07\
\x03\x12xizub\xd9Z\x98\x93[\xf3\xec\xc7\xfd\
Wv\xbao\x05\x02aP\x814\x95r4\xea\x8d4\
Db\x0e\x14C\xa8!\x82-QO<\x86\x9c\xb1!\
&\x09\xde\x7f46dTG\x22\xf1\xd9\x088\x0c\x08\
t\x22q\x9fO\xcd\x0e\x11\xa8\x85U\xab\x8d,\xcb\xb4\
\xa4\xf4\x8c~(\x16k\x18M_\xb8\xb1\xca\xc8\xaa[\
F\xc1\xb6\xa4\xeaX\xb0}F.\xc9\xc0\x93W\xb3\x13\
\x13\x13\xfd\xfd\xad\xfd\xd3\x13`\x059`\x80\xc4*\xa4\
W\x0f\x8c\xb7\x10eu\xa3u\x8c\xd1\x0eQ\x00\xa7/\
\x9e\xea\x9f\xb5\x80\x0d\xc0$y@\xf1\xad5h7o\
\xc2\x13\x7fw\x03\xef\x124\xb9\x95\x19\xb8{\x9b\xbb\xe1\
R\xba?\x84\x05\xd0zn\x03\x14YrU\xb2\x0c\x99\
\x14Z\xb1\xcae\xab\xf0h\xe5\xefz\xbf\xbd\xe9\xb8r\
\xf0\xca\x17'\xbf\xab?\x14\xc6f \x1a\xed\x0c\x0d\xce\
\xa0\x1b\xc0>z\xf4\xad\x86x\xc3\xc1\xa3-\x8c\xbag\
\xe8\xfa\x09\x84b\x91x<\x1eg#,\xc36\x8c\x0d\
\xc5\xe3>\x06\xce\xcf\x80=\xe8\xf2\xb1)\xe2`\x1dD\
\xbe\xa3\xa3\x10\xf3\x80t\x86\x9c\xc4PZ\xe3\x8d,3\
J\x10){d\x02\x95U\xb1L\xda\x14\xd8q\xc4\x93\
\x9c\x98X\x5cX\x5c\x18\x98Hb7\xc0\xc1\x07\xc4X\
C\x04\x1a\xeb\xd2\xf7\x11\xe7,\x10\x1c0F\xcen\x9c\
\xbb4@\x1a*9}ee%\x07,Q\x06-\xa9\
\xd5\xeaJ\xd6\x80-\xbfK\x09\x03\x8f\x1e\x95h\x05N\
\x0f\x95\xf2\x1f\xdf\x16\x006\x81g\x1a\x15\xb8c\x01\xe8\
\xd2\xf0\xfb\x99\xab`b\xba\xa4{\xa7\xdf}\xd2\xd1\xdf\
\xda\xff\xed\xdf\xdeG\xef\x07\xc2ax\x05\x82\x10\x1d\x9c\
ASB\x83\xaf\xb8\xcb\xc7\xc4#qV\xaff|l\
|\x16\xa1\xbaH:\x86\x1f\x1d2\xce:Q,\x95b\
\xd5\x0c\xab6\xc27\xbb\xd4\xac/\x15\xf71q{\x83\
\x93\x88!\x02\x18\x9d\xd9\x98\xd3\x11\x03\xcb\x0f\xe7\xb4\x83\
4\xe2\xf4\x04:\xda\x03\x02\xd03\x11c:\xe8KN\
\x0c\xcc\xce\x82\x13H\xda\xed\xf8\xf4\x9c\xd1\xc81\x91\xf8\
\x10\x22\xc6\xe2B\x1f:Q\x01B1r\x9c\x9d3p\
$W\xa95\x188\x0en\x1f\xff\xd4\x1a\xc8;\xe1,\
k6\xfd\x04\x9a\xf26Le\x05\xf5x\xcf\xbeK\xff\
|\x02\xe8\xdc\x93*\xd8\xa8\xc7\x83\x04RE\xa6R\xf4\
\xf0c\xf7\xadY\xb3\xa6\xd4=\xe2\x1e9\xd9\xda\xdf\xdf\
\xfa]\xfb7\xe1@\xe0\xc5\xe7\xce{C\x82\xc3\x11w\
8\x1a\xbc\x9dB\xd2\x07\xce\x00SS3,[\xec\x9b\
\x88\x0d\xa9Y\x86e\x8c=\xad\xce\x89V\x84@\x22\xf0\
\xc6\xd9\x1e\xf0\x8aj{_\xfdB\xa4k(\x96r\xa0\
X<\xd9\xa3f{\xd4\xa3}\xe3\xa3`\xd1\xf0}7\
L\x0c\xb0\xa9Tjb\x10\xbc\x04\xc4\xf98\xde72\
l\x04\xfb\xc0x<\xc2\xe89\xbd\xdd\x08\x875\x1a\xed\
v\xae\xae\x8e\xb3k\x1b|IN\xcf\xd9\xf5F`\xc7\
\xd4oX\x09O\x00\x00 \x00IDAT\xd2\x06\xce\
\x80u\x9f\x04\x92w,\x01\x9a\xa4W\xaeY\xf3\xd8\x9a\
\xc7V\xe5)\xa5R\x97L\x0a\x1dl0t\xae3N\
\xe4\xc0\xc3\xd2\x0et&\x03W\xfcD@\xcd\xa6\x14\xc9\
\x14?yl\xcd\x9a\xfb\x1e\xfb\xe5\xe5\xd7GF\xde;\
\xf9\xee\xc2kG\xbfs\x8f\xb4\xb7\xfb?\xef\x7f\xf3\xb4\
\xc3\xeb@I\x07\xda\x12\xf5\x0a\x82\xc0\x82\xf9\xc6\xe18\
\xa3f\xb9\x19t\xa3\xaa\x18\xfe\xdaU\x08M \x226\
M\x9c+f\xd3*\xe1S\xf7\xd8\xb9Y\xe7\x94o\xcc\
I\xc4f\xc7\x8b\x8b\x8b\xd58\xae\xab\xb4\xff\xe0\xf7\xf1\
\xa7\xe4b\xebb\x9232j|r\x88\xfc\x19\xa3\xd1\
\xce\x18\x93\xf0\xaep\x9ad\xc7$\x98\x1c\x04\xc4z\x83\
\xdd@r\xc0\x0d\x0a\x86\xa1\xb2\xd2\x80\x89\xe1\x0c\x06\xad\
\xb6\x92\xbc\xfd\xfe\x81\x19\x94&I\xba\xbad\xcdc\xf7\
\xad\xf9\x99T*\xca\x04\xd0\x08\x85T\x99)\xce\x14\xaf\
\x9br\x96\xc1\xac0r^\xf8\x85H\x0e\x04\x0d\x22\xc0\
\xbdS\xca2\x96mZSr_\xc9O\x08\xc7{\xee\
\xf6\x91\x93'?.;\xfe\xad\xdf\xdf\xeb\xae\xf9\xe0\xc6\
\xc5+h\xbcov\x0b\x1bo\xea\xc4q1\xd3\xc3\xfc\
\xf0\xe1\xb3/8\xe7\xe3q\x9c\xcd\xc6b\xb1\xf9k\xb1\
T,\xa5V\xb3\xea\x1e5\xcb\x0e\x9dCcl\xf1\xc0\
\x04\xd3\xd2\x0aa;N\x8a\xf0\xbdcW\xcf\x18\xd3\x11\
r<\xfe\x11\x9aK\xe2D\x01\x1e5\x0e\xf7\x8d\x0c\x13\
\xc1\x7f\xd6~;\x0e\xbc\xfd\x0a\xf0k\x00Bw\xa3\x91\
\xe3\x80\x14\x14\xeb\xbd\x16\x04`0\xe0\xfb7\x90Z\xad\
\x85\x86/\x82\xd6\x85u\xe0^\x11t\x11\xa0\xaf\x8c\xe9\
\xe7\x0a/:\x11\xe4\x02\xad\xe8\xfd\x15\xb08\x07-\x19\
\x91R*\x15g\xaeZSRR\xf2T\xb5\x93\xf8j\
\xc4\xbd\xd3\x81\xbe8\xf2\xd5\xdf\x00\xee\xb8\xe6\xe4\xf0\xe4\
\x95+\x81\xf0A\xf4\xd9\x84\xc3\x11\x0fu\x0a^\x01G\
o8Qc\xd9\xa1\x89\xa9\x85J\x9c\xdf\xfbXu<\
\xd5z<\xaeg\x99\x9e\xa1!6\xce@\x80\xd0P\x19\
O\xc5\xea\xc6bq\x16\x17\x0e\xd2)\xdd\x0f\x81?\xfc\
\x9bz\xeeFr\xd4\xc7\x1aq\xb0\x03\xe9\xa0\x1d\xe8~\
!\xffc\xec\x11\xa0>6\xda\xb9\xf4\xfd\xc3\x9dw\x0d\
\xed\x87\x97N\xc2wH\xce` 9 \x83\x05\xf7\x0f\
_\x0c\x06mW\xb1\xd9b\xa1\x0dZ-\xad\xa5\xb50\
.\xbef\xd52\x00\xd3\xceP(\xd2\x88\x09\x85\xbb\xcf\
\xb5\xb6:D\x84\xa3\xecI%\xc6\xd4\x83&\x98L\xa9\
R`\x05\xf8\xf77\xdf~\xf7\xca7\xed\xed\xed\xef\xa0\
\xf7\xda\xcb\x1c#GFF\xdc\xdf\xb7~q\xdc\xf1\xe2\
\xde\xe7\xcb\xc6\xa3\x0e\x87\x10\x0dy\xbd^\x12\xff\xf5\xd5\
\x10\xde\xb2\xf1i\xe4<1\x03\x16\x9a\xd1\xb3\xbe\x14B\
q\xc6\x18oA\xce\xba8;:=]\xd7\xd3\x13_\
D\x8b\xf1t\xa5\xe3\x9fj\xaf\xae\xd2WUU\xe1\x10\
O}\xae\x7f\x9a\xf4\x01\xd9=\xa7\xd7\xdb\xb1\x08 \xc7\
\xd7\x1b\x8b\x8d\xe0\xfaA\xd1!\xd0\xb3\x1b\xf5\xc5v\xae\
\x0a!\xd6\x0e\x1a\x00\xca\x0e\xcf\x1d\x8e^I\x82\x1ep\
Z\x83\xb6B\xdb\xe2 \xea\xe8\x0a\x92\x06fD\x9a\xde\
\xbcf\xcdc\xf7=\xf6\xc0\x0aE\x862=\x96\x81\xfb\
&\x1f:Q\xab\xc8\xe1|\xfe\x0e\xa5G\xa6\xc0\x94\x0b\
x\xd8\xe9\x01\xb0\x9a\x93\x8e\x83\x1d\xe1\xc9\xbf}\xf7\xed\
H\xfbH\xbb\x03\xbd\xd7\xee\x1fi\xff\x8b\xe3\xdb\xf6\xf7\
&w5\x85\xc2O\x84\xa3g\x16\xc7C\xdeNA0\
b/nT\xfb\xba\xd8\xd4\xc4L\xff\x22\x99\x0e\xe6F\
\x87&Rq\x86i\x88#\xa2\xa5\x87U\xdb\xedz\xa6\
K?\xef\x5c\xe4\xb0\x00\xec8)\xb8\xad\x05vP\xf9\
b\xc6^\xf5\xe9\xfc,\xc7\xb2L\xd5\xdc\x8d8\x5cx\
:\xf5\x87\xf4\xcfX\x8c\x9d\xfbm'\x00d\xc8\x95U\
N\xc4\x02!((\xba\xd6`\xa0\xb5\xf8\xfds4p\
\x84\x92\x86\x0aZ;\x06lq\x06-M\x83\x1d\xa0\xe9\
\xc6\xfb\xd6\xdc\xf7\xd8\xa6e\xb0\xc5\x0a4u0:(\
\x93\x85\xcb@\x03\x88\x8b\xb8\x8f$\xc7\x13U+d\xca\
\xbb \x00*\x09\x5c\x9d\xa9~\x22\xfc\x5c\xff\xc7\xee\x91\
\x91\x9a\x91\x93\xef\x10\xfe\xf7\xd0\x95\x93\xed#\xed\x10\x14\
\xfd\xa3\xff\xfd\xc0k\xfd\x17\xa3\x11\xc1\xeb\x0d\x1a{@\
\x03\xba\xae\x9d\x98H&'\xa6\x078\x86\x89\xe8\x19\xfb\
94\x9dd\xec\xd3\xe7\x16\xc7ZX\xd6\xc7\xaa\x8dl\
dtl(\x96J'|\xf8\xf1\xeb\xed\xe9\xa8\xd8n\
\xd4s\xc6b\x06\x14\x1d\xdb\xc4:\xa25N\xa6\xcb\x22\
iU\xe0\xf4X\x00z;\x87\xa5\x01v\x90$[\xea\
\x8a+@\xe3\xd3\xe7\xa7\xd3\xd4\x98t\xdf\x8d\x19\x8a\xd3\
\x92\xdc\xb9\x0b\xf6\x88@Z\x04\x13I\xd3Z`\xc8\xd3\
\xfe\x1a\x8e\xf5@\xa6B\xaeH\xd3\xfbJU\x09\xd1\x8f\
\xder\x96\x89\x9c\x8ej\xe8\xc1\xc3\x0c0\xb4\xaf\x14R\
\xd8\x13\xb8o\x95\xb7\xea\x93\x7f4\x85\xcf\xbc\xf6\x15\xd0\
a\x8c\xb4\xd7\xa3#_9\xdei?y\x12\x0b\xe0\xe3\
w\xfe\x1e\xb88\xf7\xca\x0c\xfa\x04\x94\x00\xbf\xe5\x9e\x0b\
\xf5\xb3\x11cj\xa8\x81\xd1C\x90\xac\x9fB3Bj\
h\xba\x7f.\xe2\x83(\x80e!y\x9d\x00\xabp\xfb\
\xa3\xa7\x0e{\x0cF\x1f\x19\x1d\xaa\xd2W\x82\xc5\xbf]\
+,\xfeh\xa1\x18J\x1eF\xb8r\x5c\xf7\xb0\xeb\x8b\
\xb1\x00\xecz\x03\x97&E&\xb5\x06;\xc7\xa5-\x9d\
\xd6`\x10\xe0\x05\x80\xcf[\xe8\xbfa\xe1h\xb2\x07\x11\
UI283wFc\xa1-@\x1ai\xf9\xb2\x04\
2\x9b_*\x94\xe2\x04\x9e\xef\x822q\xe6\x87\xe0\x05\
.\xed\x869z\xb9\x1cx\xd9\x94b\xa5lM\xc9c\
\x7fj\xbb\x1eJ9Z\x85\xd0\xf9\xbe\xa7._\xde\xb9\
\xd3\xef\x1fyo\xa4\xfd\xd6\xcb_;>\xae\x05y\xbc\
\xd7~+\x1c\x0e\x87?B\x97B!\xafW02U\
]\xea\xab\xd3q62\x8f\xa6\x05\x06G4\xa9\xd8\xcc\
\xe2\x22\x9a\x9a\x1e\x88\xc7\x19{\xcbX\x0f\xeb\xab\x83H\
\xaf\x875\xa6\xef?2\xe0\x9c\x02\xcb_\xac\xb7O\xa1\
\xab\x86\xfd\xa3uUi\x090z&\x19\xd1\xebqI\
Lo/\xb6\x83\xcf\x87\x14\xc0\x08|\xe0zl\xed\xb1\
\xf5\xe7\xb8\xaa.L\x80Mk\xb5p\xcd \x8a\xaa\xaa\
\x81\xb9\xab\x1aRKW\xcd\x5c4X,\xa6\xb9\xfe\x19\
\x1d\xd8AZc\x11,kA\x02\xab\x94@l\x8c\xe7\
\x7f\xe5\x22\x85\xab\xd1\xd9*B\x87V\xc8\xf1L\xa3\x12\
\xb0\xed\xa4\xca\x07\xc0\x05~u\xc2\x9b\x9c\x99\x09%\x1d\
\xa8\xe9\xd6\xad\xd7\xddn\xb7\xdf\xffE}\xd9\xcd\xffA\
o\xd7\xbakjv\xba\xfd\xb7v\x85\x9b\xc2Q!\x19\
\x0d\x85:\x05\xe1\xe2\xd4U}$\xa9g\x0ds\xe8*\
\x1d\x19B\xc8W\x19\x8f!4\xe3\xbca\xb7'}\xea\
\xa1V\x94\x1a\x1d\x1a\xf55\xa4\xaap\xd1O\xcd0j\
\xfb,\xcec\x8d\x8c>y\x03M\x93\x86ke3$\
X\x05\x8e\xd1\xa7R\xbet\xf1\x8c\xd3\x1b\xc0\xef\xeb9\
#g\x87\x10\x00\xe7x\x1c\xb8:\x03\xc7\xd9\x8b\x91\x83\
\xa6\x0dZ\x03\x09\xcc\xb8\xb4\xd6`0\xd49\xd1(\x15\
\xd4\xd2\x86\x0a\xd2\x02\x0c\xa1\x9a\xe9\x8f\xc6\x810\x133\
e\x06\x7fZ\x02\xcbp2%\xe0X\xa5\x97\xe7\x14\x89\
}G[E\xc4>)\x8c\x7fB\x86 \x83\xa1\x9c\xc7\
`\xbd\xd2k\x17\x22B4\x9aDH\x08\x87o\xb9\xdd\
##\xbd_\x94\xb5\xdet\xb7_\xae\x05Ri\xb7\xff\
O\x81\xf0\xaetf\x00\x15\x92\xb9\xfe\x05\x0e\xaaY\xf1\
\xa1X\xcc\xc8t\xc5b\x0d]\xf1\xd4\xd4\x89Xl\xd4\
\x18s:\xc6\x86\x10\x8a/\xa0\x13\x11;\xc3\xe2b\x00\
T|\xd9\x86\xd4DCC\x03\x84\x02\xa9T*\xa2\xbf\
\xd1\x7f\x95\x84\x9a\xaf\xdd\xd8\x82\x9c]\x06\x96\xd1sF\
FOb\xbf\xa7Og\x00\xe4?\xe3[\x90\x83\xbd\x8a\
 F\xe1\xe9\xc3\x13\xaf\xb0\x801hq\xa2!\xb8o\
\x03\xfc1\x8b\x85\xa4\x83\xa6\x07-`\x03\x8074\xf8\
\xe0\xbf\x97\x94\x94\xdc\xf70p4\x89\xc5b\x18\xc1\xb5\
y\x94\xcf\xb7\x8a\xca\xfe\x08cO\xf2t[1W\xf1\
okJ\xd6\xdc\xf7\xdf\x05\xc9i\xc7qo(\x1aM\
655\xdd\x1aq\xbbA\x00\x8e\xef@\x15@\x005\
\xee\x9d\x97/\xbf\x8e\xd3\xe3P\xe84\xea\x9c^\x18\xa7\
\x19\xd6g\x8c\xcf:/\xb0\xbe\xe2x_\xeb[uL\
\xdc\x1e\x8f\xb0\xeaX\xabs\xaca \x1e\x9fF7\xec\
>\x1f\x9bv~P TG\xe2\xb3\xc4\x85\xaat.\
\xcb\x16'#\x11\x9c\xe6r\x90\x14\xd5q\x11{\xb1Q\
o\xe7\xecuU\x95\x95\xc5\x10\xe4W\x1a0\xeb;\xb8\
5-\x8d\x19\xa1\xc9\x81N=Gj\x0d4\xe6\xc3\x05\
7\xc0\x0dLpZ\x8bVK\x83\xd9\x87\x83\x07i\xcc\
\x93Z\x81y\xc24\xd5p\xb5\x9b`\xa8\xc0f\x83g\
\xa0\x12'2\xdfw\x8a\xce\xfd\x1e\xaf\x93c\x17(R\
*\xfe\xa3\xa4dM\xc9^R\x18@\xc7\x05a\xfa\x8c\
7\x1a\x18\x0f\xec\xdd{k\xa7\xdb}\xf9\xb2\x1b>j\
j\xfc\xb5n\xb7{\xa7\xdb\x1d\x08\x87\x9b\x92B\xb4\x1e\
uz\xbd\x9d\x11(t\xdb\xaf\xa2\x13>6\x1e\x99@\
\xf5\xea$\x94\xa9Y\x86i\x18U\xb3P\xf2\x8c5\xc4\
{z\xbaX\x1f\xf3\xcf\x86\x86\xfd*qA\xcf\xe2\x18\
\xd0hg8\xbd\x9e\xe1\xc0\xf6W\x8e\xc5\xb4\x11r\xe0\
\xdc\xa7z&9\x80\x1cj\xa3\x1e\x02=\x0e[9\x08\
p,3'\x16(PzM\x10\xeb\x04\xad\xd5\x1ah\
\xdaBWh\xe9\xa0\x06~\x01?\xe0\x0dh0On\
PS\xa1\x01\x96T3o\x82\xd5\xd9\x92\xbb`nA\
\xacT\xc0(\x95\xad\xf0\xbcS\xf4\xa94\x0d\xf4'\x12\
e@\x0b\x10\x82\xc0\xfbI{2>\xdb'\xf8\x1c\x0e\
!\x84Pg <\xb9\x13\xf8\xb1F\xb01\xf0o\xbd\
|\x19\x02\xc3\xf2\xe8\xde\xb0\xe0pt>\xe1\xf5\xe2\xa8\
Xmd\xd8\x86X\x83/>1\x90JF\xae^\xed\
\x82DI\xdd\x10\x1bc}c\x08\x0dE\x22>\xa6g\
4\x96.\x00\x80\x0bd\x8c]C)\x08s\xed8\xeb\
a\x18\xec\xfb\xf5\x11C\xa5\x9e\xb3kg\x9d'\xf4\x5c\
\xb2\x93\xa8g\xecvN\x0f\xd1\x1dP\xbfCPgZ\
\xe8_\xd4a\xdf\x96>\xbfE\x0bT\xb0\x16S\x16M\
\xe2_cjX\xad`\xb1\x00=*\x10\x03S\xe9/\
\x1aM\x1b\x80#\xfcL\xb9\x02\xf3J\xc8\xa1\x05^\x98\
O\x88>z\x08\xe0\xd4`\x04&\x03@DJJJ\
~\xfd\xdf]\xf1HR\x08\x0a\xcc[\x07\x85-\xc7\x0f\
6\x85\x03\x93##;w\xee\xc4\x1a\xe0\x1e\x19\xbe\xe2\
\xf8\xda\xef\xaey\xfb\xf8d8\x8a\x1c!x\x07 \x02\
\x861\xfa\x1aR\x91\x18B(\xae\x8f\xb5:c\x11h\
~L \xa2\xce\xd750[\x05]\x0c\xfb\x02\xba\xa1\
\x87\x9a\x89\x9e\xbbm\xf2o[;\x8e\x890\xa37n\
\xa4\x18\xfdh\xcb\xa8]o\xd7W\xc6\xa7\xa7\xedIC\
\x15;q\xe6\xc6U\x12b\xdd\xcat\xa6C\x93\xf4\xe0\
\xf4\xa0\x85\xb6\x804\x0c\xb4\xc1`\xd1\x92p\xe6\xc1\xf9\
\x05\xa0\x02\xa6\xd3<\xc9Z\xdab\xc1\xfc\xa0\x16\xe0\x8c\
LK\xa1\x80\xffW\x80\xc7x\x0c\x98\xb0`\xd0\xc5\xe3\
\x11+\xa5\x1b.\x88\xce\xc3\xce\xa8\x0c\x86\xb4\x00^\xfd\
\x815%%\xf7\xed\xed\xf1\xf9\x22\xf6\xa4 \x84B\x1f\
^\xf9\xbc)\xdc\x14\x0e\x84w\x05.\xbbG\xe0\xe2\xfd\
G\x02\xa7\x89\xafk\xdd\xee\xef\x1d\xdf4\x81\x1f\xc0\x02\
\xf0z\xbd\x82}\xb4\xd5\xd9\x17O\xa1V\x22\x9ej9\
\xd1\x1a\x83\xa6Qq\x12\xa1\x06\xd6\x974\xa8\xc1\xf7q\
3\xcey=t\xbf8\xd2\x98\x0e{\xe0\x07\x04\xfe\x0c\
G\xb6\x10\xce!\xd6>\x8f\xe6\xcd\xb8\xae\x07!\x1d\x17\
I\x0a3G\x17y\x92\xd6hqjo\x00\xcfOj\
\x04\x03I\x0b`\xf9A\xdd-@\x10\x1d\x1c8z\xe2\
Ax\xf8$\xad\xc1\x0aa\xb1\x98)\x13\x90\xc6\x995\
f\x8b%-\x83\x825\xa0\x02\x85b\x19\xcc_\xc2n\
\x98\xd2StI\xf4\xa5\xcac\x13\xbb \x1d\x869@\
\xbcb\xcf\xab!t\x89\x08\x827:\xd3:\x15\x8dF\
\xc3\xe1]\xe1]\x97G\xe0\x01\xd4\xee\xfc\xee\x8b\x93\xef\
\xe1\xb7\xf0?#GF\x02\xb8L\x14\x8a\x86\xbc!\xaf\
\x10Gh6\x99B\x88\x98\xa8\xf4\x8dN\x0c4\x80c\
\xe8\x19\x1b\x8a\xfb|\x13q_\x84e\xec\xf1\xba\xb1:\
\xb8\xf7\xd1\xd9\xd9\x9e\xf4\xf5\xe3:>\xd42\x06\xfb&\
^\xfbt\xd4n\xb8\xe1\x9c\xa7\x0d\x95zC1DA\
\xa4@\x92W\xe7\xce\x04\xb9\x81\x81b8\xb9A\x0b\x06\
\xafe\xac\x0a\xac?6tp\xd8 \x1d\xd4\xd2\x03\x8b\
\x0b\x10\x00\x90$\xd6vx\xf6@\x9b\xa9\xc1\x020\x9b\
\x81!\xdab\xa6\xee)))-\xb9\x0b\xcf\xd0\xe3E\
\x12\xb9'\xf7\x0d\xd1\xef\x95\xb9*1\xde\x81\x85\x81\x22\
0\x01%\xea\x1e(k3I\xc1\xeb\x15fg\xa3\xd1\
\xf0\x87\x17\x9bv\x85\xbei\xbf\xfc\xfa\xeb;\xddG\xd0\
i\xa0\x8b\xf3c>mw\xe0\x87:\x19\xc8\xc0\x81R\
l\x9c\x1b\x8b\xc5z\xd8\xaa\x18<{(\xeaF\xb8\xe2\
x\x1d\xd4\x7f\xb1\xb2\xb3\xb8\xd3\x97\x22\xa0\x0dx\xbb\xc3\
\xa9\xb7\xdb9#y\xbd\x7f\x91Jr\x1c\xd72\xd6\x00\
\x11\xbe\x96\xe4\xd2\xe9-\xa85\xd9C\x10-d:\xcb\
\xad 5\xf3\xc4\x87Vp\xfd\xb4E\x0b\xb4\xe8\x82\x01\
\x13b\xf3&\xfa656X<\xfc\x19\xbf\x02x\x04\
\xe64E*\x95_\x8a\x8d\x80\x12F\xceU\x19\x10\x0d\
\xe6\xbe/z\xd2\xa3\x94+\xc5x\xae_\xa9\x92\x95\x94\
\xdc\xbf\xe6\xdfYF\x0d};\xd6\x1e\x8a\x86B\xa1P\
\xb4\xef\xe8\xa5@\xb4\xac>\x108\xed<\xe2>r\xf3\
f\xef\xf1\x9b55\xd8\x13\xec\x0c\x07\x02\xbbn\xeb\xc0\
`\xe7\xa7S)\xbb\xde\x1e\x89\xc7Ycj\x0c\xa11\
\xd0\xfa\x81\x85\xe9\xb8/\xe5D1\x9c\xfdw\xe9Y\xd0\
\xfa\x86\xfaz\xe8\x07\xe0\xbb\x87p\x973j\x17N\xcc\
X\xd2a.\xc7\x19\x04og\xa8S\xe08\xd2\x90$\
IN \xbb\xca@\x00\xe9\xac\x86\xd4\xcd\xa3\xcf\xac4\
D\x7f\xa4E\xa8\x80\xcf$\x99>\xb8\x05\x1b\xbb\xb4\xc1\
\x03z`3\x05\xde\x0f\xf4\x80\x07\xeeX\xb3u3\x5c\
\xefZ\xec\xf4\x95\x1904!\x97\xbf \xda\xe7\x91\xc3\
\xe2?,\xe1H\x95?\x013\xd1\xcc\xf6\xf4\xf4\xb0\xac\
\x91I.\x5c\x15\xbc\xa1\xce\xd0\xf8\x8dO\xc3!\x07\x8a\
F\x8f\x13\xef\x1d922\xf2\x15\xfaGM\x8d\xdb\xef\
\xf6\xbbw\xfe\xee\xf5\xd7\x87;\x9av5E\x9b\x9aB\
\xf5\x8e\xb8\x90\x8c\xc4\xab\xba\x8cLO+\x8a\xa7 \xf1\
\xb3_\xed\x9f\xaaK\xc5S\xa9J8\xfe\x85~\x96\xc3\
\x8d\xdf\xae\x06\xdc\xe8\xe5*+A\x02\xa4\x9e#\x8dj\
.]\xf2\xd3\x1b\xb4\x82\x10\x89'\xa3X\x00\x1c\xb8w\
\x92&\x19\xec\x05\x0ct\x90\x16\xc8\x86X%\xe8\xbf@\
\xee\x9f\xbfV\x05\xba.\xc0[\xd0hn\xdf\xbe\x053\
dS@\x0aK\xc1\xddc\xe2X\xad\xc6l\xa1\xa8\x82\
\x92\x92\xfb\xef_#\xca\x05(Qiz\xff\xe8\xac\xa8\
\x08(\xe7\xd2PZ\xb9\xca\x07\xc0Jl\x89\xf7\xd5\xcf\
\xdbY#w\xb5\xffFR\x00\x1d\x80bhg4\x1c\
\x0e\x04n\xbd}\x13R\xc2#\xe0\x0e\xe1\x0d\xd4\xbaG\
\x86\xc3\xbb@\x09\x9a\xbce(\xd5)Db\x84s,\
\xd2\xf3\x16\x8a\xc7\xf5P\xdc\x98\x9d_\xacG\x03\xf18\
\xb4\xf7\xa1\xee\x1b)\x86\x14\x97\xc3\xc9>\x048\x5c1\
\xa7\xe7\x0c\x86\xcaJ=X\x02\xd2\xc0\xd99\xc1\xebs\
 4\x11\x12\xb48\xd7\x03\xbb\x17L\x87\x80Z\x01\x5c\
\x1d\xad\xb5\xe0\xcf\xf4)\x071Jk,\x96\x0aP\x00\
\x0a\xce\xfe\xa0\xc6\x8c\xb5?\xfd\xf0\x813\xd1\x02\x94\xe1\
\xe6*\xe2\xf8~KPcy\xac\xe4\xfe\x92\x12\x19\x9e\
\xa6\x06v\x15\xa5\x0d\xef\xe0\xe4b\xa3\x80\xf1\xf4\xd6\x96\
\x96\xac)5\xd8\xa7[o\xa8\x19\xa3}z~!)\
x\x85\x10\xbc\xf0hS8\xdc\x14\x0e\x87\x1d\x8e\xa7^\
\xfe\x1b\xfa\x87\xfb\xa4\x1bL\xc0\xc8\xb77o\x05\xc2M\
\xbbv\xedjj\x0aA\xcb\xc4\xeb\x8d9\x9dc\x8cq\
v e\xec\xe9a\x19u<\xd9\x80\xd0\xc4\xc4\x84\x8f\
a\xf4U\xd33Cz\x06\xca\x1b\x9c\xde\x9eV\xf7J\
\x5c\xdc\x02\xd7\x0f\xbf\x06\xc7\xce\x15\xcf\xcf\xa5\x1c\x0e\x07\
\x08\x80\xc6.\x9e&I\xc1B\x93Z\x1c\xf6[\x042\
\xad\xf1\xb4\x85.^X\xa8\xd2\xe0 \x0f\x8ei\xc6\xba\
\x0fG\xb7h\x0a@\xf1)L\x12n\xd1\x14PA\x83\
\xb3\xec\x99`0\x18\xfc\x09@\x85\xc9T\xd8\x03\x88\xe5\
\x22\x00\xbd\x10\xe5\xaar1\xb8\xbe\x1c8\xd8\xd6\x94\x96\
\x96\x94\x16\xf7\xc4'&\x8c\x8c\xbe\x98e#\x91\x88\x10\
\x0aE\x1c(\x19\x85\xf4\xaf)\xd0\xf4\x8f\x8f\xbfq\xa0\
\xfaw\xbes\xbc\xdd[\xe3w_v\xa0\xa7N\xb6\xbf\
\xfc\xf2S\xc3\xb8q\x12\xed\xf4\x0a\xf1\xd9\xd9\xfd\x11-\
\xa9\xb53=\xe9\xc4\xbf\xc7\x1e\x1fBh\x08\x82\x9cx\
+\x02\x15\xb0\xebqZ\x9b\xaee\xe1\xec\x96+.\x86\
(\x0fn\x99\xab\x22\x88\x14\xeaw\xc4;\x05\x92\xa6+\
hZ[\x01.\x8f\xa6\xb5Z\x0b\x8e\xf2\x04\x81\x16\xb0\
\xb6\xd3\xb4\x104\x83\xc3\x07\x0bo\xc1D\xa9\xe6\xf4G\
\xfa+<\x01L\x1f\x1c\x0c\xda\x07\xfa*\x82\xc1 \xef\
\x01(\xadlh\x02\x03\x97+\xa0ib<A\x8c6\
\x8f\xe7\xb2K\xc0L\x16\xab\xd9x\x9ce\x8d\xc6\xaa\x1e\
6nO\xc6\xe3\x0d\x0e$\xc0\x01\x9b\x9a\x02\x81\xc0\xf9\
3\xade'G\xbe%n~\xfb\x85\xfbH\xfb\xdbo\
\xe2\x97\xb0\xf3V\x07\xf4\x8dB\xd1\xcePg\xb23I\
\x0eL4\xd8\xff\xd9\xf1\xb0\xc7\xeb\xca\xd0\x90\xd1h\xb4\
\x8f\x22\x14\x1b\xad\x83\xe6\xad\xa1RH\xdbyCO\x0f\
G\x92\x03eoU\xe2\x94\xde@\x93=\xd7g:g\
f\xa6\xa3\x02I\x07-\x168\xb6Ehh\xa9\x84;\
\xd7B\x81\x07~\xa1\x810\x97\xc6\xaa\x00*\x00w\x1f\
\xb4\xfc \x00\x8d\x99*(\x00\xd6\xf0\xa0\x06SG\xf3\
\xbc\x05\xe8#\x83A\x0dU\x0dhyw\xc1F#l\
/@\x12\x08\xe8\xee\x1eXt\x91\xc3L\xb0\x0a\xce_\
\x02\x16\x90\xedaa\x04\x8aM\x0d\xa5\x1ch \x96\x8a\
F\xa3\xd0\x1a\x0b\x87\xa3\x0e\xc7\xc7\xdf\x8f\xb8\xfd\xed\xdf\
\x94\xa1\xf6\xb2+5\xfe\xf6v\x88\x09\x9e\x1a\x0ex\x93\
87\x12\xb8\x94\x90<\x81\x06\x0c\xe90\x8f\xf1uN\
@\x92\x88\xdbz\xcc\xd5\xe9E4\x07\xa6\x8f\xabZ|\
\xa3\x07\x8a\xf8\xa3\x0e\xe2\x94\xc12\xd0\xfa\xd6~\x8e&\
+\xb5\x06-W\x11\x0cz\xa1\xff$p8\xf4\xadx\
PC[N8\xc6\x83`\xe8,Al\xfc\xf1\xfd[\
\x04K\x90\xb6h(\x1c\xf1\x82\x11\xc0\xee\x1e\x0b@c\
\xa2\xcc\xb4\x89\xb2h \x16\xa2\xa8\x02\xa0O6S\x14\
O\xe5\x97\x96\xde_\xfa\x1fR9\x9e\xfe\x97\xca\x15\x1e\
 X\x10\xc1\xb6\x13\xcc\xd0HU\xb9\xa5\xa5\xa5%k\
\xd4L\xba\xd9\xa1f}\x91i\xc7\x09\x84\xe2\x08\x85\xd2\
\x12\xf8\xf8\x9dq\x87\xe3\x8b\xb7o\xba\x8f\xd4\xbf}\xf3\
\xe6It\xba\xd6\xfd\xb6\xe3\xdb^\x7f\xcdN\xf7\x9fO\
;\x06A\x02I\x87c\xd4;wa\x80\x83\xc6&\x19\
\x19\x8a9\x1c\xb3\xc8\xd1`\x87Z\x16'd\xcd\xb5\xce\
\xd1\xfb{**[\x9c\xce\x18<\xfe\x14\x94\xee,\xcc\
l\x1f\x04\xba\x90\xdcBv\x17\x14\x04A\x80\xb0F\x8b\
m\xba\xc5<\xe5\xec\x0bZh\xed\xe0@%\xad\xd5\x16\
Wh\xa0\xc0\x81\xa5\xa0I[\x7f\x0d\x0ev5\x98*\
[\x03\x875\x055B\xdc\x8b\x99\xb35\x94Is[\
\x0c\xd4\xf6\xd2\xfb\xef/y\x00/o\x8a\xa4x\xf6[\
\x8c\xf7S0\xeb0\x84\x82 \x80\x12\xb5\x1d\xfa\x99$\
gd\xe3\xf1\x194\x95\x8a\xa5\x10JF\xa3\xa0\xe3\xe7\
\xd0x\xd3\x8b_8\xde\xde\xf9\x15z\xdb\xdf{\xc4\xfd\
\xac\xdf\xff\xdd\x95/\xca\xfd\xb5~\xf7\xe4q\x07\x88(\
\x9a$P\x03\x8c\x91h\xedz\x96\xe9\x9bu\xa2\x83h\
\xda\x89\xaa\xec0\xb5\xa1\xd7\x1b\xe2)\xdf\xfeseI\
\xfd\xa9\x85\x851\x8e\xe3\xb4U\xac\xbdR\x10\x0c\x82\x05\
\x177p\xb0C\xd3A\xb8h\x9a\xa4\x0d\x90\xe4\xc1\x01\
\xbbF\xf7k-\x9a\x16\x88\x87\x82\xd3\xc4\x05\x1a\x1f\x1a\
\x87=p\x5c\x0d\xbc\x83\xe0\x0f\x5c\xe1\xc0\x97j6Y\
\x84k\xadg\xac8\x16\xc0b\xa0\x0a@\x1b\xb6\x97\x96\
\xfeW\xe9\x03\xe9u$\x98\x84P\xa67\x1fr\x15\x10\
\x0cIE\x8a\xd5\xa5\xa5\xa5\xf7\xff\xba\x0aJs\x033\
}\x9c\xb1e\xa8!\x96\x8a\xeb\x99\x14\x1b\xf2FC\xa1\
\xb0\xb7o&\xda\xf4\xde\xd7\x1f|1\xd2~\xf2\x88\xbb\
\xb7\xd7\xef\xf7\xf7\xd6\xec\xf4\xf7\xfa\xfd5\xdf} \x84\
\xd2v\xa2S\x88v&\x1b\xe2\xc9\x94\x8fK\xc2\xde\xcd\
P,\x96\x8a%\xed\x1c\x89\xe3\x1c\xad\xde^W\xe6\x9c\
\x10\x0cG\x9d\x834\x07\xf5|\x08\xf19\x8e\xd4VU\
hqa\x9f6\xc0\xf5\xc2\xfb&i\x01\x8e\x06\xda.\
XHK\xc5(\x22N\xd1\xc1\xe9\xd6K\xa4\xfaAM\
Z\xf1\xf1\xad\xa7\xc5a\x06\x95O[=S\x01\x1f\xb4\
\xce\x95\xf5-7\xf1`\x081\x8f|\x81\xc9d\x96\xac\
/---}\x00\xf6\x0d\xf1N9f\x9f\x87ef\
\xd8\x88\x86T\xc8\x03\xa8\xba\xbf\xaeb\xf5jn\xba\xff\
\x06\xe45\xd0\xcfT\xb3vA\xf0\xc2p\x88#\x1c\x8e\
\x86\xdb\xdb\xdf;92\xe2\xef\xf5\xe3\xdc\xd8\xdd\x0b\xee\
\xd0\xef\xaeo\x05?\xd1\xd4\x14\xc6=\xf4YT6\xd7\
z\x95\x9e(\x9bJ\xa5&\x16\x9d\xd79=\xa37@\
]\x1f~T\xcd\xcc\xc4\xa7g\xfb\xd1 \x84y\x06\x0e\
2<\x83\x81\x1e%Pq\xba\xa7g\xa8\xa8\x80\xe3k\
+,\xb7\xed>\xe8\xbaV\xd0\x06\xb3\xf4\xc5fR\x13\
\x19\x1c\xff\x0c\xcd\x99\xd2\x9a\x8f\xb3\xbdt\xe0\x9b~\x01\
\xf8\xc0\x94\x99\x0a\xf2[\x92\x02\x85\xdd#\x8e\x82\xb1\x8b\
4\xdf\x16\xc0\xed\xe5V\x9b\x1c\xafr\x03\x09\x12^[\
\x14\x89T\xa5\x8f\x94\xde\x7f\x9f\x1a\x1e\xc0\xd5\xa9\xfe\x99\
\x19'\xaa\x03_\xde\xc3\xda\x85d\xdc+\x94\xa1'\xc2\
\xd1\xf0\xc9\x93\xed\x7f\xaf\xff\xbe\xc6\xef\xaf\xc5\xd1Py\
\xed\xad[\xb7^\xbc\xf5\xf1\xe7\xe1\x00$\x8d\xe1\xa6p\
S\xb4i\x1c\x1d\xbf\x86>\xea\x1c\x18L.\xf6/\xce\
9\x17I;.k@Q\xd3\xceTj\x85\x01\xe7\xd1\
\xd1\xa1g\xb4\x9c]\xd0\xfc\xd0\xc9\xac#\x88*\x5c\xe5\
&\x85 \xaec\xc3\xe15\x96\x0ap\x05\xb4%h\xa1\
+\x06g\x8d\xb4\x96\xd4\xd0\x02?\xe3\xbcq\xe7\xed\x97\
\x8f\xbd\x9d%\x1d\x09\x80\x19\xd4\x98\xcd&\xd0z^w\
\x89\x18\xb4R\x14\xd8\xc6t8L\x99\xcd\xd6\x9f\xee\xb8\
\xbf\xb4\xf4\x01)p_J\xa5r\xb1G.\x17\x03\xa5\
\xb5\xc8&V(m2\xa9\xa8\xa8\xf4\xbfv\xfc\xd7}\
F&\xde9?\x97\x9a\xea\x9f\x89\xa5\xba\xa0\x03\x0c\x12\
I\x959BI{\xda\x16\x06\xbez\xe7\xed\xf7pj\
\xec\xbe\xfc\xfa\x7f\xfa\xf7\x06\xf6\xee\x0d\x0c\xef\x0d\x07\x9a\
\xfa\xce\x07\xf0\x1c\x85\xd7\x97\xb2\x0al\xc5\xb4\xf3\x86\xf0\
\xe1\xf1\x85\xb1X,^i\xe7\xd2\x02 \x85\x99\xf9\xab\
\x9d\xb3eG+hR+\xd8\x17\x16\xb4\x16\xda@\xd2\
Z\xd2\x18\x1cx\xb0\x82\xd6j\xe9\xaa\xab\xd3j\xda\x22\
h5\x15\xb4\x16\xf4\x1fg|\xb4\x85\xacs\x12\xfa\xf4\
\xad\x0b\xda\x89\x09kPc\xb1\xc0e\xe3O\x1a*\x1d\
\x07h4&\x9d\x89J\xab\xc2T\xd9\xa0\xd5\x9cN\x88\
5\x14\x0f\xa21\xf1?\xc5\x1a\x90a\x03\x8e)X\xa9\
\xc0\xa0\xaa\x22\x99T.\x06\xaaK\x85\xa2h\xc7#;\
J\x7f\xadf\xe3\xb3\xfd\x17\xe2\x8b\x97\x06\x998\xab7\
V\xb5T1\xbe\xd1\x18B\xbc7\x14\xc2\xb60\xf0\xf2\
\xc9w\xcbn\xe2X\xf8{\xe2\xdb\xde?\xfdn\xe7\xeb\
/\x07\xc2\x81\xc0\x19\xf4<\x9e$i*s\xf4A\x89\
`\xf6\xc4\x1bl\xcag\x8f\x0f9P\x9d\x9d\xe4*9\
\x86\xe5\x0c\xe4\x8d\xfe\x05!\xee\x8bC=K\x98\xedw\
.2\x02\x04|\x96 \x0f\x8e\x8e&\x93-N\xe7\x18\
\xfcJS\x91V~x\xea\xc5>\x8e\xdc_V\x1f\xa1\
+*\xe0[\x14\xcf\x07\xd3\xe5\x0e*}r\xb8x\x9e\
\xcf\x81\xb0}\xcb\x96\x1c\x8a\xe25\x94Ik\xa0\xcci\
\x83\xa0\xe1!-\xe4y+\xff\xe3\x1d\x8f\x94\x96\xae\x82\
\xcd'\xbc\x95*O/=\xca\x94*\x15\x00\xa6\xa8\xa4\
E\xa5\xa5\xa5\x8f\x94\x80\xc2/\xcc\xcc\xb6.&\xa1\xa8\
\x15\x99\x22\xc6\xedC\xc81\xd1)\x08^p\xd0\xd1p\
\xe0\x9b\x97o\x127\x8f\x5cv\xbbk\xdfF\xff\xd3\xdb\
\xdb[\xe3~\x19\xc6\x88\xce\x9f\xf8<\x1c\x0e\xefj\x8a\
\xd6\xa3\xc1\xce\xceNh\x9c\xa1\xa3\xbeJn\x14\xa1Q\
0t\xeas\x84\x9a\xa3\xaf.\x8c'q6K\x93\x1a\
\xa1\xdf\x89\xe2A\x88uH|\xd6\x8a\xa0\x96<u\xfc\
x\x9dE\x03\xf5=({\xc1\xdb\xa6%\x0b\xad7r\
\xe8g\x8a\x83\xe3\xc49\xd0\x89 h\xbf\x19?|\xd0\
\xf0\xb4\xf1\xe3\xb7D\x07\x07\x07\x07\x9f\x88\x86x\xb0\x01\
\x1a\xca\xba\x1c\x17\x04L&J\xc3\x9b\x0a(\x8a\xe2\xad\
?\xde\xb1\x03\x9e\x00\xe0\xc9a7\x00\x5c\x9bR<\x13\
\x80W\xb6D\xe0\x06KK\xf4\xd3\xb3]\xb1\xf8\xb4s\
\xde\xce\xb2\x8c\xb1\xf8\x84s\xba!\x86P<\x9e\x14\x84\
\xce\x10\x0e\x07\xc2\xe1\xce\x86h8\xf0\xdeH\xef\xc8\x11\
\xff\x91\xef\xbe-\xaf\xf5\xbb\xddO\x05\xc2`\x04v\xed\
j\xf2\x86\xbc\xb7+\x04\x02\x22\x9e\xe18\xfbh\x9d\xd6\
.h\xf5\xa7\x10\xe1\x83X\x8f&\xe3\x11\x1c\xdc\x93\xe4\
T+J\x06!\xbc\xa3\xb5\x1a\x1a\x07zAK\x84\xb5\
h* \xdaK\xdb?\x8b\x86\xe6\x17\x9c7$\x16\x8a\
\xca\x19wN\x09\xf8Qh\x82f*m\x04\xe1\xfe\xe1\
\xb39'\xf4\xc4\xc0\xe0\xe0\xc0\xe0\x13Q\xaf\xc5\x12\xd4\
P&\x9d\xc4Ra\xd6\x98\xac\xa0\x05&\x8a2\xf3&\
\xfe\xe7;JK\x1f\xf9\x99\x12 \xb5\xe4rYz\xf5\
4!\x95\xa5\x97\xe2D\x0aQ\xd1\x8e\xd2\x1d\xa5\xbf\x9e\
\xed?\x17s:S\x13\x13l\x8f\x9a1\xfaR\xf1N\
\xe2h\xbc\xa1!n\x17:\xa37\xae\x83\x15\x88\x86\xaf\
8\x9e\x0b\x07&'_\xf6\xbb\xfd_\x97\xbd]SS\
S\xe3\xfef\x18\xac ~\x09\xef\x80/\x08\xbd\xf6\xbc\
\x90\x9c\x9d5\xd8\xb9\x08c\xe7\x8a\xa7\xa7+9ab\
?Grvr\xd6yB I\xad\xe5NI\xdft\
\x9f\x16n_\x83\x83[0|$m&\xe1\xfc\x96\x0a\
\xcd\xed\xf3\x07-\x96\xca\xba\xfd\x96 \x15\x0c\xea'\x06\
p\xa5\x17z]\xd8\x06@\xbc\x9b\xce\x81\xa8%\xd1\xf1\
)\xe4@\x8e\xe8\xa07\x08\xd5\x00J\xc3\x7frtp\
\xfc\xc4k\xcb\x83\x94\xc9T`2\x9bM\xc1\xf5;\x1e\
y\xa4\xf4?\x94\x1e@\xdc\xb0\xe1\x9d\x90\x8c\xf4\x22\xaf\
\x12s/\x8aT\xc0\xbfP2{\xee\xf9\x98\x13\xe6\x18\
\xec\xc9J(\xec2]\x04J\xc5\x8dP%\x1ch}\
\xab3$\x08M\xd1\xe3\xe8L\xb8)0|\xd2\xdd\xdb\
{\xe4\xe6\xb7\xb55\xb55\xee[\x93\x93\x93\x93\x81@\
 \xfc\x22\xfa$\x1c\x8e6\x09\x0eG\xb23\xd4i'\
\x93u-\xa3\x1c\x83\x9c\xcf\xd89R\xcb\x91\x86J\xed\
8q\x82\x0aj\xe8\xfd\xf3\x8b\xc7t\x826}\xd1\xe6\
\xba:\x8d\x99\xb6h[F\x0b\xcc\xe6\x8a\x0a\x5c\xd6\xc6\
?\xa8 \x8er\xc0\xd1S\x1a\x9e\xd2\x05\x83\x94WB\
A\xb9\x07[{K\x10l\xa0\x86\xd2\xe4<1\xfe|\
\xab\xa3\xb5lp0\x04A\x91)\xa8\x91\x5c ^\xec\
\xeb\x9fZn\x0e\xf2\x1a\x13e\xe2M\xd6\xf5`\xe4\x1e\
\xc0\xb9\x1f\xde\xef\xc6\x83\xb1b\x9bX\x05\xf3\xe4\x1eQ\
\xae\x07\x08&J\xbb\x1az\xd4\xb0\x0c\x10\x99\x9d\x99\xb6\
CQ#uuzn.e\x1f\x9d{?>\xb3 \
\x08\x0e4\x1e\xf5\x0a\xd1\xbf\xa0\xafw>\x0b\xb1@y\
oyM\xba<P\xf3l`xx8\xdc\x94N\x1d\
?\xba\xde\x89\x1bg\xc19\xb4\xa8!/\x1c|&\x99\
\xb4\xdb!\xe1\xad\xba8\xd3\xf2`\xdf\xb4\x06\x08\xaa\x84\
tQ\xd7\xa2\xads8\x8a\x05\x9a\xaer:Oi \
\xd2\xd3<\x98.\xe7\x80!\xd3\x04!\xd8\x09j4\xc1\
gN\x5c3z\x07\x17\xdf7\x07\xd3\xa1o\x10\x82\x9c\
 \xc5k\xcc\xc1-M\xe3\xd7Z[[\xeb\x07\x06C\
\x1a\x8d\xd9J\x9d\xbap\x8e\x1fx49\xf3\x19\xa5)\
\xc0\xc1\xa1I\x97\xb3\xfe\x91\xd2\x1d\xa5\xab\xa4\xb0\x05\xa7\
R\x00\xf5\xa8\x5c\x09\xac\xdc\xe2\x15\x221\x94\x03\xe4i\
\x01\xc0\xc4\x22\xab\x8e\xb3\xfa\x99\xfey\x03T\x86\x22\xf1\
1\xd4:\xc6\x0e9\x1d\xa9\xe0|\xfd4B\xe3\xe0\xeb\
\xce\xa1\xaf~\xb7s'\xd4I\xf1\xe1!*\xa8yv\
x\x18\xac!\xe8\xc1\xc5\x8b\xe1p:;\xe2\x17\xd1b\
\x81PY\xa9\xe5\x0cZ\x03G\xb7\xb4\xb4\x10\xce\x96g\
\x08b\x7fd\xee\x8d\xfd\xe6\x0a\xda\xab\x03\x01\xb4\x10\x84\
\xda\xd2R\xe7s:\x8f-\x9c\xbb~gP\xf3Cn\
\x87\x15<\x1d\xe6\x07-uN\xd4\x93\xb3\xa5\xb5\xfe\xd1\
t\x10\xc0SA\x93\x05\xac\x80Y\xa3\xd9\x12\x1d\xbf\xd6\
\x7f\xf4\xe8\xf1h8JiL\xa6\xe0)\xa7\xb3e\x8b\
5\x98\xc3\x07-u\xcf\xe8\xccf\x93Yg]\xff\xc8\
\x8e\xd2\x1dkExWW\x81\x9dA.\xac-\xdaD\
xxN\xa1\xf4t\xfff\xc7\x8e\xfb{|l\xbc\x8a\
5\xfa*\xa7\xe7g\xa0\x96k\xd4\x1b\xeb\x16\x17\x1b\xe2\
\x0dS\xd7|\x9a)\xe7U\x1f$\x06M\xe1\x90p\xfa\
\xf8I\xe8\x13\xba\xfd\xb5\xfe\xcb\xed8*\xaay\xf9V\
=:s+<\x1c\x18\xef?\x9d\x9e\xaa\x8b\x86\xbc\xfb\
S\xa7\xa0\x89\xa1\xd5\xdbiR[G8\x93\xd7\xa6z\
\x8a/\x5c\xa8X\xee\xe5\x83\xb4\xe5\x99\xebs\xe0\x06h\
u\xc3\xf2.\x82xf\xac\xee\xd1\x85\xfe\xf9\x95\x12\xb8\
p\x88b\xcd\x05\xe9\xb2.X\xbb\xa0\xe5\xd4\xfb\x1f\x1a\
\xbcK\xae\xbf\xa6+\xd0@~[w\xee`\x95&h\
\xe6)\xca\x1c\xe4\xa3\xe33\x8b\x8b\x8b\x1fF\xa3[(\
\x8a\xe75U\x1f~\xf8\xa0$h\xd2P\xd6A\x82x\
\x10\x92A\x9d5\x7f\xc7\x8eGv\xac\x05\xc0\x0a\x9c\x0c\
\x00j\x83H!\x96\x01\x09\x18\xd0l(T\xdd\xdd\xdd\
\xa5%\xea\xd4\xd8h\x5c=4\x84\xa7wq\xf1\xb6\x98\
eR\xbe\x94>\xc26LtN$\x85d_\x18,\
a\x14\xa1\xbf]v\xd7\xf8w\xba\xfd\xeew\x1c_\xd7\
\xfa\xcbkj\x9f\xddz\xba\xec\xefh*\x10\x08\xcc\x83\
K\x0c\x85\xc2\xd1PH\x9f:\x85GW\xecdW\xc3\
\xfeSN\xa2*)\x08\xc1\xce\xe0\x12\xea\xc1\x82`\x90\
*F\xe8\x14m\xb1@\xbd\x82q:O\x09\x1a\xdd\xe0\
\xecx\xd6\xed\xec\xcel\x86\x5c\xcel2\xe1p\x96\x0a\
\x9a\x1f\x0d\xf2\x94\x97\x87WM\x055\xc1:\x07\x1a\x0d\
\xf2\x94\x86\xe2\xa9 \xb5%\x1a\x1e\x1f\x0f\x0fFC^\
\xcad\x95P\xc1%^\x09\xf8>\xde:H\x94\x1d\xa3\
\x80M\xde\xba~\xc7\x8eGJ\x1fHW\x82\xf0T\x88\
J,R\xa9lRL\xb8\xa9\x90+\x8bv\xec\xe8\xde\
Q\xca\xcd\xa3\xb9dK\xbfs\xac'\x99LW5\xe2\
\xf1d\x9cp\xb6\xc4c\x88\x88\xc5\x05\xefU\xc7'\xd1\
h\xb8)t\xa6/\x1c\x08\xf8k\xc0\x0c\xbc]v\x04\
\x5c\xe1H\xd9\xf75\xfe\xaf\xea\xbfO?\x83\xc0B\xeb\
\x1b\xe1ht\xd7\xfb\xc4\xbc\x80\xcb]\x0d\xe0\xf5\x9fi\
\xa9\xb0\xfco\xbe\xf7\xf8\xf6\xdd\xd7\x8f\x7f\x98\xff\xf8\xe1\
\xca\xb9\xeb\x15f\x0b6d\xe4\xa9\x16s\x81\x99\xd2\xe4\
\xf0\xd4\xed\x1c\x872\x9b\x0b(\xcal*H\x0b\x03\xc7\
sA\x93)H\xe1\x90_\xb3\x7faA\xaf\xd1\x04y\
H\xf6x*\x14\x1d\x8c\x86B^\x9e2A\xe4\xb7\x1c\
\xbe\xf0f\x13\xc5k{4:\x10\x00\xaf\xc3F\xf0?\
\xa4\x808\x02\xe9\xbf\x5c\xaeT\x01&6\x80\xf1x\xc0\
2\x16\xc1\x13(\xb5\xcf;\xe7\xecC\xadh49s\
\x15O\xb21\x91S\xb3\xd3\x04q\x8ai\x81b\x7f\xdc\
<3\xf5F4\x84\x0d]xW\xc7\x91\x1a?\xb4\x0d\
/\xfbkj\xdd5\xed\xe8\xfb^\xbf\xfb\xd6d\xfa\xfc\
\xc3\xef\xa3\xcf\x03\xe1\xa6\xe4%4\xa5\xa3IR\xbb\xbf\
\xb2\x9e\x98\xe0\xf9\xcd\xdb\xf3\xd7\x01\xbcC\xe1u\xe7\xa1\
\x87\xe4\x1e\xa5\xa7\xf9\xcb\xc7%\x14\xa5\x83\xcaN\x10\x1b\
\xfbtR\x0b\xf6\xcd\x0cG\xa3L\xa6t\x9egN\xa7\
\xf79\x87u8\x03\xb6\x98\xcdw\xe6Xx\x8d%\x98\
\xb5R\xc7\xf3\x14\xc5{\xbd\xc1 e\x0aZ)\x93\xe9\
\xd1\xe5T\x01o2\xf1\x1a\x93\x89\xcf\xca2Q\x12\x89\
Ib\xcd\xef\xde\xd1\xbdcU\xae\x07\xd3>fB)\
L\x06\xab\xf7x\x19\xde#W\xa8\x8a\xe0\xf7K\x99\xd1\
\xb1:\xb6xl\xcc\x08\x13\xeel\x84aY\xfd\x18\x81\
b\xa3\x1c\x13iH\xc1&D\xb2S\xe8\x14\x84\xbe\x0f\
\xa7\xd0L\xf4\xf0\xab'\xff\xf6\x97\xb7/\xe3\xc4\xc0\xef\
\x1ei?R\x8e\xd3\xc3\x9a\xc9@\x00F\xccw\x85;\
v\x11Dl\x7f\x90\xb4\x04\xc7\x0f~\xaa\xae\x92lP\
eg\xca\xf2\xc4b\xb9T\x9e\x084\x8b\xc4\xae\xe6\xdc\
\xc2W_\xcdn\xde\xbe\xd4\xc4\xc3\xadCA\x0f\xe7\xef\
\xf8\xf1Sf\xddr]\x81\xc4\x84]\xa0\x06\xea;f\
\x8b\xa4o\xe6\x89\xe5A\x0bm\xa1\x82\xd8\x19P\x9a\xfd\
\xf3\xf3\xc5  >h\xe6y\xca\xa4\xe1uK?\x9a\
\xff\x0cNm6S\xbc\x95\xa2$&\xb3\x04\xd8\xe4\xf3\
\xbbw<\xf2\xc8*\xa5G\xee\x91+2W(\xa4\xc0\
:\x0b\x0b\xe9\x80\x87\x02k\x12E{~\xb3\xe7\x91R\
\xa3\x9ea\xd5zu\x9c\x1b\x98\xbaa4\x8e9\x1f\xf8\
\xe2\x00\x00 \x00IDAT60l\xbc\xcayc\
4\xceD\x22\xe9)^_\xdfD\x1c\xd5;\x1c\xd3\xf3\
\x9f\x95\xa13\x93/9\x1c\x7f\xfe\xe6\xa9\xa7^~\xea\
\xe4\x11\xff\x91\xdeZ(\x0f\xf8k&\x87\x87\x030\x5c\
\x1c\xd8\x15v\x224$h\x82\xc1\xbe\xa3\xd76\xdf\xf9\
SY^^fF\xa6H\xb6\xef\xf8\xf1\x87\x1aU\x0f\
\xd9\x14*\xd1s\xef~\xb5L!\xda\xbd~\xb3\x0e\x12\
;s:\x8aI\xd76\xe1\xc2\xc1\x02\xfcP\xe5\x86\xfa\
\x8f\xe4z\xff\xe2r\xcd\xfe\xfd8\xd3\x81P\x9f\xaa#\
P\x1d\x98\x0c\x1e\xceK\xf1\xbc\xc9\xbay\xae\x7f\xf1\xb0\
\x09\xf82!\x07\xa0$\x1a\xb3\xf5\x07\x01\x94>\x00P\
g\x0a\x0c\xbb\x04mq\xc0\xea\x01\xf2u\x80\xfc\xf0\xec\
\xe9\xee\xee\xdeQ\x85\x87\x7f\xd5L$\xc9\xfa\xe2-\x0e\
b\x88mX\x5c\x1c\xc5\xf3\x7f\xd02JB\xfb/\xe5\
\x98*\xbb\x12\x0aw \x14\x9e\xfc\xe6\xcd7\x87''\
\x03\xb7\x0e\xa1\xd35\xee\x11(\x93\xd4\xfak\x9e:\x09\
v\x00R\xe4@\x04\xa1*\xde\x9b\xb5\xf9\x89\xf7\xc7?\
$>\xbfW!*\x84y\xc5\x9f\x12\xc4\x93\xfb\xf6\x01\
\x01A\xe1\xa7\xfd\x1fg&l\x9f\x1f\x0cT\x1fN\x17\
t5fJc2\x9b\xcc\xd8\x09\x14\x98\xd3\x1d\x0e\x0a\
\x0c\x03\xb8D\xdd\xc2\xb5\x8bY\x86z\x87\x90\x85\xdf\x8a\
\xd9L\x15\xcf\xbda,\xb0R\xe6\x82\x02\xcad\x92X\
\xad|\xd6\x9d3\x8bg\x80\x06\x96\xa7L<\xc5[\xad\
V\x9e\xe7M\x12\xbe\xba\xbb\xfb\x91\x1d\xab0\xb2\xacJ\
\x04\x1b\xe2\xb8\x14,\x96c\xb4<\xa5T\xae\xda\xd3\xdd\
\xbd\xe3~5\xa3\x87\x09w\x1f(?;\x86PWd\
\x94@1\x18V\x82\x85\xa6\x9e\xc5\xb9\xf8\x89\x83\x0bs\
\x03\xdeP\xb4)\xda\x19j\x0a\x84\x87''\xbf\xfa\xf4\
\xd0\xe4\x07\x8e+_\xb5\xf7\xd6\xfa\xfd\xb5\xbd0H3\
|\xdb\x12\x86\x03^!\xb4y{\x87'S\xb1\xfa\x05\
\xe7\x9b\xcb\x00\xf1@\x96\x91\xb8\xe3\xd5W\x0e\xa1O\xef\
I\xe4\x89]\xff\xfd\xc2K/\xbe\x92w\xa9\xf5|v\
\xa6g=(\x00\xbcnHb\xe0\x865&3o\xe6\
\xa1\xc9\x95Ns)\xaa\xc0\x124Q\x15\x04\xd1\xa9\x93\
X)p\xf9\x14\xef\xcdY.\x91\x80\xaePf\x1e3\
\xa5/\xb7\xe6\xf0<\xcf[%\xbc\x04\xbeJ$\x12\xf8\
)\x01\x1b\xf0\xc8&\xd8\x86\x06?\x08xNR\x91\xd8\
&\xb7\x01\xb1\x00p\xac\x14\xed\xd9\xb3\xa7\xbbt\xb4!\
U\xc9\xb2LC\xaa!2:T7\x11\x8f\xc5\xe2\xd7\
o\xa4\xa0\x9ba4\xaa\xed)\xe4\x8cE\x92\xf3\xfd3\
\x90\x18\xe1~I \x10\x98|\xb7\xff\xcd\xe1\xc9\x17O\
\xf7\x7f{\x04\xce^^^SS{\xeb\xa9\xa7n\xdd\
\x02!\xec\xda\xd5Q\xfdo\x07\xda\xda\xeey\x85 :\
\x86a\x1e]\x96\x90e\xc8\xda\x96\xbd\x8bn\xe4\x89\xc4\
2q\xe1\xf9\xed\xad\xc4\x1d\xaf\xbc\xf0\xe2\xc5\xb3\x8d\xb2\
\xea\xc3P\xe6\x01;\x80\x8d86|\x94\x06\x82a\x9c\
\xe2ip\x94\xa7\xe3\x0bL\x9d\xc7(\x9d\xd5\x04\x020\
Q\x14o\xb2\xf2V^\x22\xa1$:k\x96\xc4d\x95\
\xe8\x82\xc1;)\xcaj\xa6L\x12\x1dE\xc1\xe1y+\
\x9f\xb3\x1e\xe8\x04W\x01\x1eO\x06\xcc\x06c\x9a=\xc0\
a\xc1@e\x22\x91j\xf5\x1eP\x81i\xe7Q(\x81\
\xdcp.\x08\xf3h\x01:;\xa3\xc9$L(r\x8c\
\xb1.\xe6{m\xbe!\x9e\xbc\xfa\xd1`\xa7\x00=\xa3\
p\x14\xdb\xfb\x17\xde\x9d\xe9\x0b\x04n\xfe\xe3\xdb\x11\xf7\
\x91\xe3\x7f)//\xaf)\xaf\xad\xad\xf5\xfbo\x05\x86\
\xc3\xa7\x89\xe7\xda\x1a_\xfa\xea\xd5{\xce\x10\xc7s\xb3\
]\xe2\x0c\xd5\xde\xe6\x0cEB\xf4\xd0CO\xe4\xb7\x89\
\x13.\xd7=\x81\x0e\x071~\xbe\xed\xcd\xfe7<\xd9\
\xf2u\xd5&\x8d\xc6\x04\xf6\x8f\x87\xbc\x9e\x07\xb3f^\
\xde5\xaa\xc1V\xc0T@\x99u:\xcaj\xb2J\x82\
\xbcI\x02\xa7\xe3\xcdf\x13\xcfC\xa8\xcfKx\x93D\
\xa7\x93XM\x12^\xb7\xbf\xae@\xa7\xe3u\xbc\xc4\xaa\
\x93@\x10 1\xe5dUww\xfff\xc7*p\x01\
\x80\xdc\xa2\x14yr\xe5\xa24v\x11\x1e\x9aP\x15\x01\
%g\xf74q\x14\x9a\xb8p\xf8)\xe7L2\x8e\x9c\
-xMI\xaf\x8f\xd0s\xc4\x9c\xb0\x9f\xe3\x22I2\
\x09\xa5\xebP(\xee(\x83v\xc9p\xa0\x0c5\x9d\x0f\
\xb7\x7fW\xf6\xdd\x11\xe2\xfb\xf2\xda\xf2\xf2\xda\xf2\xda\xda\
\x9a\xda[\xc3\xc3\xe1\xe3\xe8\x85a\xcf\xe9\xa3\x17\xf3\xaa\
\x9b\x9b\x1f\xca\xcc\xf4\xd8\xaa\x09\xe7>\x85,q\xcf\xbb\
\xe8\xcdeb\xb1\xab\xf0\x9a\xf3\xf3\x87v9\x0e&\xde\
\xb8\xf0n\xf6\x06\xa7s_\xb3\x84\x86\x22v\x01e\xe6\
yh\xecj\x0a\xf8\x16\x98\x80\xc3R\x81\xd2\xbfI'\
\x81\x0c\xc0\xaa\xb3\xea$V\x9e\xc2\xa9\xbe\xc4\xc4K$\
\x98\xfb\xd9Z\xa0\xb3Z)\xfe\x84cv\xb9iy\x10\
l\x22\x96\x81)K\x92S\x8d5\x00\x80\xdc\x00w\x0e\
HU\xf0t\x18T\xc4m\x89\x84\x08\x22\xc1\xdf\xfc\xa6\
\xb4!6\x04S*-cu\xfa\xd1X\x1d\xc7\xc6R\
\xb0\x99\x0b\xbbj\xd7\xe7\xe6\x9c\x0bB\xa4!\x05+?\
v!\xd5\xe0\xf56 \x14\x0d\x83\xc7\xab?\xdd\x14\x08\
\xb4\xdf,\xbb\xd9{\xa4\xb7\xb6\xbc\x1c\x14\xa0\xb6\xbc\xf6\
\xcf\x90 \xbe\x18nl|\xf7\xfd\x17\xb3\x1b\x1b]\x99\
+T\x0f\x15\x16\x95\xd5\xdf!\xcbs\xfd\xf2z\xd9\xbb\
\xcb\x5c\x09W\xe15\xe2\xf9}\xcd\x9f\xbc\x9d\xa7\xba\xe3\
\x0e\xcf\xffK\x10O\xba<\x87u&\x1d\xae\xf5\xf3\x14\
vl\xc1\x16\x84\xeatA\xb8l\xf0\x8cV\xd0}p\
\xf2\x94\x89'\xcf\x9d8\x86\xdb\x1f:+\xc5K\xac\x98\
\x17^'\xb1J\x1e=\x81f\xb7\x9c\xb9\xb6\xb8\x84\x92\
H\xb0\xa0\x80Co\x1dP\x8e>\xa0\x04\x8cd\x91B\
\xe4RHE.\x91\x02\xb0\xc72\x94R\xc0\x87^\x8d\
\x05\xc0\xa9\xf5v\x18\xde\x82}\xdd\x88\xdd\xceE*\x8d\
\xd0\xd46\x1a`\x0b\x22\x15kH\xce\x22\xd4\x13\xe1\xb8\
\x16\xe4\xe8\xf4\x0a\xe3gv\x85B\x81\xcf\xdf:;\x1c\
\x08L\xb6\x9f<\xe9v\xfb\xcb\xe1\xe8\xf0\xb3\xbc\xf6\xd7\
O\xdd\x9a\x9ct\xa0\xbd\xb7\xde%>\x98\xbc\xeb\x9e\xc6\
\xb6\xfa+\xab\x0bE\xabs\x7fyoa\xde\xb2\xd5O\
\xee\xcb\x04&\x9e}\xfb\x9a\x09\xe7\xbe\x87\x12\x0a\x8fg\
En~\x87\xca\x96W\xf4\xe9\xf3$E[p;\xc7\
\x0aY\x90\xe4\x99\xba\x1c\x93\xc9\x0a\xb5}\x93N\x07?\
x\xca\x04R\xd8,\x10\xf5f\x09\xcf\x83P\xac<\xc8\
@g5\xc1C\x08\x16\xb7\x1c\xcb\x999:\xb7\x12\xbf\
\x80\xe5\x12\x13\x90I\x83\x00v<\x00x4\x0a\x91\x02\
\x80\xf01\xef\xb4L\x81a\x1de2Q\xd1\x9e\xee=\
\xbf\xf9/=\xcb\x8e\x0dU\xea\xf1\x823lc\xeb\x8d\
\x9cQo7\xf6\xa8\x85\xb9yX\x0fC\x13\xa8\xdeh\
\xd4\xab[\x08\x14\x11\xb8\xbeA_\x19\xcaq\xb4\xbe\x14\
\x08\x07\x86O\x9e\xbc\xdc>\xe2\xef\xad\xad\x81'P^\
^\xfe\x9f5~\x7f p\xba>p\xe0::\xf4\x13\
ecc5Q\x7f\x87T\x9cP\x1e<}\xf4\xd0\xbd\
\xaeDBeS\x88\x126\xd7y\x82\xd8\xd7,\x85\xe9\
E\xa0~\x94\x8bv;\x9d]Ah\xe9\x9b\xd2\xa5^\
\x13\xb5\x1cN'\x81\x88\xc8LIx\x10\x80\xc9d\x0a\
\xf2\x15U\xde\xcf>\x0b\xe6\xf0K\x97JL\x12l\xed\
\xc1\xf7[MV\xd3\x9d\xe0\x00\x06\xaf\x0e,\xa5xP\
\x09\x13\xb0\xc6\xe5\xac\xeb\xde\xb1\xa3{-\xa0-\xc1\x8e\
\x14\x14D`^\x080~`Q\xdc%Uuwo\
\xed~\xa4\x98\x8d\xb5:\x87\xd2\xcb\xdaz\xce\xc0E`\
h\x9bi!\x1cu\xf1\x13S\xfa!\x84b\xa9\xb1!\
\x18\xe1N\xa5Rc)Dt9\xd0\xa3}\x17\xc1\x19\
\x84\x1d\xad{'/\xfb\xfd5\xb55\xb5\xb5\xbd \x81\
r\xb7{rxr\xf8\x9d\xbf\xec\xda5<\xe5\xf8\xfb\
\xbd\x81\x17^)\xb4\xc9\xf2\xf69\x1d\xfd\x87\xeeY\x96\
\x80\xbf\x84L\x9eP\xdc\xf1\xe4\xbe;\x00\xa9&W\xae\
\xb0\xa9`\x84\xf3\xfd7\x1e\xdf\x0e5\xaf\xba\xba\x0a\xec\
\xe9u\xf0\x90)\xab\xa4\xc0d\xb2b\xefn\xd6\x80\x91\
4\x1f%.>\xfehN\xce\xfe\xa9)\xbb\x04\x9c\x81\
\xd5j\x92\x98\xe0\x0fRVI\x8eD\xb2y\xf3\x16+\
%1I\xb20o\xde\x9d\x92\xa2\xad\xdd\xdd\xdd\x7f\x80\
\xe7/\x07L\x14\xc0D\x02\xcc|\x05pc\xba\xa4b\
x\x02[\xbbK\xf5x\xc1\x03o\xac\xc0\x00\x9b\xba\x92\
\x839\xed:D\x8c\x0e8\x8fVU\xb6\xa4\xec\xa3\x84\
3Er\x5c2~\x14\xcd\x9c\xb8D\xfa\x98\xa07\x1a\
\x08\x0c\x0fG\x11\x1a\x9e\xdc\xf9\xac\xbf\xa6\xa6\xdc_[\
^\xd3\xfb\xa7\x03\xb7nM\xeemk\x0b8\x8e\x07\xf6\
\xba.\xa1\x0f\xef),j.\x14+2\xab\x9d\x0e\xe7\
\xfb\xf7\xae[W\x08\xe3\xb9by\x02\x00\xaf3q\x91\
\x020CU\x22Y\xb6\xcd\xd6\xbc\xddd\xae \x88\xa0\
\x892\x9bt\x05`\xf0(\xca\x041\x8d\x04\xa2\x1a\x0a\
j>\x15\xdaz\xe2\xccf\xcdr\xeb3N\xc4\xae\xe4\
%f\x9e7Q:\x1dU\xa0\xcb\xc2\xec\xb0\xa6\xa5K\
r\xac \x95,L\xa4\xbb4g\xdd\xb6\xee\xee\x1d\xab\
0\xa0\x19\x06\x00\x15a\xd0\xe9L`B\x92e\x8a\xa4\
\xd2\xd5\x10\x09>b\x8c4\xc4bX\xf1aR\xab\xf2\
\xd3\x0b\xb3\x95\x16\x81d\xfb\xa6\xeb\xb8\xe9i\x83\x9d\x89\
\xd8\xeb\x10\x8a\x910\xdfs\x14]\xa5\xcdBP\x10\xa8\
\xbd\xc3\xf0OSx\xf8\x96\xdb}\xf9\xfb\xef\x9f\x05;\
P~\xe0\x00\x5c\x7f\xe3s}\x17/\x0e7\x06vm\
/j<\xe3|\xe7\xae\xb6Db\x1d\x81\xce7\xae&\
\x88;2Eb\xd1\x0a\x08D\x80\xae\xd7\xa6\xc0\xc5Y\
)\xb0t\x88\x15\x0a\xcfz\xfe\x19\x02\xb1\x12\xcaj\xd6\
-\x077FI\xe0\xb1\xe3\x98\x06^;o\xaf\xff\xcb\
\xa3q\x92\xa7xS\xe5\x873I^\x071\x8f\x95\xd7\
\x81\x16d\x99L\x983rI\x8e\x0e$\xa6[\xa2\xcb\
\x92\x986/\xad\xde\xb8\xa7{\xc7*q\xba1\x94\x99\
\xe1\x02\xa65\xa5\x0c(\xb0\x15\x98\x08~\xf5F\x88\x03\
\x8a\x8d\x95\xf1$L\xeb\xdb\xf1\x84\xf6T\xffU\xedG\
\x0b\x9d\x9c0ZO\x0c\x04+`\xb4\xc1\xd0\x90\x82\xf9\
&\x92]\x98\xae \x05\x9a4\x05;\x9a\x9bA\x00\x93\
\xc3\xc3\x07\xfc;_w\x10;k!\x18\xfa\xed\xe4\x81\
\xe1\xb6\xc9I\xe48;<\xbc\xd7fK4\xfe\xf63\
\xe2\xca\xd9\xb3y\xf2|\xc2\xb97c\x9f\x93\xc8\xcfT\
(v\xff\x1e\xa8\xe0!.\x01p>\x91\xd4%\x13\xc3\
C\x90\x8a\xc5\x8a\x0d[:\x1b4Ax\xda&k\x01\
\x1c\x04B\x1c\x88i \xb0\x0d\x16\xf8\x9c\xceG\xad\xa6\
 o\xb5RK6K(>\x07\xcc\x84I+1e\
I$Y\xa6%K\xb2tVS\x8eN\xa7\xb3\xea\x80\
!O\xb2|\xe9\xe6\xea\x8d[\xbb\xbb\xd7\x02\xdc\x18\x8c\
Hd\x8a\xe0\xff(\x034d\x18\x92\x12+\xa4E8\
\x10\xaa\xb4\xe3\xfdc\x83\xc1\x00KJ\x86\xe9\xab\x86\xe2\
\x0b\xfd\x03\xc9\xe4\x10\xe1\x8cC\x87\xd3\xc0\x91\xb8\xa1E\
\x92\xa3\x08=\x93\xb4\x8f\xb6Tn\x0e477\xee\x85\
z\xd8\xf0\xa4\xbf\xe6\xd9\xaf\xbf\xa8\x01\x01\xd4\xde\xf7\xeb\
\xa7\x9ez\xea\x0a\xaa\xff\xcb\xe4\xde?O\xb6\x1dh\xcb\
kS>y\xb8\xcc\xb1\x0b\x9d\xae~i\xf7\xf1\xfa?\
~)\xf3\xd8\xf2\xdet|\x95\x0d\xc8\xc1b\xb1\x0aC\
\xe0)D6\x8f\xcd\x06\xe4m6[#\xbar\x8c7\
\xdd\xb6m\x12\x09D:X\x00\xe0\xfdu:\xfb\xcc\xd5\
cA\x1e\x8c>\xa5\x93X\xad:\xf8m\xdd\xf3e\x05\
YV]\x96N'\x91d-\x07\x0f\xa0\xe3M@\x13\
\x85\xe9\x82\xaa!\xceY\x0b`l\xa2\x5c\x80\xd9\xc2e\
Q1\x80\x88Co@\xa1\xc4\xa1\xf0\x8eJ\x0e\x16Q\
\x0d\x1c\x1e\xdc\xe1\xf4\x5c\x92\xd3.^\x9b0L\xc4\xaf\
\xce\xfa\xe0Q\x188m\xba\x91O\x1bo\xcc\xef\xaf\xa8\
:J|\x16\x0eT\xbft&\xb0\x17Dp\xeb2\xb8\
\x81Z\x7f\x8d\x1f\x1b\xc1\xff|\xfdJ\xeb\xa1\xc9\x7f{\
\xca]^^\xfe\xe7\x03myw\x1d;xz\xd2A\
\xeck[M\x10\x1d6\x91M\x9e}\x03\x1dz\x08X\
\xea0\x8b\x87\x1c\xf0IU6\xa5M\x0e[\x9e\xf74\
\x13\xc7\xcd\x94Ub\xd2\xe1z\x8e\x152=HkA\
\x14V\x9dI\xb0\xe6\xf0V\xf0\xf2\xbc\xa9@g\x95@\
 P\xf0\xe8Q\xe2\x89,^g2\x99t\xba\xac,\
\xb0\x98\xa6\x02`O\xcf\xca\xca\xc9\xba3g\xdd\xc6\xad\
\xdd;\xd6\x8aV\x882\xe4\x19\x00\xb7\x85\xb1\x1ce.\
\x85H\xe4\x02UP\x16m\xdc\xb8\xb5\xbb\xb4\xf2\xf6^\
\x9eA\x9f\xfe\x85Q\xcf\x09\x91d\x0b\x81\x86:\x93\x06\
\xd8\xc9\xd5j\xd3ml\x98`\xd3\x92\xfb\xcf\xa1\xab\xf9\
\xdbu\x10\xe77\x0e\x0f\x0f\x0fON\xfe\xa6\xd6_\xbb\
\xf3\xca\xf7\x97!\x10x\xfa\xe57[?\xbc5\xf9\xa7\
\x9a\x9a\xda\xf2\xff\xf8\xf3o\xef\x12!\xb4no\xf3\xab\
\xff\xeb\xf4\xcf\x9eU*lr\x8fm\xf7\xf6\xe6\xd3\x7f\
y\x08\xaf\xf1\x00\xec\xa2T\x010\xe0b\xc01\x91\xb9\
\xee\xd8{\xb6\xc3\x0a\x05\x11\xab$+Kg\xc2y\x8d\
\x19\x87:\xfb\xcf\x9d\xf0\xf2\x14\x0fQ~\x01|\xd7\xaa\
\xd3I\xf8\xcdg\xea/m\xe9<\xc6\x9b\xac\xd6\x1c+\
\x1c\xd9d\xb5\xee\xbfP\xbf\x1f\x18\x94\x97\xe4d-\xc5\
\x02\xe8^\xabPbl\xe7\x0c\xa58\x8d\x86&\x16I\
\x01\xfeN\xac\x90\xe6\xee\xd9\xbau\xcf\x8eJ;\x87\xbb\
\xf9\x06\x18iH\xef\xa8\xd8\xb9\xca\x06'\xaa\x83-5\
\xad\x05\xe6\xf1\xa1\x9fi!\xc9$\xa9%\xb9\xaaT\xe7\
g\x8e\x0bW\xae\xedmkln<0<<\xfc\xbb\
\x9a\xda\xf2\xadN\xc7\xeb\xe5\xbd\xb5\xb5_\xa3\xe3_\xdd\
\xfa\xed\xbf\xfd\x1a\xbf\x89\x9a\xff\xca\xf6 \xe4\xd9\xe0i\
l\xcenk\xcb\x13\xa9\x94b\xc5\x0aE\xdb:g\xd9\
>\xc0T\x03\xd0#)fr\x01HN\xa5X\x9eH\
d\xbb<\xbb\x97\x04y\xebr\xd3r|\xedV\x1e+\
\x80\xc4\xf4\x8c\x13yy\xd0\x08\x9d$\x0bt_\x92\xa3\
\x93X\xb7\x9ci=a\xd2n\xe6u\xd6%9`1\
\xe0\x9b\xa7\x9c\xa82+\x07\xe8\xd2\x97,Y\xb2\x01\x04\
\xb0I\xaa\x5c\x01(a\xd24>5 ~c\xe4C\
h\x0e\xec\xd9\xb3uOw%\xc7\xd9\xebZF{\xf4\
\xb7'7\x0d\x06x\xf6d]\x1dG\x0b\x162\xc9\x91\
dP\xa0\x0d\xdaS)#\xc9\x910\xb2Em9\x83\
\xd0\x86\x8c\xc6\xc6\x0eG}\xe3\xf0\xf0\xde\xcb\xb0T\xf2\
\xc5\xdf\xdd;\x9f\xad)\xff\x1a\xd5o\xad\x19\xf9\xf5\xaf\
\xe19\xd4\x96\xdf\xa7R=Y@8\xf7\xc9\xdb\x1a]\
P\x84\x95\xcb\xe5\x09\x99h\xf7\xd9\xb3+<\xe2DF\
\x1eth0\xfe\x17\x00\x16\xe7\xaa\xe4\xd0\xb4RH\x8b\
\xb6\x03\xdd7\xe8:><8z\x89\xa9\xe0\xb3\x8b\xf0\
\xfey\x93\x0e\x7f\x0b\x82]\x89UB\xf7\x8d\x9f#\xc6\
s\xacY&]\x96N\x22\xd1e\xe5di?\xfa\xec\
X\x96D\xa7\x03\x13\x90\x83\x8d\xe0&\xd8\x92\x05\xbc\xcb\
\x15\x0a\xb1\xd2\x052P(\x80%Y!RB$\xd8\
]Zi'-\x8b\x88\x18\xb0t\x8d\x16kaP\xdd\
\xa0\x85\x86\x0e,\xe0\x19`X\xffX\xd7\xd5\xe9\xcad\
\x95\x93\x88\x0b\xfax\x92$\x83\xe3\x9f~\xda\xb1\xb7H\
nk\xee@\xa8\xb9\xb1\xad\xf1\xb2\xfb\xd9\x1a\xbf\xbf\xbd\
\xfdtY\xad\xbf\xbd\xfe\x0a\x14\x8bA\x01jkj\x1f\
K\xdc\xe3\xc9'\xea\x8b\xf2\xeeJ\xb82\xa4P\x85\x03\
\x88\xc9\x84'O,[\xd68\xec)Ty\xa4b1\
@7+0\xda\xb8R\x9c\xa1\xb0eH\x1fz\xe1b\
\x85\xc4\xfa\xa8\x89JG\xfa\x12\x13\xaf\xd3\xe9\x96n^\
i2C\xd4\xbf\xdc$)\x80\xfc\x0f\xbc\x1f\xef]~\
\x81x\x02\x9e\xbb\x048\x82s\x96.1\x01M\xa0\x15\
8\xd4%9w>\xee\xd9\xb6gk\xf7Z\x5c\x02\xc6\
\x18\xce\x18\x5cD\x86\x91\xd3l\x00\xee\x5c\xb4\xa7{\xeb\
\x9eR\xa3]oYlE\x9d\xfc\x82sN\x83GX\
8\xbae\xa8\xd2\x02\xe3\xfa\x96\xc5\xfa\xeb\x15c\x04Q\
'\xf48\x91\x91\xaes\x10-\xb4\xb5\xaf\xff\xa0\xcc%\
\xb7\xd9\x12\xcd\xd5\x1d\x8d\xc3\x8d\x8d\x93\x07\x0e\x1c\xf8\xc9\
_\xbe?\xe9$N~\xf5\xd5qGMm:9\x86\
\x04\xa1\xbc\xf7\x1f\xef^=3\xfc\xe9!\xf9\xba\xe6B\
\xb1G\x06\x18\x8b\x0aq\xa3\xcdU\xd8\xf6\x09\xf1J\x9e\
J&\xca\x94\x8b<\x00Uo\xb3\x01\x92\xb0\xd8\x96y\
\xf6\xdc\xe7Nb%u\xe2\xda\xb1t\xba+\x91XM\
&k\x8eu\xc9a\xafU\xa2\xcb\x91,\xd7I \x0f\
\xd0-\xd7\xe9t\x94\xcej\xe1\xf8\xa5YK!\xf2\x03\
\xae\xbc\xac\x1ck\x8e$\x0bX\xe2\xad\x92\xed\xd5\xb6\x07\
6\xee\xd9\xda\x0d\x9bc0\x18$\x95f\x8a\x00\xa5\x10\
\x87\xa321\xc0\xc7*\xe1\x09\xec\x80\x1a\xfeb\x19\xf2\
Q\x0bh\xce\x0asz\x86\xaa1gk\x0b\xd6\x01\xed\
3\xa7\xf6\x1bZ\x8e\xd6\xc7\x1b:G[\xb4\xdc3\xce\
\xe3\xa7\x84\xe0\xc0G\x87d\x09\xb9\xd8\xe6ilkk\
kkl\x1cnl\x9b\xec@hrr\xef\xf7\x88h\
o\xf7\x83-\x80\xf4\x00\x1e\xc1\xd7\xfdW\x86\xdb\xfe\xea\
\xfc\xe4\xe7\x04qG\xc2\x06S\xebb\xa9K&[\xbf\
\xee\x9e\xb7\xcb\xce\xee\xdb\xedQ\xacS\xc9\xc4\x1e\x18\xda\
\xb0\xc9d6\x91T\x9e}\xb6\xf5\xdc_\x9e/\xf2:\
\xeb\x8f\x994&S\x81Y\x87\xd3\xbd\x9c\x9c\xd0\xc0\x13\
\x12\xebr\x1d\xd8\x00S\x16\xf6\xf6YV\x9dU\x92\xb5\
e\xf3\x92\xe5K\x81\x1e\x108b\x97dI\xb2@=\
\xee<\xbc}\x9dJ\x9c}7\x08\xe0\x0f\xb07\x98\x0b\
\x19 P\x05\x89TJ\x0f \x13\xe3ya\xe5\xc6\xad\
[7\xee\x00\xeb^\x5cUl\xd7V\xb5\xb0$\xa7\xa5\
\xa99b\x11\xa11-,cW\xd0\x9cA\xcbE\x96\
/\xb4\xce\xc1\x82\xc6\x83\xa3]\xb4\xb9\x8ap\x06\x1a\xa1\
\xdf*\x07\x07\xee\xf147\x0e\xef}\xe5\x95Co\xee\
\x9d\x9c|\xa7\x15\xb5\xfb{{\xa1yZ\x8e\xad`\xf9\
\xc8\xf3\x1f\xb8l\x07>\xff`\xb7\x93\xd8'\xb3\xd9\xc4\
J\xe0$\xbd\xa7\x9a \x0e>\xb9\xefUG\xbd\xf8<\
r\xae\xb6yT\x80\xd7)W\x8a]\x22qf\xe2\x85\
\x17V\xab<\xd5\x17\x0f\x1d\x96Pf\x5c\x03\x80\x7fL\
\xde\xb9\xfe\xf7\x0fK\xf6?CA\xb2\x97\xb3\x04\x98\xe0\
s\x80\x0d1k\xc9\x92,\x09&\x06\x5c\xba\x04\x0e/\
Y\xa2\xb3f\x1d\xceWa\xea\xf3\x076n\xdc\xb3\xf5\
\xdfaU \x03\x00\xe01R\xb3\xc7fK\x88d\xb0\
J\xacX\xa1\xdc\xb8q\xdb\xc6\xee\xf4\x8c2\x99\x0cZ\
\xd2\xbb\xc9\xfc\xbcs\xb1\xae\x0e\xef\xe7k\x84S\xa74\
\x15Zm\xe7\x22z\xcdD\x92\xb4\x86~\x90$\xbb\x10\
\xaav%\xe4\xca\x0c\xb9\xca\xa3\xf246{\x1a\xf7\x86\
\x91\xe3\x008\xc4\x8b\xc7\xd1\xeb\xfe^x\x035\xb5\xcf\
b\x01\x94\xd7L\xcaD\x85\xd9\x8dy\xfb6,\xc3\xd5\
\x18\x91B\xb4,Q]F\x10\xbfz\xf5\x0c\xaa\xbf\xf7\
<Qv\x87\x18,\x834//[$\x03j\xe4\x84\
L\xa6XQ\x94\xd7\xe6\xa9^\xaa\xa3tfk\x96I\
\xc2KtK\xdf?:\xb3\xa5\xc2\xe1\xac\x0bR<\x1c\
=G\x97\x95\x93\xb3d\xf9\x92\x1cI\xd6\xd2;\xb3$\
@\x91\xb8\xdc\x94\x93e\xd2\xad<\x9c_\x04\xb8\xa6b\
\xb1\xc8\x05\x1a\xb0g\x13\x04\x1c\x19\x22)\xd0\xa8(2\
Db \x8b\x93\xc1\xf0\xb8B\xa9\xda\xf8\xec6\xd0\x00\
\x18\xe0#\x07\xa6\x07i\x01\xf7\xf4\xe2]UI\x18^\
0t\xdd\xb8\x81\x9c\xa3\x02YAV\xb5Tih:\
H\x16\x04\x83\xb4\xeeW\xbf\xf7\x14&\xa0\xd0&S\xa9\
\xc4\xb6\xc6\xc6\xc6\xc6\xc0\xe9\xd3\xb6\xb6\xe1\xe1\xc9\x037\
on\xdd\x09\x9a\xef\xaf-o\xdbY^^\xee\xaf\xad\
I\xd8lmmy\x99\xcb\x122[\x1a\x0eY\xe1\xba\
\xeb\xaf7\xa6^y\xf1\xd3C\xbb7,\xcb]\xbf\x1e\
\x10C\x95\x09\xf1\xbe\x7f\x9c\xab\xf6`\x8ed\xdb]\x87\
\xfe\xf1R\xa1(S\xa5\xaa\xde\x9e\x95e9w\xeeA\
\xf0p9\xba\xcd[\x9eq:{\xbc\x90\xeb,\x91\xe4\
X\xb3r$K\x97\x021:v\xfaY\x8f\xea\xe0A\
\x1c^\xbf\xce&\x13e\x00\xd2\xad\xc8\x95y\xf7\xb6\x8d\
{\xc0\x0b\x00\x1el&\x8c\x06\x00\x00\xb08!\x96\x8a\
d\xb8,V\xb4m\xdb\xc6\x8d\xdd\x95\x9cA[\xa9\xe5\
n\x1c\xfd\x8c\x87\xb5t\x8e\xacH&\x8b\xab`1\xaf\
\xc5Y\x86P\xca\xa4\xd1\xe2)f\x8b\xc5r\xe9\xdc \
e\xc9J\xd8\x12\x09\xf9\x86_\xc8\xf3DReQG\
Q\xe3\xb0\xad\xb1-p\xa0m\xf2\xc0dG\xd3\xf0\xf0\
\xcb\x10\x15\xee\xfc\xf6\xeb\xc9\xdfa\x05(oTm\xdf\
\x90\x9d\x9d\xe7\xcat\x01A\x9dB!\x7f\xe8\xa1\xdc\xb3\
\xad\x1f\xdf\xf5\xc2\xd1\xcf\xf3\x5c\x80\x8e\xec\x81\xef&\xc4\
\x1b\x08\xf4#\x0ft\xafr3\x96M\xf5?W(\xf6\
\x00zy\xd1\xbaqG\x99fKNN\x8eu\xcb\xe6\
\x1c\xf3\xf8l\xa5\xefNIN\x8eD\xb2d\x8bN\xb2\
\xe4\xce\xcd\x8fo^\xb9\x12\x04\x90#\xc9\xbas\xe5\xca\
\x1f\x17\x89\x01\xf6\x18\x90\x15\x81\x15Sv\xf7\xc6\x8d\x1b\
\xb7\xaeR\xa4\x0b \x99\x99b\x97,S\xa4\xb2\xe1\x5c\
\x000z\x95E\xdb\xb6n\xdc\xd8\xcdq\xc2\xfb\x97f\
s\x16\x8f\xf6\x05\xb5x7Y\xcb\x9dr8O\xd14\
\xec\xa6^\x9b\xbd6\x1f\xa19\x92\xa4+,t\xc5\xd1\
\xd6A\x93esv\xdb\xb2\xec\xd5o9\xf7\xde#\x93\
\xae\xaeG/5\x82-\x1cnk\x1b\x1e\xeep8\x1f\
y\xb6\xa6\xbc\xe6\xd9\x9a\xd7\xcb\xd07\xaf6\x1e\xa8\xa9\
\xa9y\xf6\x97\xcd\x0e\xc7\xbe\x0c\x99+[&\xcb(,\
,\x14\x15\xde\xfb&\xf1\xfc\x07/\xb5e\xff\xfd%\x97\
\xd8\xe5J\xc81r\xad\xacp\xf7\xa1\xe7\xee\xc0k\xbe\
\x0aQ\xe1\x0b\x1f<\x5c\x98\x80\xbf\xa7R%\xaf>t\
\xe8\xb57\x1e\x5c\xc9K\x96l\xd9\xb2\xe5\xf1c\xc8\xc9\
\xaf\xb4\xe6\xe4\xec\x9f\x9f\xab\xc8Y\xb9\xf2\xf1\x0f\xc7W\
f\xddi\xb5.\xd9|\xf8\xa7\xeb<\x8d\x09%\xf6\xf9\
bq&`\x17\x8b\xc4\x0fo\xdc\xb6q\x0f\x14E\xe1\
\xb8\xc0\x10+\x83191\x0cHH\x81\xa8\x01\x0b`\
\x07G\x16L\xf5O\xf3\x05\x8c\x05\x0e\x0f\xa1/\xd9\x82\
P\x0av\xd1\x9e\x99\xeb_p \x81\x06\x94&\xd8\xc8\
\x1c\xec\xb3\xf3\xe6\xc3\xb9\x9f\xbf\x99\x91\xeb \xceK=\
\x19\xeb\xca\x88\x17~y\xef=6\xf9:Wccu\
~\x19\xf1\xb7\x9a\x9a/\xde9\xfd\xc5\xc8;\xdf\x7fs\
\xa0\xed\xc0\xce\x9d\xee\x9a\xbc\x00B\xfb\x9a\xd7\xe5\xaf\xcf\
\xcf\xcf\x07@\xcc\x97\xde=\xd7\xfa\xc6\xc3\xf7,\xcb+\
L\x88\x13\x0a\x1bD\xe5`\x1b2]\xaf\xde\x8b\xd1\x93\
\x01\x0b\xd1\x95(\x5c\x86\x11n\x14`\x1b~\x81\x1c\x9b\
\xbf\xdc\x9c\x95\x95\x95\xb3e\xe51'\xf2\xae\xbc3g\
\xf9)\x02\xed_\x99s\xf8j\xff\xfc\xf6\xc7\x1f\xcf\xaf\
.\x02Pl\x85\x5c\x0c<\xaa\x22\x05\xa8?FG\xb9\
{\xdb\x9e={V\x01b\x90R\xa9\x5c\x91)\x02\x06\
M\xb1B\x0e\xc1\x08\xe0\x88*\x8a\xb6\xed\xd9\xb6\xb1\xbb\
jzzvf\xd0B\x1a,0\xad\x0b\xebyd\xd5\
\xc4\x00X\x7fKrf\xfe\xea\xd4\x5c(\x08\x8f\x00\x8f\
\xafX\x0b\x82\xc1\xc3\xd5\x04\xb1\xa1p\xc3\xfa\xe7\x0e~\
\xae\x14\xffh\xf7K\xe7\x0e\xdd\x95q\x9cx\xe9\x97\x7f\
%\xde\x09\xec\xbd\xbc\xd3\xfd\x85\xb3\xf5\xeb\xde\xf2\xf2\x91\
\xfb\xda\x86'\xfft\xebVss\xf4\x8f\xf9\xeb\x81%\
q}\xf5\xfa3\x9f5\xbf\xd1\x7f=\xb0\xd7\x96'v\
\x01Q'Ti\x00\xf60\xcf\x95(z\xed\xdd\x5c1\
\xa61\x90\x89E\x1b\xde\xb8V\xed\x01P{\xa5Xn\
[\xf7\xfe\xbbO\xeeVx\x9a\xf3\xb7?\xfe\xf8\xf6\x8a\
c\x9b7\xe7l\xe1\x1f|\xff\xfa\xb1\xc7\x0f?~\xf1\
\xdab\xfe\x1bo\xac\x93\x8bmbi\x060B\xaa\xf0\
\x1c\x18\xd6\x00\x99,\xf1\xb3m\x1b\xb7\xeeY\xab\xc4\x83\
\xd1\x8a\x15P\x0b\xc9\x00Ln\x98\x16\xc5\x00RE\xdb\
6n\xdc\xb8'\x86{y\x16\xad\x01\xc6\xb8\xf0\x0c\x1f\
-\x04\x83\xb0\xb0T!\x04\x07\x89\x13\x83\xde\xa9\x1bZ\
<\x9a\x1a\xd4\x98\x83\xc1\xcacyo\xbe\xf1P\x22\x91\
\xfd\x5c\xff%\xa5\xabm\xf8\xd0\xd17\x97\xa9\xca\x88W\
\xee\xfa+\xba\xd28\xf9\xf6\xdb\x97\xbfF\x8e\xaf{\xfd\
\xb5\xfe\xf7^\xfakv\xa3\xa7\xa3\xb1(\x7f\xd7\x8f;\
\xd6\x7f\xf9\xf3\xea\x8e\xf5\x87\x9dD\xf8\xc3w_\xc9_\
\xbfn\x9dB)\xcb\x13\xe7\xc9d6\xc8\x07\xc4\xb2\xec\
{\xf3\x9d\xc4>\x9b\x0c\x80\xe2e\x19\xf2_\x10\xe8K\
\xa5\xca%\xc3\xb4\x1b\x89\xc4\x1d\x04\xb1W,\x12'\x5c\
y\xaa\xdc\xe6u\xeb\xf2\x7f\xbf.\x1f@V\x9b=\x1e\
\x85\xe7\x17\x04\xfa\xbdG&\x96\xb921\x0c\xb4\x0aX\
\x12\x15\x99\xb2\xdb\x02\xd8\xb6m\xcfZ\xcc\xf5\x22\x95g\
(e.\x17 \xc1\x8bT\x1e\x91\x14s`\x14m\xdb\
\xf8\xec\xc6=\xb1V4J\x92\x96\x0a-\x8dM\x00X\
;\xda\x0c\x0b\x9a$I\x9b\x22\xc4\x05!\x89\x8eV\xd0\
\x15\xb7\x87\x18\x83\xf3\xc4\xa1\xb6Da\x223\xf1\xe2s\
\xaf\x14\xed=\xdf\xf8\xeasg\xf3\xa4\x89\xf3\xcd\xae\xe6\
\xbf\x0e\x1f\xf8\xc6q\xfc\xf5\xcb\xef\xbd\xd7\xde\xdb\xdb[\
\xfe]\xebw\xaf6z::\xf2\xd7\x7fY]\xbd~\
\xfd\x1f\xc3\xe7\xbf\xfc\xe3'\xe7\xbe\xec\xe8\xa8\xfe\xf9\xcf\
\xd7\xad[\xa7\x92\x8b\x00v[\xbao\xb5,3\xc3u\
\xcf=\xcd\xef\xbe\xab\x14\xb9lJ\xb1H.\x13m\xf8\
\xf8\xf9\x8e\x5c\xa0r\x07\x82\x07q\xe2\x0e'\xb1+/\
\xcd\xc1\x90P\xdc\xf3b\xfd;b\x99B\x09\x5c?b\
\x95+\xf0\xe6\x07\xeb\xc4\x0aL\xbc\x04\xac\x98\xd2\x0c\x85\
H\x05\x17.\x96*\xe5?\xdb\x06FP)\x17\xa9r\
\x81\xc2\x03~!\x12\x89\xa5\x0a9\xe6%\xc2\x1a\xb0m\
\xeb\x1e2\xe5\xb3\x90\x16-\xde\xc2\xd6Vh4Z\xda\
\xc2\x07aZ\x97&5\x1a\xae\xc1W\xe0\x9d\xf9\x08\xb6\
7\xf0\xb4\xa2\x86\x9fo}.!N\x00\x98vv\xf6\
\xaf \xd3O$\xb2\x13\xf2\x84+\x91\xc8n\xcc\x9b<\
\xf4\xf7\xe1g\xfd\xbd\xb5\xbd_\xbc\xfd\xedw\xf5\xcf5\
\xda\xfeu{\xf5\xae\xc0\xa57\xf3\xd7w<\xea$\x96\
\xaf\xdf\x95\x9f\xffe\xf5ss\x1f}\xf4\xe1\xcf\xbf\xec\
P\xb9\xb2ew\x1d*\xfb\xb80\xcf\x95\x91}o\xdb\
\xb2\xcc\x848C\x0e<\xafb\x99\xc8\x93-V)l\
.\xbc\xdb\xa2Pd4\xef\x82\x11\x7f\xb0c\x0aq\xe6\
yt\x5c\xe4\x02\xe6\x13\x1b\xcc9\xc9\xc5.\x85\xd4\x06\
\xf4\x9a\xf0\xfb\x0a\x918C\x86)\xad\x5cR\x95\xf8'\
\xdb\xb6m\xdb\xb8V\xa9\x92\xe6\x02q\x02\x14\x1f\xc0\xe0\
\x88\xa1Q\x02\x102\x8a\x22\xf8\xfdn\x92\xa6\x05\x9a\xe6\
`)\xdd\x82\xd7\xb1-\xfb\xfb\xa6\xf10\x9b\x16\x16\x15\
\xa8\xa0\x89\xe7aV\x11\x0f [\xbc\x16\xa1\x19v\x8f\
\xc5\x09q\x86b\x9f\x83xr\xdf\xb2D\xc2\xe6\xf1\xa8\
l\xf2\xc6\xdd\xef\x5ci\x0e\xec\xad\x81\xc1\xea\xef\xfao\
\xfenx]\xe00\xe1\x88V\x8f\xbf\xf5\xc9\xfa\xea\x8e\
G\x9de\xba\x9f\xaf_\xbf\xfe\xcb\xea7\xfa\xe7Z\x89\
\xa5\xdbC\xeb\xd7\xafs\xdd}\x08}\xf2\xee+we\
\xff\xb6h\xdf\xee}\x9f\x1c,Rx\xe4\x22\xa5Hf\
\x93\xcbm\x22\x9bM,\x97\xe7\xaa\x80\xde\xdc\x95\x90\xdb\
\x14\x091F\xcb\xcc(:\x7f\xbe\x10\x18AE+\xc4\
\x22\x88\x22\x0b]6\xb1\x0c\x18D\x152\x97Has\
\xb9\xe4\x0a\x1b.\xfdz\x1e\xc6\x02\xc0\x14(0)\xa5\
R\x883D\x98\xe1I\x81W\x07\x94EOo\xdb\xb6\
q\x8f\x16/!\xef\x07\xec\x01\x0b\xde\xc1\xa4G\x11:\
\x95^\xd0\x80i\xb5\xa0&\x08\xe7\xef\xa9\xab\xe0)\x0b\
\xf5\xd1\xd4\xd5u\x0a\xb1L&\x97J\x0b3e\xbb\xcf\
\x13\xc4j\x85\xcc\xe6\xf1@\xb7\xbd\x83 ~\x11\xd8\x0e\
e\xf2\xf2\xff\xb9\xf9\xf5\xcb\xd9\xcd\x01\x9e@{\xff\xfb\
\xd1\xe93\xd5\xd5\x1d?z\xf2\xf1\xfc\x9f\xff\xcb\xfa\xf5\
\xf9\x1d\xcf\xbd?~\xe9\xd2\xe3G\xcb\x06;\xd6\x9f?\
\xff\xca\xd9\xe7\x8f\xbe\xf1\xe2\xd9\x97\xe6\x9do\xae&\x88\
\x0dJLW#\xb2\x01\x97\x84\xc2#\xb6\xa9T\xb0\xe5\
\xa3\xf4\x88\x14r\x17$sb\x91x\x85\xc8\x95H$\
D\xb2\x15J\x85\x02\xd8Pv\x9f9\xbbB\xb4\xbb\xa3\
:\x03\x93\xc1f\xaa\xda\xce\xc3V\x10\xccA\xc8\x1f\xde\
\xb6\xed\xd9m\x9b0s\x99\x14\x03\xc7\x00\xc6$\xc0H\
\xca1A\x89\x1c?\x81\xadZ0z\x17\xeb\x17i\x8b\
E\x0b\x1bh\x16z\xd4q\xfc\x98\x19\xc0(\xd2\xfb\xba\
0\x9dK\x0bS\x8e\xebK-\x1a\xeb\x5c\xff\xc2n\x9b\
\xd8\xe6Q\x8a\x94\x85m\xe7\x13g\x1d\xc4>\x98\xb6\xb1\
\xd9<r\xe5\xbaC\xcf\xfd\x82@\x10\x09\xd5\xb8G\xdc\
/\x1f\x08t<>\xfe\xb7v\xf7\x1a\xc5\xba\xea\xed\x1d\
 \x83\x1f\xaf\xff\x7f\xc6\xcfl>^o\x0e\x04V\x1e\
$\xc6\xf3\xab\x9fw:\xdez\xe5\x83\x17>l}\xfe\
S\xe7\xfb\xf2\x17^\xd9\x00\x94ybx\xcf* \x1c\
\x80\x10\x19<7@\xde\x88q\x1dO\x84)/l2\
\x9b,3S!\x95\xc9E\xaa\xc2\x1f\x13\xc4>\xd7\xa1\
\xd672Tb\x91\xcc&\xfb\x12\xfeF*\x0f`\xd8\
\xdb\x1exz\xdb\xb6m\x9b\x80y2]~\x02\xe0\x0c\
`4\x92\xca3\xf0\x12\x11x\x81g\xbbaJ3\xb8\
\xd0?_\x008\x14\xc1`\x96\xf9\xc1S-d\x01^\
\xc3O\xe3\x13h4\x96\x82\x86\xd1\xa9\xd6\xc5\xcd\xbc\xc9\
\xdcwu\xfc\x8f.`5S\xadx\xe8\xa0\xf3\x85e\
\xff\xf2\xa3\x84L\xa5\xb4\x89\x81\xe1]\x96\x91\xfdc\x87\
\xb3\xf0\xdf\xff\xf0\xe7[O]v\x8f<\xd5Q\xddq\
\xcb\x0d\xf8\x13\xff\xa7\xb9\xbc\xf6\xe9u\xd5\xeb\x7f\xf4/\
\xc7\x08g\x1dA\x84\xce\x8f\xef\xaa\xfe\xf2\xb7\x1d\x1d\xd7\
Z[\xdf\xaa^\xf5\x7f^9\xf8\xe6\xea'=\x1eY\
\xa6J\xa5\x14\x83+\xc0\xf3\xedR\xa9R,\x13g\xaa\
\xa4r\xb1H\xae\x90\x89U\x80{&\x96\x8b\x01I\x1d\
\x10P\xf0\xfe\xe3\x8a\xc4\xba\xfa\xd3\xbb\x97=\xe7x\xb3\
P\x06>3Q\xed8}\x87B\xe4\x12+e2\xc5\
\xcf\xfe\xef\xb6m\x1b7\xc13\x92B\x83\x18\xd7\x05`\
gN\xa4\xc8\x84\xbcHY\xf4\xf4\xc6m{~\xa3\xd5\
\xd0\xb4\xae\xb3\xd3\xc2[h\xba\xe2\xb3\x99\x85\x8a\x94\x03\
\xd5\xf1\xe9\xb5\x94\x8a\xf4\xf8\xaa\xa5\x85p\xa0.\xfa\xb5\
\x19-\xac#\xe6$d`\x01D\xd2\x83e\xaf\xfc\xb2\
03\x0f\xaa\xdaJ\x95Mn\x03\xa5\xdd\xbdz\x99\xab\
\xcd\xd5\xd6\xf8\xec\xce\xcb\x7f\x0a|y\xfee\xbf\xbf\xd7\
_S\x03y\xc1\x86\x8e\xfc\x7f\xc9\x7f\x94\xa8_\xf9\xca\
\x99\x95\x04\xb1=\xb0\xf7O\x7f\xeb\x98B\xf5\x88x\xe5\
\x9e\xb6\xc2\xcc\xc2F\x80\xc5\xc6\x84z0\xcc\xad\x84r\
\xb9L\x91!ved(]6\x98\xeb\xb0\x01\xabL\
\xc2%\x17+\xb3e+\xc4R\x19\xd0tHm2\xa9\
t\xf5\xee\x84,7\x7f\x9d-O$\x92%\xe4\x9e}\
\xab\xf1\x86\x18\xe4\xfcw\xc3\x1b_+_\x9d\x0bAU\
F\x9a\xce@!R\xe6JE\x19xX\x04\xe7\x02;\
\xb4\xb4\x85:\x16\x0c\x0e\x0ch\x83\x96\x8a\xa9~bv\
\xc0\xe98\x05\xbb\xb80\xa6\x91\x9e\xd0\xb6\xb4\x10\xfde\
$\x87\xca*\x8e\xf1\x1a3\xe5Q\x89\x81:F\xbc\xba\
\xc8\x96\x97\x90\xb9`\xe6R\xa1\x10+22\xc4\x89\x0c\
\x85\x5c\xa6hkkn~\xea\xa9?\x05\xc2\xe8\xf4\xb3\
\xbd\xfe^@!\xe9-\xff\xcf\xfc\xdf\xffh\xfd\xef\xf3\
\xd7_rt\x04\xbe,\xab\xff\xf2\xfc\xc5\xf7\x8e\xfc\xf7\
\xae\xf3\xe3\x04q\xb61\xb1lYv\x86\xc8\x85\x09\xfa\
\xc0\xb4C\xc9\x02\xd2&\xa8\xdd\x88dJ\x9bM$\x86\
\xedW\xe0;N\x88\x5c\x0f\x9d9\xbbB\x8c9\xdc\xc4\
6\x85-!\xce\xb4\xd9\x12\x00\x12\xa1\x80\xff\xb7M\x99\
\x90y\xe4b\x85\xd2\xa5\x90%n\x0b@\x89;bR\
\xcc\x82$R\xa9\x00\x80^\xea\x81Q\xa1\xa2\xa7\x9f\xde\
\xb6\xb1\x9b&\xabn\x5c\xa8\x1b#P]\xd0\xa29\xe7\
D\xad\x97N\xd5\xe9x\xca\x92^\xc6\x06=(\xd0\xd4\
\x95\x1d\xfcK\x85z\xfe\xba\xb9r\xa0Sk\xcd\x97f\
*E\x85\xb2B\xa0RQ\x88D\x99\xbf\xff\xe3\xef\xf3\
d6E^z1\xc1\xe3\xc9V\x959>;\xbc\xff\
\xf1At\xfao\xed\xe5n0\x8a\xee\x9d\xaf7\xfdk\
\xf0\xc9\xc7\xf3\xf3O\xa3\x8e\x8e\x0d\x8f\x1e\xae\xbe\xd1\x7f\
\xb3\xb7\xf7\xf2\x81\xc0O\xb7W\xdb6\x1c^\x9d'\x13\
ef\xa8V\x03q\x0e^iS$\xa0x\x8fKx\
*\x90\xae\x1c\xd8\xdd\x946\x9bX\x9c\x99\xff\xbf\xce\x17\
\x0e\x01\xd43\x90\xe3C\x9dA,R\x88\x9e\xfc\xa3-\
\x91H3\xe4H\xa52W\xa6(q\xf7\xff\xdd\xb6q\
\xdbZ \xf9\x12)\x15\xc0\xf5\x01j#\xc7\x032\xa0\
\x0e\xf2\xa2mOo\x04\x01\xd4\x11\xce\xe2:'Q\xc7\
\x075\xe3\xb3\xd7\xd1\x09\x93F\x07K\x8ax\x11\x1bO\
/\xea\xf0\x04f\xd0\xcb\x07[\x10Q,\xd9\xf2\xfc|\
[\xa1\xac\x10b\x0a\x97T\xfa\x90\xe8\x02q\xb1\xb9\xfa\
!`\xfepA\xefU\x9e\xb8\xe3t\xd9Gs\x8e\xb9\
oN~\xe3D\xef\xc1\xd6\xf1e\x84\x1e\xddp\x0e\xfd\
\xa3\xfe\xdd\x8e?>\xfa\xab\xfc\xf5\xf9\x1b\xb6_\xaf\xff\
\xa0\xb7\xdc}9P\xddQ\xe4\xba\x86\x0e\xdd\xedre\
\x1f:x([&U\xa8\xe4\x1c$D\xc2\x00\x00 \
\x00IDAT2\x5c#t\xe1\xdc\x1dX\xb7\x142\
W\xd1\x8f\xaa\xa1\x99 O$2\xaa\xeb\x8f\xaf\xce\x03\
` Qz\xfdA\xea\xb2\xc9\xc4y\xf2\xdf;\x1d\xdb\
mR1`\xa5\xc2B\x80X&M<\xfc\xf4\xd3O\
o\x5c\x85\x19\xb2d\x0a\xa9\x18\xd3\x85\xc3\x7f:\x1d]\
(DE\xdb\xd2\x1a`\x98Y\xdc\xcf\xfbR\xff\x1fO\
\xef\x02\xdd\xc4u\xef\x0b\xcf\x8c4/\x061\xb3\xe8X\
\x1aEW\x9f\xea\x0a\xb4f\x90\xed\x89MN\xf4\x09d\
\xfb@\x90p\x86 \x91F\xf8\xc1\xb9\x8e0\x22\x16\x98\
\x87$\xece\x1b\xec\xda\x85\x92k\xf5\x1a\xb3\xcc\xe0\xa6\
%\xc5\xd7B\xd0\x0f\xca\x02\xba\x8c\xe3\xe3\x04\x02\x86S\
c\x88y\xc4\xa5\x14\x12\x08\xaf\x90\x10\x926\xc4\xe9\x85\
4$\x84~\xe7\xbf\xc59JBl\x1e+\x99={\
\xff\xf7\xff\xf1{\xb8Z[\x7fS\xf1\xca\x0b\xbfx5\
\xc7\xb9\xe4\xff\xfcv\xd7\xd4\x9f r\xc2\xb4\xa9S[\
\x7f\xf3,\x01#\xbb\xd6\xd6\x8a\xdf\x06\xd4Ww\xb5\xae\
\xa3\xab\xf5\xa2cW.\x92,^\xc4\x14\x19w\xd3\x97\
\x02\x81^M72\x18hS`\xb8\xbe~\x22\xf2\x9e\
\xff/[\xb6\x8c\xaa\xea\x96\xce\xb7\x96\xbdv\xc3O'\
\xf2>\xa4\xaf\xef\xbd\x1f\x81\xba`\xa2\xfae\xd5\xbf\xe9\
\xe8\xe2\xc5?\xf8om\xed\x89\xa4\x8e\xa9\xfd3\xea|\
\xbeK\x1dw\x8a\xc1\xe4\x1dG\xaeTF\x0c\xe7\x8c\xb8\
\x81!)\xd9\x88y\x06\x03\xf7\x0b\xe1k\x5c\x96\x8b\xda\
\x17\xe8A\x06g\xc1\x8f\xc8\x08\xa6.\xba\xcc\x90zp\
\x07\xad\x0eQY\x140t\xbbp\x1c\xc7\x9fkl\xdc\
\x07G\x80E\xb8\x10\x12r\xee\xac\x7f\x10e\xb2\x02\xa1\
\xda\x04\x0b\xb4m\xc9OZ[m\xbf9C\x07V\xfe\
\x04\x10\xcb\xc0\xdc\x94\xbe\xa0\xe9\xf3<\xa0\xd6\x10\x88\xcf\
\xf5\x02\xfd\xfe.g\xc5\xb4\xd6\x9c\xa9\x15\xcf\xec\xf2\x07\
\xce\xdf\xfa\xba\xbbj\xc6\xee\xc0\x09\x03c\xc4}\x9c\xb5\
m\xa82@\xf7\xea\x18G2\xa4\xc6b\x18\xde^\x17\
\x89\xbc\xf1\xab\xb5[@\x9fqK\xc7\xf0\x9e\xd7\x96=\
\xaa\xcf\xcbK\xbcx\xea\xf2\xc9\xbc\xbcjH\x06\x8et\
\xa8[\xd7\xeeY|\xf9j\xffg=\xef}T=\xeb\
0=\xfc\xf0X\xff\xc9\xb9>Lf\xe0:\xd3p\x8c\
1\xe2\x06\xdc\x08\xf3\x0c\x9dd<\x83\xa1\xfb\x85\x0c\xd8\
\xcaR\x8c\x91\x09B\x19I28\x0b\x9b\x0ec\xa8\xd2\
\xee*%X\xb5cB6\xc2i7e\x1b\xbf\x18\xa3\
\xe47\xee\xdb\xb7j\x0dh*\x1aI\x06\xb2\x04\x19T\
\xc5\x90\x1d\xbb\x15\x9c\x8c \x13\xdc\xb0\xea\xe5\xe9\xad9\
\xd3sV\xaa\xf4\x99\xe99\xd3\xa7\xb5N\x9f:=\xc7\
\xfbEG\xc7\xef+\xa6\x03Q\xa7\xd5\xe9tV\xac\xa4\
\x03+\x11#\xd5\x99Sq$@\x1f\x1e\xb2\x05\x0d\xbe\
\x93\x83Ge\x86#Y\xacN\xa5\xabJ\xebt\x8d%\
\x0d8\x8e3,\x159K\xbb\xce\xbf\xa7^\x1b\x05\xc2\
\xe17\xea\xb9-\xaf\xbd\xb60\xb2\xbe\xae:/\xb2\xf6\
\xf3c_F\xf2\xf2\xf2z&\xb5\xb5F*Q\xe3t\
O;}=/r>@\xf7\xbf\xf39g\x09\x1aq\
M\x83\xbe=\x8be\xbd\xa4\x8c$\xae\x83qN\xef\xfa\
^\xc8\x04q\x08\x10\x88\xf2\x85\xfak\xa4\xd1\xa8q\xa4\
~\xca\x7fWc\xe1\x1aB\xa6\xac,(\x07\x19q\xbc\
\x08\xcf\xdf\xd7\xb8\x0f\x12!h;\x83\x820p\x05)\
\xe4F\x14DZR\xa5\xfb6\xac\xda\xb0m\xeat\x84\
E^y\xc6\x0d\x9c\x14\xa0n8\xf8\xf3\x1f\x7f\xfc\xef\
\xc0>\x9d>}\xd7\xa5w\xff\xb5\xf5_\xbf\xf8\xe8e\
'\x00\x97\x9d\xd3\x5c\xd3\xce\xff\xc7\xafC\xfen\x9f\xcf\
\x92R(_\xea\xd8e_\x8fJ\xcf\xf5Yt\x8c\xc5\
\x8b\x8cL\x95\xdc\xdb\xdb\x1d\xa2\x7fE\xab\xeb>\xf5\xab\
[\x0e\xbd\x0d\xda|o\xef9\x14\x9cY=\xa9\xba\xba\
\xfao{\xfb\xebz\xd2%#]\x91H\xe4\xcd\x8d\x1b\
a\x05\xd6\x1e\xbbTW\x1a\x9cY7x\xb7\xdf\xd7\x04\
\xd0\x15D\xe81\x82\x0a&r\xd7)\xd2\x82\x1a\x12}\
\xa0\xa0\xa5\xc4b8K\xa2\xb9\x1a\x0e\xed}\x0c/2\
0\xdc\xa9\xc0\xf7d\x90\x0a\xca88\x94\x821\x1c\xb4\
\xd90\x5c_\xda\xb8\xafq\xc3\x1a\xf05,Bm\x17\
\xb0`1\x22\xf7\x8d\xac\xacz6\x15^\xd2\xda\x0a\xb7\
\x9d\xb3\x15!\xb4\x81\xa7\x91\x93S!\x099\xad\xce\x1f\
\xfdK\xebo\xfe\xbf@\xe0\xd5\xd6\xa9N\x01\xd0\x9b\x08\
\xbb\xeb\xfcu\xfd3~u\x92\x0f\x87R\xde0\xbe\xf7\
\xf6\xdc\xa6\xca\x19U\xbe\x22\x5c\xc7\xaaL\x06\x03Vu\
\x8f>\xfe\xc6\xf9\x7f\xfd\xe3\x1f\xb7\x1f\x0d\xf9\xb7,\x5c\
vh\xe1\xd5s\xff\x5c\xbc\x5c\xc9\xab\xae\x9e8\xf5\x8f\
c\xa7\xde\x8ctG\xf7,[\xd6\xd0\x9dF\xc3\xd4\xc5\
{\xc6\xc6\x9a>\xf9\xfc\x84E\x93}\x9a\xce`2\x89\
\xfau2\x0e\xd6l$<\x8a\x01\xb2 8[\x0c\x5c\
\xee\xc8v\x0b\x1di\x1c\x83`a IY\xee\x1e\x1f\
\xaf\xdb1\x03\x14\xb3P\x96\xcfr\x1cN\xe1$C-\
mll\xdcP\x0e\x1e\xf3\x06\x83\x01\xb0\xc2\x108Y\
\x18D2VT\x1c4n\xd8\xb7a\xdb\xd4\xd6\xd6\x8a\
V\xc4\xb7\x03\xb8\xe2\xf4\xe996\xe9\x95\xd6\x8a\xd6\xa9\
\xcf\xda>\xdd\xfb\x97\x8a\xffy\xeb\xeb]\x80\xed\x7fJ\
\xe3\xa8\xc8\x99\xde\xea\xaa\xd8\xff\xef\x0bX#\x8b3\xb8\
\xaf\xa9\xffa\xf1\xdc\x94\xef\xda\x87w,r\xdd\x95+\
\xbd\xc5\xec\x8c\xb3\xf4\x97=[\xb7\xefV\xbf\xda\xb2e\
\x0b\x88\xf1\xedY\xbe\xf0\xb5\xe5-\x95\xd5y\x93\xf3>\
\xd9{)\xb25\x12\x99\xb7|\xe1\xe2=\xe9\xf0\xe2\xc5\
\x1b_\xeb\x5c\xbcp\xd9[\x95\xc7\xde\x19\xf4\x15\xe92\
\x1b\x94M2\x84u4\xc4\x06\xf4\x00\xce\x81\xf3\x12\xae\
\xc1\xa5\x05@\x1f&;\xda\x815\x22\x8d\xac\x09g0\
\x0d\xe3\x18\x8a*\xee\x0f\x04Nq\x88\x10k\x0aR,\
i`ph.?\xb7\xafq\xc3\x865\xc8\x14\x15+\
\x82\xe9 \xda\x1eF\x93\x09|?)\x06\x15C\x1b6\
\x00!/\x07\x18\xa8\x08\x947uz\xeb\x92\xfd\xfb\x11\
)\xd5\xf5\x85\xff\xbdW\xa6\xd6'\x80\x97\x07\xb2,S\
\xa7eAz\xce]\xb4\xfa\xa2\x91\xc24N\xb4\x14\x1e\
=}\xf1\x143\xf7\xd2\xde;\x0a9\xdb\xaf>?c\
\xf7\x95\x1d=\xc1\xadm\x89s\xea\x03P`y\xf3\xcd\
\xad\x87\x96-\xef\xec\xac\xec\xc9\xab\xae\xab\x1b?u\x22\
\x92\x17\x99\xb8\xfa\x84\xfe\x00^\xfe\xe2\xc5?\xa8\xdf-\
^\xf8V\xe4\xd3\xfe\x8b\x8a\x013@B\xad38Z\
\x00\x96\xd4(0\x97\x82\xdc-\x087\xa1\xb1\xa8\x08\x9e\
\x1cje\x86\x09\xb2\x18\xa6Q\x94,CC\x09\x97\xc9\
\xa6\xfe\x0e\xf5\x82\x06sf\x9f\x06\x90h\x1c\xcc\x91I\
\xfc\xa5}\x8d\xfbV\xb5\x18\xc0<\x11\x08\xd4\xc8=\x1a\
\x8c\xda\xa0\xe4d\xb8\x22Si\xe3\xbe\xc6\xc6mSQ\
\xf0\x9f\x96\x95_\x98\xda\xda\xda\xfa\xfb\xc0\xba%9S\
+\xa6\xe5\xfc\xe8\xcc.\x18\xd7CJ\x88x\xabN\x02\
\xa1\x91]K\xce~\x98\xa7XtK2u\xfa\xe2\x89\
\xf1\xdb\x81S\xe2\xc9\xe3\xa7D\x8d:\xde?\xa37@\
\xd75\xa5\xf2&\x17<\x02\x85\xd6-\x0b\x0f\xac\xdd\xba\
e\xd9\xc2\x03\xc1I\x9f\x0eN\x02\xb7\x9cHOwd\
\x88V\x03? 4\xc1\xe2\x1f\xd6}\xf7\xda\xf2\x8d\xd5\
\xd5\x13\x8c.\x17U\xe18\xa5\x01\xa7\x89\xe1p\xc4\xf1\
!1\x06G\xfb\x1a#Y\xa6\xa8\xa8\x88D\xedn\x0d\
\xd3E,\x087\x00\x8e\xcb:\xfc&Y\xf6\xf5\xbf\xbf\
\xfb\x84E6V\xd5]\xbb6\x83B\xed pB\xcb\
\xde\x02V\xa3\x91\xb1\xa2\xb90\x22\x8d\xe1$\x0b\xfd\x11\
\xd6`\xa0J\x1b\xf7\xed\xdb\xb7\x0dQ\xd1\xa7\x22H&\
\x08P\xec\xef\x08\x85\xae,\x01\xea\xe9\xb4\x9c\x8a\xa9\xb6\
\x1c' p\x01\xc9\xe9\x9c\x96\xe3\x02\x80^\x05Q\xd1\
\xcao\xbft\x8dIe.\xf6\x7f2\xf8\xc9\xd9u\x17\
N\xde\xeb\x17q\xcd\xa7T\xf9f\x1c?>\xe3\x806\
3/o\xf4\xe6\xe8\xa8J\x1fZv\xe3j\xc77\xcb\
z\x22\xe3\x1d\xe7\xa6D\x22\x91\xea\x9eH\xea\xad\x9d\xdf\
\x9c\xfc\xe6\x9fh\x03,^\xdc\xb9|ygg\xa4z\
R\x9dr\xf9\xdeC\x11\xa0B\x90\x07\x17\xe1`\x11\x81\
\x918\x8e\x05)pl&\xc9\x22\x03\x03Z\xf0\x18I\
\xea\xbd\xc7\xeewS\xb0N\x0c\x83\xa3\x1e\x00\xa5\xcc\xad\
j7\xe9\xa4\xccZ7\xfb\xd7\xf5\x82!\x1e\x8a\x1f\x0c\
\xec\x80\xb7~j\x5c\x00\x03\x11+c\x82\xa5\x85e\x05\
\xc2\x18c4\x19\xa9\xd2}\xb0E\xa6>E\xa6#6\
V\xce+\x7f\xa6\x03\xe7\x7f\x943\xbd\xb5\x22gz\xc5\
\xcb/?\x8b\xb0z\x00\xc5\x82\xeb\x10\xb0:\xce\x0a\x97\
\xf4\x8a\xb4K\x0d\xcd8z\xe2<\xdd\xd1\xe1?\xd0\xb4\
\xf4\x93\xbd\xf7}U\x98llbt\xcfi{J\xae\
\x9e\xe8y4:\x8a\xb2\xa0\xe6o\xd5o\x16\xd6f\xda\
\xdf\xeb\x7f0\xde\xde6\xd1cjZ\xbc\xe5\x83\x1f\xf6\
\xecY\xbc8{\x07,o\xa8\xac\xce+(\xc8\x93\xef\
\xbfs\x8b312tuI\x0e\x07\xd5kdb\x08\
\xf1\x0e'e\xd2\xc4PA\xb8\xdb\x99\xff\xccx:\x02\
S\xa0\xf9M\xca\xb8\x0c\xb1\x80TN_\x1bl\x0fR\
\xb8\xc9d\xac\xbbt\xbfJ\x01\x92(\x86\x9b\x18\x06\x12\
\xa1\x0dk\xc0\xdb\xbb(\xeb!\x09\xde},\x86|q\
MF\xc6T\xba\xaf\xb1\xb1q\x15\xe0\xd2\x00\x90\x0b\x9a\
\x139\x15\xf5\x87i\xba\x02\xa8\x19S\xa7M\x83\xdc\x00\
I1\x006\x9d\x00TZNE\x0e\x08\x94\xd8\x88]\
\xef\xfde\x86\xe7\xf48\xed\xefP\xd7\xa6\x8a/\x0c\x9e\
\xd4HQ4\xe0\xa4\xbe\xe0\xc2\x09\xb1\xbd\xba\xa7\xe7\xd1\
\xe8\xcd\xd1G\x8f\xb7l\xe9<t\xe8\x9bs\x1f4\xbc\
\xd5\xa5\x7f\xf7\xdd\xc3\x80\xff\x83\xa3\xe5\xcb\xdf\xf6_\x05\
T\xe1?Cw7.^\xbe\xbc\xa1\xaegrAu\
\x9e~\xa1\xff\xef8\x85\x83\x126\x83\xcc\xfd4\xa8\xde\
\xe0\xde#\xc1\xcb\x93\xcc\xda\x9c\x922\x89S\xeb\xef\xdf\
\xef\x05\x1b\x11\x88\x96p#2\xa9S\xef\xbcWE!\
F\x90\xacp\x06\x86\xd1\x18\xcdH2:\x95\xdf\x08A\
\xd0DQV+k0\xc8$\x85\x83\xaa\x18\x18\xaa\xc1\
Nc\x18\x14\x03V\xc1\xbeG\x12<Y\x80\xfe\xd4\xdf\
\xfex\xc9\x92i\xc0\xc6\xcdY\xa9\x06V\xe6\xe4L#\
\x5c\xb6\x1c\xe0\xa0\x00^\x0f\xe0\xdc\x80b\xaaH\xd4\xb3\
\x072\xe3\x01\xd5Oo\x9d{ \xf3\xf7\x13\x94u\xf0\
Z7.\xcby\xa1u\x95\xa5\xbf<\xbcv\xf4\xe6\xe8\
M\x88\x02\x87n~\xf3\x95\xfa\xc1\xc6\xce\x87'\xfe\xb9\
\xe7\xdb\x8e\x8e\x0f\x1e\x8d-[\xb8\xe5\xed\xaf\xbe\xdb\xb3\
\xf8\x9f\xf4\xb7\x8b\x17._\xdc\x9c\xd7\x93W0\xb9\x00\
\xb3\xe0\xa4&\x9b\x82X\xd6\x98\x94\xcc\x16B\xe0s\xca\
`A\xe8\x851(\xc11b\x98\x86\x8b8\xb8\x830\
8$\xbd`v\xce]\xb8v\xdc@\x05\x81\x0c\xd9\xdb\
[e\x0a\x92`\xd7\x07]\xe1pc6\x11\x02\xe7-\
\x8e\xcbFW\x5c3e\xfd\xd2\x19#V\xda\xd8\xb8q\
\xdf\x06DMi}\xe1\xfd\x0fw\x01V\xbb\xa2\xb5\xf5\
phx\xc9o@\xad\xe3_\xfe\xe3O\xd3r\xa6\x01\
d\x17h\x886\xd7\xb4\x8a\x8a\x8ai\x04\x004\x01\xa7\
:)yt<\xe0\xa7\xe9M\xf6d\xea\xd6\xfb3^\
\xa4\xe9\x1d8I\x8e\xaf\xbb=#\xf8!}\xfe\xd1\xa3\
\xd1QX\x80-\xb7\xfd[Fo.\x1f\x0d\x84\xb6n\
\xb9\xdb\xb1\xee\xdbG\xcd\x0b\x17\xee\xf9\x0eE\xc1-\x87\
\x96\xbdV\x16\xed\xaa\xae\xae\x9e4\xb9\xc0\xea\xd3u\x9d\
\x02\x8fA\xd2\xc8\x14U\x19\x8a\x0c\x1c\x9cx\xb09\x94\
\x19\x8a\xa4\xa0\xf81\xc9\xe8\x01\xb0 \x05\xbf\xcd\x04\x06\
\x9e\x14\xc3\x1a\x8c\xb8\x9e\xd2d\x9c!)\xf2\x14M\xf7\
\xfaX\x921@CL\xce\xe6\x01kdd'\xc8\x19\
H\xe4\xbf\xc4j22\xb3\x85\xb6h\xe9\xc6\x8d\x8d\xfb\
6\x80\x1aG\xeb\xf4Wi\xfa`+<\xffoZ\x7f\
\x17\x18^\x02\x81\xb1\xc2Y\x9fp8\xa79\x00\xab\x06\
\xdb\xdeVQ\xe1r!\x14\x17\x80wl\xb6\xb5k\xbb\
\xdb#[{\xdaS\xf6\xbf\xed=\xb6\xb4\xf7\xde\xdd\x05\
\x22\x8e\xfbJ\xabR\xa9\xeb\xf4\x97W\x87\xbf\xd9rs\
\xcb\x96\x1b\x9dWo\x1fZ\xb6|\xd9\x8d\xabO\xb6\x1e\
\xfa\xe6\x9b\xaf\xde\x0eGw6\x1f\xfa\xce\xef\xff\x0a!\
\x8b\x97G\x22y\x91\xbc\xeaI\xb9\x05F\x9f\xa2QF\
dQk$\xc9*#e\xc4\xd9\xac\xea\x1d#S\x10\
\xe9!\xc7\x86[\x8c\xc34\xa3\x952A{_\x86p\
\xe1\x83\x89?K\x99\xf4\xff\x0c\x10\xa9\x0b\x1d\xf4,\x10\
\xd3\x87\xa4\x9c\xc1\xe4\xfc\xc6\x8d\xfb\xf6\xad1\xa1\x1e\xb0\
\xb1\x88\x05\x88\x0e\x06w%\xf8\x84c\x14\x96\xbd\x06\x1b\
\xa7N}6g\xfa\xb3/|\xfd\xc9/V>\x03\xfc\
\xc4iK\xf6\xef\xcf\x99\x0e\xa2\x05\xad9\x15\xaeg_\
\xfd\xed3N\x97\x8bp:\x1dY\xd0\x8e\x0b\xc2\xa0\xd3\
f\x93V\x06\xd4\xde\x94ON\xda5\xdf\xe5\xe1\xcb\xf7\
\xef\x9a8h\xc9\xe0\x9c\xee;=\xde\xf6\xb3\xb3\xea\xe8\
\xcd\x9b\xdf\x8cn\x01\xa1f`\x99.\xdfiZ\xb6p\
\xf4\xdb\x1f\xda\xda#\xd1CW?|\xf2`\xcf\xe2\xd7\
\x16/\xdc\xd0\xdeS\x1d\xa9\x8eL.\xc8+\xb6\xf88\
\x86d\x8d`)\x8cc\x1c\xf0\x19\xd0T\x17\xaaZ\x92\
A\xf3n\xa0\xc1\xc3\x16\x00U0\x80ZR\x14E\x95\
\xaeM\xcd\xc0d\x99\xa1(M\xf1\xe8z\xea\xda\xe5R\
h\x8b\xc0\xf6\xc1\x0d\xccs\x1b\x1b\xf7\xed[c\x05\xe5\
\x1cd\xfa\x1dDv\xdd\xb8)\x08\x7f\x942\x06K7\
\xee\xdb\xd7\xb8a\x9a\xb3b\xea\xd4\xe9\xce\x8a\x9f\xa8\xf4\
\xef]\xad9\xad\x15|\xbd\x94\xd3\x0a0\x5c`,,\
\x09\xd0\xaf\x08\x040\xb3\x1cY\xc8\x96 \x10.\x18W\
W\x9c\x09\xd0\xbd>\xcc\xf7\xf7\x0bM\xa2\xb1{\xc6p\
 \xa50&F30E;\x02\xaaw\xd3\xa6\xdf\xdd\
\xbcy\xdb\xff\xcd\x96-H\x99t\xe1\xf2\x85oU\xde\
X\xb6\xc5?\xdc\xb3\xf6\xcb\xfe7\x87\x8f\xd1\x81\x0f\x0e\
\xdd\xe8\x5c\xb6<\x02\x83\x93\x15K&\x9f\xef?.\x22\
\xac\x18\x8b\xb2;Py22E8Gj8\x10n\
\x18\xf0\x22\x05GD0\xb6\xc6\x18+\xcb\x9a\x80\x03\x1e\
\xc4\xd7\xaa\xe7\xaat\x9d\xd4H\xd93~QdX9\
\xa5\xb3\xb2\x89!\xe1\xc4\xb3\xecR\xd8\xe2?\x05/\x09\
T#\x83;5\xc6\x1aH\xd8\x08\x0c\xcbX\xa9\xca\x8d\
\x90\x0aN}\xf6\x7f\xfdx\xc9\xf4\x1f\xb5\xee\xa2\xd5\xfd\
BE\xce+\xff\xef\xaf~-\xb5N\xad\xc8q\x021\
\xcb\xf6\x93\x10\xfdk\x01H\x88\x84\xc3e\x03i\x1a\x87\
\xe0\x04\x90\x06o[qp3\xa3\xe1\x95!\xf5hJ\
g\x8a._\xb6T1$\xc9hL\xf0\xc5u\xc3C\
y\x9b\x8e\xde\xbc\xf9\xe4\xf6\x83l:\x0c\xea\xb4]y\
]\xb5\xa3\xf7?\xde\xff\x09M\xff\xea\x95\xed~\xd5\xef\
\xf7\x7f\xf7\xda\xc6\xa6\xb6\x8f>\x9d\x08\xf8\x7f\xf6\xf5\xde\
\xcb>\x12\x87\xf1\x9e\x0c\x8278\xce\xca,\xcb\x19\x8a\
H\x9d\xd1\x01JK\xe9u\xe3\xe7'\x8c\x1c\xc7\x89\xa4\
f\x84\xdf\x06-`\x19\x1f\xa7o[\x15\x1dlo\xfb\
\x03\x97D<\x08\x149\x98\xa0`\x1c\xc3\x90\xec\xd2\x8d\
\xfb6\xee[\xf3\xd4\xfa\x1c\x0c\xa1\x83\x0c\x98\xb0!\xab\
nX\x8b\xd2\x8d\xfb66n\x98\xbe\x92\xa6\xcf\xfcd\
\x9a\xeb\xd9\x83+_v\xb9\x9c\xaf|\xda\xf1G\xa7-\
\x87\x98\xe6\x84\xab\xcfI\xbc\xfaL\xc2+\x09\x15N\x87\
\xe0tI\x00\xc4\x07\xd4\x16D\x04\x89H\xb4kX\xd5\
\xbd\xddIE6T\x8d\xbf\xf9&\x07]\x16y\xc6\x0c\
O\xfb\xd6\x9e\x9e\xc8\x89\x07\xdfly4\x8a\x16\xe0\xd0\
\xc2\x85\xcb;#\x95\x91\xf6\xb5\x07\xae\x22\x93\x1f\xfa\xa3\
\x91-\xdf\xed\xed\xf8n\xcf\xe2\x88\x97\xa6\x8f\x04\xd4\xed\
\xc7/\x0dz8\x1c\xc4_e\x14\xc0I\x13\xa6\xe1\x5c\
\x11\x09\x0e\xb48\x15$M\xa7v\xd3\xf4\xbd\x17\x83\x8a\
\x9c\xf7b\x15\xa0\x8c\x83\x80\x04\xc01\xa3\xb1[\x84\xd9\
\x10%\x1e?{G\x91\x01_a\xa2dp\xa4\xc74\
#\xb3tc6\x0f\x00\xda, \x86q\x19\x99|\x9b\
\xa0\x0e\x00\x03_t\x0b\xac\x9a\x06\xbc\xfeV\xc4\xd6\xa8\
 \x5c9\xc2\x9f\xe8wm\xf0\x92\xa1\xf8w\xe5H\xf5\
\xe7?\xfe\x22!L\x03\xc2\x12\x10\x94\x08@r\xbb\x00\
\xabj\xcb\xb1\x15\xc8\xb2\xee#I\x86\xc2\x0c\x1f\xaa\xa7\
D\xd0'\x0b\xee^W\x19\xa07\xff\xac\xa7\x7f\xef\xe5\
-7a\x01\xde\xcen\x81e\x9d\x03\xdd\x95o\x9e\xa5\
\x7f\xf8a\xef\xba\xbd\xe7\xbe[|\xe8\xe1\xfb?\xecy\
\xadi\xd6\xe7w7\xbf\xbc\xa2-\xa8h\x9a\x82i\x0c\
\x83C\xa7\x03\x8aB\x18qb\xa4b`H\x9d\xc1\xd6\
^\xa7\x03\xa1@hEep\xbd_\xadc4\xe4G\
\x8c3\x1a\xc7\xb0\xb8Q\xc3\xa1{ld\x17\x18e\x19\
c\xc1<\x93A\xb9\x83\x91zncc\xe3[k`\
\xe0\xcaB\x19D\x99 n\x02`\x15N\x04TE\x1b\
7.o\xdc\xe0$\xce\x9cq\xe4L\x9bj\xcb\xa9\x98\
F8\x9d\xaei\xbb\x9e\x11\x5c\x8e\x0a\x9b\x0d\xc8\x976\
)\xf1\xe9\xde\xbfz\x9dDN\x16\xbf\xec$\x1c\x0e\x82\
\xe0yA \x08[\x05\x1f\xa4pd,\xcfT}\x7f\
\xf6\x82\x8f#1f\xc6;\xf4\x89\x00\xbd\xa3\xa7\xe7\xf8\
?\xeed\x17 \x1b\x06\xde\xda\xf7\xda\xf2\xb2H\xd3\xe3\
G[n\x86.\xdd\xda\xfb\xfd\xa1\x857\xfdO\x16.\
l\xdaZ\xddV0\xd1V\xa0s\x86*\x9d\xd48\xaa\
.\x17\x83\x891\x0e\xce\xd3\xbaF\xe28\x87k\xc1\x8f\
B\x1d\x81\x90\xbfcx\xa8\x0e\xab\xa3\xd5\x1d`\x1bB\
\xe2\xa4\x09&\x81&(\x8fH\x03G\x1a \x86b,\
\xc7a\x98NRh%\xd9\xe766n\xdc\xb7\x86\xb1\
\xb2\xd0\x0b12A\x06\xb9j\x82\xaf2(\x8aZ\xd9\
\xd2\x8d\x8d\x8d\x8doM\xcb\xa9xv\xda\xb4\xa9\x15\x04\
\x10\xf7r\xa4z\x9b\x03\x18Y\x15\x12\xef\x82\xb8\xef\x94\
~\xf7\xd7\xdf\x99m\x04:\x0e\xf0\x8f\x00\x01\x80\x07$\
\xa7\x93pU\xe3\xe8\xbfObdSSS\x15n\xc0\
q\xf9\xcd\xf1\x05\x95\x91H\xcf\xd6\x9fm\xda\xf4\xed\x0f\
\xa3[F\xd1\x1984\x1a\x0a-_\xb6\xbc6\xbfo\
\xf9\xc2e_=\xf9\xb3\xff\xdb=7\x1e\xfc\xf3\xed\x85\
\xaf-\x8fL\xb4\x15T\xb7\xe5\x89\x16\x8b\xd6\xa4kJ\
]@\x8d(\x14\xc5\xc8\x9a\xaeX|\x1c\x0e\x07\x22\xf2\
9\xdd\xd1\x11\x08\xa8\x1d\x9f\xcf.\xd5\x94\xba\xf5`a\
\x0c\xee\xc4Z\x11\x09\xe6\xde\xe8ej`\xb7\x89!W\
g\xf8\x97.\x1b\xc1\xa2\xfe\xa5\x8d\x8d\xfb\xdeZc\xb2\
\x22\xdb9\x0c\xd8\xc2P\x0d\x9a\xb2\xb6\xf7\x06\xb4\x03\x1a\
\x1b7\xc0@\xb0b*\x22\xdeV8_\xfe\xf5\xaf\x9e\
\xcd\xc9!lN\xc7\xe1\xfd\x15f@\xe3H\x92Wp\
\x129\x00\xc4\x86\xfdA\xb8\x01\x86*\xc1Y \x08W\
\x822\x05!\xef\xd6\xaaf\x9c8\xe1\xe3\x0c8\x89)\
\x0aG\xe2\xed\xed=[\xb7n\xf2\x0f\x8f\x8e\x8e\xa2\x9b\
\x10\x5c+6.[\xd6\x19\xa2?\x1b\xbdq[=\xfe\
\xc7\xcb\x0b\xcf\x85\xde^vh\xf9\xf2\xf6\xeaI\x93&\
\x0aX\x8fXY\x8d\xcb\xa9SM4\xbd \x08J\xf8\
$^\xf7\xfd\xf7\x11\xe0\xfbF\xae\x07\x02~\xbf\x1aP\
\xd5\xf3\x05\x0cn\xd0\xa1`\x86]'\x16\x92\xc0\xca%\
\x19\x0d\xea\x05\x12\x0a\x00\x12\xc9\x040\x1ap\xc3p\x9c\
\xd5\xe0\x1a\xdc\xb0\x88Z\x80H3A\x86\x0a2:\x06\
M\x03\xf0\xdd\x80iF\xe9\xc6\xc6\x8d\x8d\xfb@\x8d\xd2\
\xe9\x84C\x9ecsf\xe3\x81\xcb\x95\xe3\xfc\x90>\x9c\
pI\xae\x8a\x0a\xc2}\xf0 P\x18\x04B\xb0\x01.\
\xcf\x8c\xc0\xe9.\x87\xe0\xe2\x8f,\xa9\x83\x06}\x91\x11\
\xa3f\xabt\x1d\x18o#|\x1a\xa57E\xaa\xab_\
\xf9\xf8=\xb4\x00\xa0Jz\xe8\xb3\xb1=\x0b\x17v\xd2\
t\xa4\xa7\xfa\xfcG\x1f\xed={\xe3\xc9\xb9=\x87n\
,\x5cV\x92\xaa\x9e<\x91\xc7\xa50U\xbd\x98\xba\xf4\
\xce\xe5\xdeY\x98\xac\xc3`\xcf\xb2\xc3\xef\xcfm\x92\x8b\
*Ct\xc8\xdf\xa1\xfa\xd5\x0e\xf5\x7f\xd6)\xa4\x8e\xe3\
\x1c\xa3\xc1C\x1e\xbfu\xca\x87\xa1\xf1\x094\x82Q\xd3\
\x1b@\x0f\x06\x03\x98h\x92\x0cF\xe1L>\x5c\x83\x8b\
\x005\x02\xf9?\x85\xa8\xa3\x0c\xa0\x03\x00z\x02\x10\xaf\
\x8d\x8d\x1b7\xeeC\xfad9\xd3\x80\x87J\xd8\xce\xd0\
\xfe\x83S\x81\xa2\xe3<F\x1fNH\x84\xe4\xacp\x1d\
\xa4\xe9\x17\x00\xc0\x0e\x88|^\xe0%\x09\x81\x98\x81\x98\
t\x8f\xbe`\xb1\x9aLd\x95\xcf\xd7{\xef\xc3n\x1c\
\x04\xbb0\x86dtX\x80\x89\xadk7=>:z\
\xe7\x87-[\x0e\xc19\xd8\xb3\xe7\xd0\xdb\x0fOn\xcd\
\xab\xde\xdat\xf2\xfeW\xa37\x0e-\xfc\xee\xc9W\xaf\
-<=\xb9z\xa2]4l_\xa7\xfe\xdd~\xed\xfd\
AQf\x14\x1d\x13IL\xef>\xf6A)Vt\x22\
\x14\xf0w\x04TUU\x03\x9f\xd7\xcf\x10q\x91d|\
\xd9\x16\xc0{{\xfb-h\x5c\x8c\x01\xf0\x91D\xb5\x91\
\x11\x10\x81$)\xeb\x98Fr\x1a\xf9\xdc\xc6\x8d\x1b\xf7\
-\x02C\xf9\xac\xa4$\xf8m\x98\x18F\x86\xc5\x00\xae\
N%\xc4\x80\x0d9Y]2Hs\x5c\x15\xfc\x993\
<b\xa4WL\xddE\xf0<\xef\xb2\x11\xd2\x19\x9a>\
\xe3\xb6\x096\x97\xc3&\x98\x01\x86\xeeDpL[E\
\xeb\xfb\x1d\x87\xf1\x22\x0a\xc0>\xc9T\xaa\xb0X\xf3\x81\
\xfb:\xa9\x8b\x9a\xa8\x05#\x13\xd5[_\x09\xf97\xad\
\xeb\x18E7\xc1\x8d\xabO\xb6\xdc\x09\xfc\x0d2\x9f%\
?{\xa3g\xf0\xda\xcde\xdf\x06\xbe]\xbc\xa7}\x22\
/\xcf\xe2YK\xd3\xe3\x1f\x9dH\x8a\x1e\x12f\xef\x16\
\x8fH\x91\x9aG\xd3\x94St\xa8\xc3\x0f\x0e\xc9\xfe\x80\
\xda\x13\xb9x\xfd{\x13\x8e\xb1y\x11\xa3\xa6i\x83\x9f\
\x9f,\xce\xba\x8f\xeb(\x0a\xa1\x93\x80\xc1H\x11\xdaH\
$n`\xe1\x1al\xdc\xf7S\xc6\x84<\xf7X\x8c\x04\
5%\x06t\xa5\x18P\x15\x86\x05\x80\x18\xe0\x9c6u\
\xaa\xb3b\x9a\xd3\xe6 l.\xa9\xd5\xe6\xcc\xc9AT\
-\xc4\xd9\xe1m\x92\xf4\xf2\x9f\xff\xdd\xebr\xb9\x04\xc9\
&\x08\x80J\x14l\xbc\xc4#j\xe2\x1b\xfb\x7fSi\
\xc4IL\xf4\x9c8\xdet\xeaT\xd0\x87\x83\x018{\
\xe1\x02.G\x0e\xbfQ\xd7\x93P\xd5\x13\xf7\xbf\x85\x9a\
`t\xe1(\x1dj:~\xf6r\xcf\xf8\xc7\x9f\xd0[\
\xb7\xcfz\xb7\xe3\xd1\x8d\xb7o\xbe\xfd\xda\xe2HO^\
S\xe1s\xe3\xf4\xb9\x7f\xec\xbd\x93\xb4\xe8\x18\x8e\x89b\
\xe4\xfc)\x83\xa6\x89)\xf1| \xd0\x11@\x06\x91\x1d\
\x1d\xd7\xdb*/t\xdc^\xc0P\xb3i\xbaW\xd6t\
\x98D\x19\xa0e\x00\xe3#\xe4\x98e\x84g\x87\xf1\x07\
j\xa93\x0c\xfb\xdc\xc6\x8d\x8d(\x0f\x00\xca\x0c\xf4\x01\
\xa8 xKC\xef\x18\xe2\xa25\xbb\x00\xcf:\x9d9\
\xc0\xd1tA\x8a\x0b<\xbc\x1c\xc8\xf6s\x5c\x92$\xc0\
JT\x10+i\xf5`\x8e\xab\xc2\xe9r\xda\x0e\x1e\x5c\
a\x13\x80\xa0es\x11\x15N\xc9[/Uk\x0ce\
\xf0\x0c\x06\xce\xe6\xd1\x81\x88\xc6A\x02\x16Q\xd5:\xd3\
\x90\x1a\x18\xea\xc9k{c\x13\x84\x81G!\xff\x96\xd1\
\xfe;Cmm\x9b#_\xbe\xf3\xf9\xd0/'z\xbe\
|ok\xd7\xd8\x96\xdb\xeb\xde\xde\xd3\xc7\xd9\xed\xfd\x9f\
\xb7\xf5><vJ\xe4\x80\xcdG\x92\x17\xd4\xdd>M\
\x14\x0bO\x84\x02\xff\xe5\x19\x1cP{\xf2\x14\xd3\xe0 \
g`v\xf8\xe9^\x1dgH\x19g\x0c\x1a\x14\x8c0\
\xa8-b\x18\xdc\x08+\x80\x19)@\x9ec,g`\
P*\xbc\x9a\xb5ZY+K!5u\x0a5\x17`\
) 3\xec\x86\x05Xes\x02=u\x1aptP\
\xd5\x03\xc5\x1e\xf0\xd4\x84\x84\x047\x9f\xc4\x1f\xa4\x03\x07\
\xa1\x18 r\xce\xa8\xfe\x83\x02\xe1\x006\x17\x90\xb6m\
\x92\xe4M@Y\xa1\x1c\xdf\xfd\xa4\xf7\xf6\xb9\xb6^F\
a8\xb2\x9d\x0e\xf5r\xebiz\xf3D\xc1\x94\xb6M\
\x8f\x1e=\x1a}\xb4\xd7?\xfaxrA\xf5\xe4I\xd5\
y[o\x1d\xef\x99\xa8\xae\xae\xee\x89l\xfa\xe1\xdb\xdb\
\xea\xcd\xce\xe6\xd8\xd2\xf0\xe7{/\x14k)H\xe0q\
\x83\x01S.^\xb9kQ<\x9e\xf1\xc0\x7f?\xbf\xbf\
\xe3\xfa\xe6\xbc\x94FZ8\x83\xc1P\xbd\xde\x87q\x1c\
\xc7\xe2\x06\x0e\x87\x92\x19\x07\x18,\xc7i\x14\x9a\x14\x18\
q\xe8,\x93\x9c(\x92K\x9f\xee\x00+\x88%\x80\xbe\
6\x92\x92\xd5I\x98\xaaB\x0c(\xdd\x08\x83\x83gA\
\x83\xc4\xe6\x02&&1\x0d\xb8\x09D\x85\xcbe\xb3\x09\
\xbb~\xb3\x1f\x98\xc8\xfc\xfe\xc3\xaf\xeeJ\xf0\x12\xf0x\
\xcf\x04:\xce\xac\x90\x048*\x12\x5c\x10\xc2o\xea\xeb\
K\xe5\xa0)\xc8\xcc\x08Vq\xed*\xbd@\x07\x8cj\
o7\x15\xd4J\x17\xe8\xd5\x13\x13\x13\x92\xdf\xff\xcb\xff\
8yx\xd3\xa6\xca\x89\xc9\x05\x93'UWo\x9d\xc8\
\xab\xce\xeb\x99\xb4bs\xe5&U=\xf0\xd9\x96C\x0b\
\xc72\xa7\xfb/\xa5p\xcdC\xfa\x0c\x18\x87\x194\xbd\
)\xa8X,s7\xd1\xa1\x00\xf2\xc7\x04\xff\xf4\xc0\xfe\
\x5c+C\xe2\x8c\x82`\x95\x8c\x81c0\xce@\xb2\xb8\
\x06{\x0e\x18q8Yh\x01P@\xb6\x93\x06y\xa4\
B\xe6C&X\xce\x00 \x06\x901@\x1c\xc3(V\
6a\xb8\x91b1\xa3\xa9\x1b\x05A\xb7\x0d\xb8X\x88\
\x84\x01\x8f\xeer\x119D\x85\xcb\x968\xdfq\xe5Y\
\xa7K:\x12\xa2\x0f\x9b\x11#\xc7\xe5t\xbe\xba\xd2\xed\
6\xf3.\x89\x87\x15\xa8H\xfce\xef\xd7\xdb\xab)\x86\
\x0dR2C\xe9\xed~\xd5D\xe1\x8c\x89dKM\x94\
\xa2+z\xe9\xe4\xc9\x93\xdb\x86\xd5\x7f\xf7\xdf\xdeTW\
=yrA\xc1\xe4\xc9\x93'\xaa'\xc1\x0f\x13t`\
\xd6\xda\xff{y\xed\x8d\xb7\x0f\xbd\xfd@\xbdnoj\
\xe2\x82\x07\x9a,$k0`:\xa6\xa7,\xa2\xa5.\
\xd0\xd1\xf1_~\xd1t\xe0\xd8P\x1d\x86\xf9\x0c\x1c\x85\
)\x1a\x00\x7f\x19\x123\xc0u\xc8rxV&\xce\xb8\
`pp\x81\x8c\xd22R\x83K\x01W\x94\x97 \x13\
\x5c\x8dL\xc5(\x00R\x15\xb1\x06h\x08\x9a\xa08\x80\
\x19Qv\x01\x04\xc1\xf54\xcd\x85z_\x80$\x17\xe8\
\xd8\xe6/\xe8+6\xa7\xc3yd7\xfdk\xde\x06\xfc\
e\x1b\xb1\x82p,9x\x907\x0b\x92\x13\xc4\x0a\xa4\
K\xf4'\xdb\xdb\x82l\xd0\x04\x84\x17f\xc6\xfa\xb6\xde\
:\x93\x0c\x905t\xf5\x92zeA\xc1D\xf5\xacM\
\x7f\xbc\x07{a\xfb\xf6\xea\x82\xc9\x05\x93\x0br\x0b\xaa\
\xab{\xc6\xe9\xc0\x0a\xb8\x11\xdf\xea\xec\x5c\xf8\xd5\xba\xef\
\x9b(R\xec\x0f\xdc/\x16\xa1\xe8\xd5IMI\x89\xec\
\xfa\xb5\x7f\xec\xf0\x87h\xb8\x02\x02\x01Zj3*$\
G\x1a\xd6\xef\x80\x11\xa4\x81\x03\xea%(!\xb0\x1c\x07\
3$c\xef\x8c\xf54\xbd\xc3\xa8\xe18\xe4IF\x99\
a\x19\x83\x96\xdf\xd8\xd8\xb8o\x11\xc8G\xb1F\x8d3\
\xe0\x14\xce!\x05\x09\x0aY\xcdcT7\xea\x09B\x85\
\x03i\x7f\x96\x89T\xe1\x92\x5cY\xb2\xd2\x92\xdf\xfe\xc8\
I\xfc\xeb\xf0\xee#\xff\x83\x10\x10w\x07\xb8l\x89O\
\x03\x1f'\x80\xa5\x00\xec%\xe1\xc8\xc1\x97]^\xcad\
\xc2Y\xe4a\xc0v\xd3\xfe:\x84s\x01\xc26L\xb0\
L\x13\x13\x05\x05\x05\x93\x0a\x0a&f\xaeX\x17\x1a\x9a\
\x5c\x90;9\xb7`r^\xc1\xe1q\xe9G\x13\x13m\
\xd5[\x97-\xec\x5cx\xe3Fg\x18\xab\xab\xea_\xd7\
oi\xd2\x19Y\x87\x86\xbf\x8f\x99\xf9\xe2\x8a\xdb\x1d~\
\xb0\x88\x0e\x85\xe8\xc0\xb5Y\x11\x8fE\xc4\xb5\xde@\xa0\
I\x84\xcd\xcf\xe0$'\xb3\x18^\x04\xf7=\x8e5\xd1\
\xeb\x9a\xae\x5c\xed\x85o!\x13\xd1\xa0W$jK7\
\xee\xdb\x87\xf2\x00#\x14\xc8\x10``\x01\x8c\x90\x14 \
\xcen),\xd0\xaag\x9d96\xc4Gt9\x1d.\
\xa2\xc2FH.\x02\xae<\x07P\xb8\xff\x1f\xff\xba#\
\xf5N\xb8\x1b\x08@\xe9\x0b\xde?\x05>\xde.I.\
^\x92\x5c.\xc2f\xf3J\xeeR\x92!9P\xe4\x90\
\xb1<\x9a^O\x81h\x0fp\xa4a\x1eE\x06\xab\xdb\
\xda&&O\x14\xb4\x15\x1c\x09\xd0+\xaa'\x17L\xae\
\xae\x9e\x98\xa8\x0f\x0c\xcf.\x98\xdcV\xd0S\xd9\xd4\xd4\
\xd4\xd9\xd9\xd9p\xe3\xb2z)\xd3\x1e\xec\xed\x95qF\
&\x0d\x9c\xe2\xabl\x1b\xba\xae\x06TX\x00\xd5\x1f\x18\
\xaeok\x9bl\xb1(s\xab\x02t\xbb\x87\xe4\x8a8\
\xa8~\x90 \x92\xcf\x07\xdd\xee7\xfd\xef[|8\xe9\
\xc3\x0c\x18F\x8a\x18\xae1\x18'*K\xa1\xe1\xb1\x06\
\xd1\x83P\x89@b\x16h\xae\x19\xc1f\x0d\x83\xb68\
Z\x00GNV\x88\xc3\xe6\x80\x05pI.\xc9E\xf0\
\xbc\x0dx\x9b6\xd7\xcb\xe7\xcf\x9b\x09\x97ds:]\
\x82$I\x82\xf7\x85\xff\xbd\xd2KHN'J\x87\x05\
\x97\xe0\x22*M\xb8\x81cY\x8ad\xa8\xd2\xf1M\x14\
#\xcb\x08\x95\x86\x19\x83\xe8|VN\xb4m\xcd\x9bh\
k\x9b\xf5\xc5\xf9)\xd5\x93r\xab\xab\x0b\xaa\xab\xdb\xce\
\xddk\xab\xde\x9a\x17L\xe9>\xaa\xe9P\xe7[7:\
\xeft\x5cN\x8a\xeb\x03\xb4\xa60\xd0\xf9\xd4J\xa7\xcc\
\xfe\x84\x0e\xa8\x1dj\x87\xfa\x9fY0}xRe\xe5\
l\x9ff\xba\x7f\xac=R\xc8\xc1\xa7\x883\x18p\x8d\
S\x0c\x06\x9f\xc8\xc8dQ\x0f&Z\x14\x91\xf4\xf9\x14\
\xce\x80\x8bpZ\x14\x9f\x98\x0f;`\x0d\xce\x22\xce\xb4\
\x89%\x19\x86Dtu\x13\x83QV#c\xad\x84_\
_\xe5\x00\xbe=\x90q\x09\x87`#\x04B\x022\x92\
\x90\x83(\xba6\x221\x94 $\x82'\x04D\xcd!\
\x12/\xd0\x81\x97\xa5\x8aiK\x86\x9c\x12\xe1 \x1c\x82\
C\xa8fp\x8e+\xa2XVf1\x85\xa3\xc8&\x9c\
1BNb\xb4\xb2\x06\x9cd\xc5`\xde\x85\xf3\x9b'\
\xe7\xf5\xd4E\xaa\xab\xab\xf3rs\x0b\x0a&\x86n\xdd\
\xa9\xcek\xa7\x18E\xd4MTWYsg\xe7\xcd\xc1\
\xbbg\x07+i\xba\x12gt\x8c\xc1*'\xe5\x9d\x0f\
@\xfe\xe7\xf7\x07\x02\x1d\xea\xad\xb6I\xf6\xd2I\xa42\
\x93V'\x9a4h\x8fA\xdfW\x01\x0e\x040A0\
\x1d\xd7R\xa2O\xe4D\x8e\xe4|\x1c\x19\xbcp\xbe\x94\
S8\x8b\x12\x83\x9e\xe0\x22\x98!\x80\x86\x8a\x11G\xcd\
E\x06\x93\x81\xa1\x07\xd5!\xf4\x047l\x83\xed\x8e\xd8\
\xca6\x9b\xe0\x80\xa2\xd0\xb5\xe2\xcc/\x8e8l\x04\xbc\
c\xa7d\x96 \xebG\xc9\xbf\xd3\xe6\xaeo\xa5\xe9\x15\
\x09\xef\xe7\xa1/\x86\x5c.\x81p\x08\x02?\x8b\xd18\
\x03\x8b\x15\x15\xb12k\xc4L\x94\x91%Y\xa3\xace\
\xc7\x1a$\xc9\x19{UzSi]\xdeD^u\x1b\
D\x84\xb6\x89\x82g\xfd\xea\x02\x1d\xec\x8epYc\x82\
\x0b\x9e<y\xbb\xb9\xf9\xfe;\xfdsg\xec\xb0h0\
\x176\x15L9\x1f\xe8\x80\x1a\xd0\xefW;\x02\xfe\x9f\
\xcc\x92O\xd7\xd5)\x96\xd2\xcb\xd7*e\x924\x804\
\x95\x8fS0\x85#1\x8b\x8fdH\x9fh\xb1X,\
>\x8bH\xfa,\x16_/M\x17\x90\xa2\xc7'B\x10\
\xdc\xb0\xc8\x04=1-;CA\xffO8K\x19q\
\x90.@\x0b\xd0\xe0\xacp\x09.\x1b\xd2\xdeq\xb9\x9c\
N)\xb1\xbdb\xd8\x7f\xd8ks\x1196\x9bK\x22\
\x08\xf8Gp9\x08o\xc2\xe1\xae\x90\x0e\xee\x1aze\
\xe8\x1f\x81\x8f\x86 M\xe2%\xb7\xcd\x0bu\x18\x05\xf6\
\x9e\x14\x00\x5c\x0a-\x1c\xa3+\xc9L2\x99\x14\x19D\
\x86(={6R\xc4\x90\x96\xf6\xf6\xc8\xe6Y\xb0\x01\
\xf2f\xfd\xedo'N\x9b\x828\xc6\xf4\x0e\x1e\xef\xae\
\x1b~\xe7\x9b\x07w\xbe\xbas\xaaXTp\x0d\xa3\xc8\
`$\xefg\x01\x94\xfe\x07T5\xe0W'\xda*\x93\
\x9e)\xa5\xa2\xa6\xa4,\x00\x07c8\x83\x01\xf3\xf9\x14\
RQ\x14\x92\xf3)\x9a\xa6\x8b\x8a\xc5\x07\xcfn\xf1\x90\
\x9cX9\x1cZOz<\x1e\x80\xc84nXc\x85\
:\x00(\x14$\x22PB\x8e\x10\xa4\xd0\xbd\x05\x89\xd0\
\x86UN`\x9fCw\x03\x0a\x1c\x970\xf5\xcb\xdf\x8d\
\xbf\xe3\xdf\xcfK\x92\xadBr9%B\x90\x9c\x82$\
\xd8lK\xbe\xfcr\x09Pw~\xfd\xeb\xed\xfc\xe17\
~&\x116\x9e\xe0%\x87\xcd\xcb`\x1ak,*\xc2\
\x18\xeb\xf88\xd3\xdd\x7fK\xc4\x93\xa7/^\xbcx\xf1\
tRc\x14\x1c\xf3\xf9p\xd9\xa3E\xde}\xb7]_\
\x1fR\xbb\x19]\xa7\xa8\xe4\x09:\xd4\x1b\xd4qm\xc8\
O\xef(\x1d\x1c\xfc\xec\xca\xde\xaf\xfa\x92s\x0d\x8c\x06\
h\xe8\x0b\x87\x7f\x1c\x80\x1e\x00\xc4\x00\xbf\xaa\xf6\x0f\xcd\
\xb2'=\xb3)\x0d\xe7|\x22\xa3i8tF\x15\x1f\
G\x92\x8a(\x92\x0ag\xb1(\xdd\xa5>\x8b(r\x16\
\x8fG,\x14=)\xd6\x0a\x1b\xc2\xe2\x99\x03g\x1c\xba\
\xc2F\x98\xb7\x19\x8d\xd0\x11B\x00\xa2 4\x85(\xd4\
\x11\xda\xd0\x80\xd2\xba,\xff\x1e\x18j\xaf\xaa\x81[G\
\x0e\x1e\x81V\x88\x93\x07n\x9a\x04i\xa2\x9b\xf7\xfe\x82\
V\xcf$$\xa9\xfe\xe3\xc0'\x9bW\xacp\xb9P\xb3\
\x04\x8e\x87\x09L\xcb\x00\xbc<)@\xcf\xfc9\xed\x9f\
H\x9d\xbex\xf1\xc4\x89\x8b\x173\x85\x0a\xa9`\xa4\x01\
z\xb4\x05\xaa\xbf;5\x89\x0e\xec\xf0(\x1a\xce\xf8\x9a\
\xe8\xe1n\x1fIqu\x7f\xbc\xd2\xdb\xee9j\xb9\xba\
\xee\x9b\xb1\x81\xe2*\x80q\xc9u!\x9a\x0e\xf8i\xc8\
\xff\xa0\x0d\xf0\xee\x8e!O8cz^\x17\xeb^\xc4\
9R\xe4DQ\xc44R\x81\xbf\x14Q\xe4p\x8b\xe5\
E\x95\xee\x86\xedOr\xd77\x00\x00 \x00IDA\
T\xef\xf3y<\xa2GT,\x1e\x8b\xc7\xe3\xb1\x88/\
5BG\x08\x86\xa3Y\x1bz\x98+\xe0\xa4\x8c\xe6\x0b\
&\xb0\xdc\x80\xc9\xd86\x09\xca^\x01\xf2[\xa0\xa1C\
\xe6\xff\xd7!\x01V\x85\xe7%\x81\x07m\x12\x97@\x1c\
|\xf7o+C\xe7\x8e\xf0\x82`\xfe\x1b\xfd\xc9\x90\x1b\
u\x84\x5c\x92\xe4\x94$\xa14\xc8\x18q\xd3\x0cF^\
pe]w\xe4\xf2\xf7=\x99\x8b\xc7\xcf>9{\xfb\
\xd4\xc5\xa4\x08W$\x03\x9d\xfe\xca\xfe~\x83\xa5tp\
\xd0*\x8a\x1c\x86\xf9\xd8\xde\xf5\xdf\x7f\x1f\xe9\xfe\xfe\x1e\
\xa6\x14\xd5q)Kqz`\xacyN\x95\x81d\xf4\
\x82\xeb!\xff\x7f\x95\x00\xb4\xda1|\xe4\xf9J{\xd2\
^\xfa\x22V@\xd3u\x8a&*\x0a'\x22\xfe\x93H\
\x8a\x1e\x8b\xe2\xb1X\xc4\x17Uz\xa6\xc5\xe2\xe1H\x9f\
\xc7\x22\x8aJJ\xb4\x88\x9eb\x8b\x07b\xc0\xbe\x0d\xab\
\xad\xd6\x05\xc8p\x11\x9aA\x18&k8\xc4\x00\xa8Z\
\xd9R\xb8\x05\xb7I\x04\x8c9$\xaf\x17\x18\xe9\x84\xb4\
\xe4\xf0\xef\xf7{s\xe0\xcdK@\xca\x94$\x97\xcd)\
\x11+\x03\xfe]\xe6i+\x08^\x92\x96\x1c\x5c\x02\xcd\
1\xc9I\xd8$\x1e\xceM%EQ\xc1{\xc3\xa7-\
\xda\x82^\x9f\xae\xa4R\x99\x8b\x9fvtt\xa8\xe7\x1f\
\x875\x91\xc1p\x00\xb0\x92\x8a/\xe5SD\xbdX\xd3\
p\xcd\x88\x91J\xd3\x8b!z}\xf7:\xb5\xc7r\x8f\
\xbe8\xb7\xb08U\xdc\xdc\xb0\xd3GRr\xf0R \
\x14\xf2?}|:\xa0\x0e\x0dm\xce\xd5\x0b\xed\xc1\x5c\
\xc3\x04M\xf7\x8a\xe8\x86\xf3\x88\x0a.\x8a\xa2\xe2\xf1x\
D\xd1\x22\x16\x16\xf6\xce\xf4x,\x1e\x11\xde:z\xf9\
\xc5b\xb1\xa5\xd0\x22\xc6\xf6\xed\xdb\xf0\xd6O\xad\x00\x9c\
\x01\xf9\x08+`\xad\xa0)\xccR&4 \x86#\xb0\
j\x1bD;\xc9\xf9\xea\x11\x17\x8f\xc4k\xa4\xc4\x90\x9b\
\x90\x9c\xf0\xf4\x92\x84\x16\x80\xb0\xb9\x88g\xbe\xbeeK\
\xc0\xd7\x12\xec|B\xb2A=\xe0t\xa1]Rg\xa5\
\x9e\xdf<L\x9f\xe6d\x9d\xd4u\x0a\xf7\x9c\xbe\xf8\xa9\
\xda\xe1W\xcf?\xcexD\xcd'38\xae)$f\
\x08r\x18\x070(\x86\x81K\xac\xb4\xffZU\xe9\xad\
Of\xcc\x08\xd1'R\xf7/U\x95F\x9b\x9bk(\
\xadi<\x14\xea\xe8P\xb3%\xa0_\xa5/\x0c\xcd\xd6\
\xbb\x9f\xafd*w\xcc \xd7\x96\xc23\x8a\xb0\xf1E\
\x8fG\x81\x1f<\xa2\xe8\xb1\x88\x8a\xe8Q\x14\x05N=\
<~a{\xa4\xbd\xd8S\xec\xb1\x17\xc6 \xc6\xad\x01\
\xdc\x10t\xc5\xad`.\x84\xd0\x11\x00\x15D\x18!\x08\
\x92\x0d\xc0\xcdM|\xa1\xbe\xbf\x22\xe1v\x11\x90\xf28\
\x9d\x84 \xa1\xee\x1fA8 \x08\xc2%\x98Hx]\
\xa0\xce\x04\xbc]\x1e\x94\xca$\xdef\x93 ? \xaa\
\xdb\x0b\x02\xf4\xf8\x85*R\xd7u@\xad\x88\xe1\x8b\x9f\
t\x84\xfc\xfe\x0b\x7f\xcf\xd8\x07\x8f\xf5\xe3\x98\xdc\xbd\x9e\
M5\xe9\x16\x03\xc9\xc0\xc0\x13\xb0\x1b\xb8\xaed\xae\xed\
\xbe3\xd7\xc7Y\xc4\xd3\xa6v\xff\xbaRY\xab\xe9|\
\xabE\x8e\xec\xee\x08\xf8Q\xfd\x07\xd8\x03\xb5?\xb7\xad\
\xa5+.\xb6M\xce{B\x1f\x9f\x0bA\xce\x22\xc2\xbb\
\xb7\x88\xa2G\x84\xce\x11\xa9\xc0\x1b\xf7X\xc4\x14,\x8e\
\xc7\xe2I&3\x9f\x07\xae\x85\xedI{29g\x03\
\x0cF\xacV\x93\xd5\xca2\xc0\x92\x00\xda\x00\xc2\x88\xc1\
\x0c\x87\x05\x84\xc8\xbe\x0d\x0d\x02\xe1\x90\xb6\xffN]\xf7\
\xd7\x8f_qI\x02\xaa\xf5A\xbeH\xb0\x01\x1d\xd3\xc1\
\x9by\x90\x22p\x12\xbc\x00O-\xb8\x08\x07*\x98\x9c\
@\xd7\x94\x08\xbe\x9ew\xb7E\xdaT\xba7\xe5\xd3\x0d\
\x06\xd2\xb0\xbe\x8ekJ^\xfcT\x0d\x85\xe8\x8b\xe9\xb9\
Kou\x5c\xf7\xb5\xa7.\xd3\xfd\xc5\xbe\xde\xf6n\x8c\
|\x8a^!\x19\x5c/~\xef\x9dkU>\xce\xc0i\
\xc5\xcc\xa5\xcb2I.\xad\x1d\xdbY\xfe\x89\xbf\xc3\xaf\
\xaa\x81l\x0fD\xfd|\xc5\x94\xc9\xa9\xae.\xad\xa0]\
\xbeN\x9f\xf2\xf8\x0a!\xbe\x89(\xd2\x15\x16*\xa2h\
\x81o<\x85\x85\xf6b\x9f\x0f-@2i/\x0e_\
\x0b\xf5\xe7\xc3\xf3'c\x00\x04]cb\xacV\xab\xc1\
\x00:BHZ\x16&\x83\x14\x03\x1d\x92R\xe0\x134\
@\xb7OX\xf2\xcc\x8f>\x0c\xbc\xc2K\x04\xb4\xbe\x9f\
\xe6\xfe\x02\xbc`\x87\x9b\xe7y\xb8!\xcc<\x81\xc2\x02\
\xb4\xc4\x04`1\x02_U:r\xed\xeb%\x05y\x1f\
\xfdu\x93\x15\x97u\x0c'_T\xd5J=y\xfa\xc4\
\xf9\xf1Mo^L\xa7\x8aO\xfd\xe5\xeb\xd2T\xea\xbe\
z\xeb\xb4/D\x9f\xb2\x90F\x10\xf3@-<\xd9w\
z\x5c\x17\xb9\x94b 5E\xf3\x91\xa4\xae\xdc\xa7\x7f\
\xe8\x0b\xd0\x01\xf4\x81\x08\x10\xb8\xbebb\xd2\x94\x5c-\
\x95\x9bY\xf8Y\xca*ZD\x8bG\x14\x0b\xe1\xe5\x8b\
\x85\x85\x9eB\x0f\xfa$=\xc9\xc2\xe2c\xc3\xc7\xedI\
\xf8\xd2cO&S\xe3\x07\xc2I\xf8\xbc\x84\x16\x00\xc0\
s,xp\x83z\x0c\xec\x00\xa0\xa00&\xccd,\
\x05\x9c\xe0N\x90\xa0\x11\x5c.\xdb\xa5\xf7\x087\xb4\xc5\
 \xae\xb9\x1c\x12\x0fe\xbf\xcd!\xb8%^\xe0\x81\xa6\
,\xa1\xb8HH\xbc\x9bp\x09\x82\x13T\x8b\x88\x8a3\
\xaa\x7fE\xdb\xcf\xfc\x81:d\xe5jb6\xd3t\xb7\
\x9e\xca\xa4/^<q\xb1\xdc\x8e_\x1c\x0f\x04\x22:\
\xc3\x96\xbe\xd9\x14\xbc\x12:\xcd\x91,\xf4,0\xc8\xc9\
5\x83\xcei\x8a\x1e\xcc\xab\x02l#\xa0\xa3\x94\xcf\xe9\
\xbb\xf7\x9f6A\xd0\x118\xf6r\xf5\xa4)\x05\x05\xb3\
gmn\xee\x1c\x8b.]\xaaY\x8a\x0b-\x85p\x04\
,\x9eBO\xf1\xd3\xe7O\x16\xda\x93\xcf]\xdf{<\
?\x95\xdd\x01I\xfb'\x1d\xd7\x96\x16\xc3\x0e\xc8\xdf\xb0\
j\xc3\x865\x8c\xc9d\x05\xfd\x18\x00\xd71Y\xbb!\
\x18/\x1b\x8d\xc6\xee\xec\x02\xa0v\x88$x\x87`\xde\
\xe3\x14\x88i\x84\xe0p@t#x\xc1\xccC\xb6\xe3\
\x06}\x067\xbcy\xc2\xe6\x96\xdcn\x87\xe0\x16\xe0\xd7\
\x89\x8a3\xef\xde\xfb\xc3\xf4\xedW\xce\xf6\x9a\x00\xa5\xc9\
\x9aJ'f\xb2\xb2\xac\xa4\xc4d2eI\xf6\xd2\x81\
{\xb7\xdbu\x5c\x99{\x8a\xbe\xd7\xdb\x0b\xf3\x0c\x864\
 \xc3K\x16I9\xc8;\x80\xf0##\xb1g]\xae\
k\xdb\xa4\x06\xb2M\x10\xd5\x1f\xf0\x7f\xb8\xa2 /\x95\
\x97[0{\xf3\xf3\x95\xcd\xcd\x0d\xb51\x8f\xa7P\x14\
\x93\xc5\xf0\xe6\x93\xa9\xb9\xf0\xee=\x1e8\xeb\xf6b\xfb\
\xc9\x93\x17\xed\x19{1\xfa.\x7f\xf0\xdc\x9dl\x0c(\
\x07F\xc8j\xd6d\xb2b\x08\x14a4\x22ay\x0a\
T\xa5\x01+\xd1\xbd\x01\xf4\x03\xcc\x04\xda\xd0\x82\xd7m\
\x86v\x0f(2\xd9\x04\x07\xda\xecf3\x882H\x92\
\xd9,8\x04\xc1\x0c\x99\xb1\xcb\xc5\xd7o\x1fr8\x05\
\x89\xb7\xe58\xdc\xde\xfa\xed\xb7\xfc\xf7\x8b\x83\x18\xc2`\
C\xbe\xc1\x1a0Xh\xc08*\xbd\x01\xba\xd2\xc71\
,\xe9;\x1e\xba'\x922Y\x04zN\xf0\x16\xa0:\
\x81\xf5\x80\x05\x00tK\x11\xd4\x05\xa5\xd5\xc7\xd0\x08\x00\
\xce\x7fH\xfd\xe3\x8a\xdc\xdcpF\x9b\xf2\xfc\xac\xcd\x9b\
77u674\xb7\x88\xc5\x85\xf0\x8a\x93\x85\xc5)\
O2\x93}\xffI\xbb=i\xb7\xdb\xe3v{&i\
_\x1a\xb6\xdb\x8b=vO\xb2\xd0\x1e\xb6\xdb\x93\xe5\xfb\
VmX\xb5\x06\xcd\x03\xe1\xb9)\x06\x87\x1e\x12\x1a\x8d\
\x06\x01`Q\xbaa\xc3[\xab\xb69$h\xf2\x9aQ\
\xb5'\xf1/\x7f\xf9\xa5\x9b\x90\x04\x9b\xe4\xe2y7\x9c\
\x7f\xd8\x01<\xcf\xdb\x047\xfc:as\xda\xbe\xfc\xd3\
\xcf\x05\x17/\xf1\xae\x0a\x9e\xe7\x13\xdbo\x05.\x17\xe2\
\x8cl\xa2d\x19\x07\x7f[\xc8\xff\x11\x7fY\x97\xb1\xde\
\x19\xbe*\x5c\x07\x5cs\xef\x0c\x83\xc6\x00m\x834\x90\
\x80\xfd\x80\xd9\x1eiP\xb8\x1d;\x8a\xa0\x99m`p\
E\xd3\xc7\x03\xa1\x00\xba\xfc\xe8\x80z\xec\xe0\xe6\xb6\xa5\
\xf6pR\x9b\x04-\x94\xd3\xf6\xe8[ou\x0e\xbc\xb4\
4?Y\x0c\x8f\x9a\x7f\xe2\xfa\xf5\xcb\xe1dv=\xc2\
\xf6d\xc6\x1e\x0eg\xec\xf6p\xd8\x1e\xa4\xe9J;,\
Kv\x07l\xd8\xf6SD\x9cE\xba\xba\x00/A\x83\
W\x161P\xb2\xc4\xc9m6\x02\x0d|x\x820K\
D\xfd\xfe\xc0\xfbn\xc9ls\xc2y\x17x~\x05!\
\xc00\x90\x90\x087\xca\x8d$W\xc5\x91w\xf6\x1e^\
\xe1\x82\x95pV\xfc\xc4\xc1K/?S\xeacL\x94\
\x8eC\xdb\x8d\x04\xedv\x16\xb5\xe5@\xaa\x80\xb4p\x98\
N\xe2\x14\x8e\xa7\x9a\x9a\x00\xc1\xf6T\xd1\x92\xc11\x05\
\x18\xfd\x0a\xc9\xe82\x80\xc0qN\xc4\xf5\xe0\xa5\x90?\
@C\x03$\xa4~>\xb5`\xd2sv\xf4\x82'M\
\x9a\x94\xf1$=}\xcd\xcdc7\x1e\xbf\x99\x5c:7\
\xd5\x14\x8f_\x08\xed\xbd\x9bD'>\x19\xceTV\xce\
-L\x86\xc3\xf6p,\x1dn\xefP#\x1eX%{\
8S\xbeo\xc3\xaam\x8b@P\xd9J\x99\xb2\x931\
\x80\xcb\x03W\x00\xd1\x8cKW5lX\xb5S\x90\xd0\
\xd0\x03J\x01I\xf2\xfe\xea\xc3c67\xef\x80\x87\x06\
\xb5\x12\xc7\xca\xffc\x13\x9c\xbcY\x12\xdcnB\x90$\
\x97Cx\xf6\xd8\xbb\xfb\xbd.$\xee\xf9a`\xbf\x97\
\x1fjCB\x8d\xba\xaeP2i$Y\xe0\xfb\x91F\
\xc4\xcfa8M\x83Q\x87\x91\xc1I\xd9s\xea\xfeC\
\x83l\xa8\xdbQ\x0d\x96gP\xd4\x1a\x0cP\xfcb\x1a\
4\xf2\x18Q#\xdb\xfcP\x03\xc1\x10\x84\xfe:\xb1\xbd\
ms%z\x8d\x95\x9b\xa7\xccl\xca$\x93\xa9\xf4\xfc\
\xe6\xbb\xea\xc3X\xb8\x9dV+\xd3\x17\xe8\x8e\xfbI{\
\xb20\xe9I\x1af\xab\xfe\x93a\xfd\xcdT&\xd3\xff\
\xf0\xa5\xa5\x8f\x1e\xc1Z\xd8\xed\xc9px\x0e\xbc\xe0E\
l\x96$\x02CA\xe8\xd4\x01L\x12\x008\xb8\x91*\
]\x05\xfa\x01\x02\xe1\x84y/A\xb8\x09\x89p\x99\x9d\
\xad\xbc 8x4\xfcp\x0b\xff\x1aP\x8f\xd8 \xf1\
\x13$3o#x\xa7C\x10\xa0} @\xf3\xdc\xfb\
>\xfdFBJT\x93\x18N1\xddM\xe3YGw\
p23\x05)Pr 9\xd9\x80\x1b0\xc6g\xe1\
\x14]\xfbh\xef\xdd*\xd9s\x9c~\xd7\x02\x13\x1d`\
\x89s\x1c4\x0f\x81.E\x92\x16\xae\xf8\xa3\x104A\
T\x7f\x87\xffw\x9bgw\x07+g?\xaf\xd8Sy\
\xb3+gO\x99\x15Q<)1\x1e\xfd`\xdd7\xf3\
2kUuA\xf8\xcd\xf3\x17\x1e\xd9\xedvO2\xd9\
D\x87T\xff\xe0\xe3K\x81[]':\xae\xcc\xcd\xa4\
\xe3\xe1\xb8\x1d\x8e\x83=3g\xc3\xaaU\xdb~\x0a\x02\
*\xf0\xe0\x10\xffAE\x89\x82a*`\x0e\xa9\xd2U\
\xa0\x1f\xe0\x86\xabO\x02-\x0e\xb8\xe8\x05A\x22\x1c\xbc\
W\xe0m6[\x85 \xfcXU\x97\xb8$~\xc9\xb3\
f3\xaa\x99$\xc1\xe5\x10\x08\x82'\xa4\x8a\x1c\x89 \
\x96$x^\xaa6\x90\xb8Ak\xa2\xe9n\x1c\x971\
\xc4F\x02D&\x14,E;\xd63\x9ab\x98q\xe1\
\x04\xa6yN\xde\x1a\x14}\xa9A\xfas\x9f\xc1@j\
8\xa7\x18H\x803\x90\x18\xc3q\xa4O!+\xdf\x09\
u\xf8a\x07\x0cO\x0cm\xee\xae\xcb+\xa5\xear\xeb\
rgkr\xee\xa4\x82\xdcIb*\xe5\xf14\x8f6\
7\x0f\xacY g<\xf6L\x06\xbd\xe6d2\xa5\xbe\
\xa3v\xf4\x9f\xbe\xac\xdeI\x9f\xb8\xfe\xfd\xdcx&\x9c\
\x1f_\xbatn2\x1e\xcf\x94\xaf\xda\xb0j\x15\xc4\x00\
Pnd\x18+\x94\x81\x00\x93\x84\x1e\x11\xf0'\x809\
\xbam\xa7\x1b\x22\x9a \xb9y\x07Hs\xa0\xfc\xc6-\
\x09\x92\xcd)TH\xc4\xb4\x7f\xfb\x1f\x09\x89_rE\
\xdd\x05\xd2%f\xb3\x007\x22\xb4\xce\xa0u\x88BG\
b(RT\xe4\x9bQJ\x86\xceY)\x98\x8b\x80\xbd\
)\xc6y<0\xe5o\xa7\xfd\xbd\x94\x81;\x1d\x1a^\
\xc0y.\xd0\xe7|\x9aX\xb9\xbe\x1b\x03 \x81\xa7\x98\
\xe1\x0c\x1c\xce\x80\xd6\x03Wd\x10\x15%B\xfbC\xd0\
\x05:657R\x1b.\x98R\xea)\xac\x9c=\xd3\
\x93\xe4\x9e\x9f]0\xbb\xa0.\xe5\xc9(\x99h\xf3\x8d\
\x1b\xb5\xab\xd1\xd9\x87O\xd8noJ\x1e8\x11\xea\xe8\
\x0f\x1fh\xf2<\x97I\x87\xc3\xf1p8??\xfe\xf8\
\xdc\xd5\xb9\x99p\x0b\xc8\xe4\xcca\x00#\x05D\x11&\
\x08sq\x8a\xb52\xc8i\x8b1\xc2\x0e\xd8\xb6\xd3-\
\x09\xbcd\xe3mf\xde\x0d\x89\x0e\x5cw\x10\x12\x9d\xee\
#G\x08\xc1\xe5\xe6\x05\xc9\xbb\x8b\xa6\x7f\xc1\xc3\x1d!\
\x99m\x84\x9b\x005'\x02\x81'\xdc+\xcf\xac\x18\xda\
|nx\xfc6}a\xc6\x02E\xd75\x84\xd90\xad\
\xff\xfeR\xbfI\xc3\x0d'h\x7f\xb7HiM\xeb\xce\
v/H\x01\xd1Z\xd1|\x16RaH\xa6\xee\xf8q\
\x0ed\xa5\x0c\x1aZ\x0e\xcc\xa0\x89\xe3\x00\x83\xe9P\x7f\
\xb7y\x96\xa9\xb6\xb9f\x11\xdcqp\xcf\x17&a\x01\
\xdaffR\xc9\xa4\xa7\xb8\xa5\xb6\xb9\xb9\xb9$\x1e\x8f\
\xdb\xed\xf1\xb0\xdd\x1e\xd6h\x95||\xead8\x93\x81\
g\x8f\xc5\xf3\xe3\xf1x<V\xdeD\x0f\xa7\xc2\xe1\x16\
\x88\x01sLV\xab\xd5\x0a\xfd\x0f\xab\x09y\xae\xa3`\
`\x82/L\xab\x1aV5\xd4\xba\xa1\xb2\x03\x15N\xe8\
\xfe\xf2\x92\xd7\x0bi\x81\xe4\xaa\x80\xa9\xf8+(\xf2\x13\
\xae\xdf}\xf1,\xd4=P\x22\xb9\xdd\x905\xf1(u\
p\x1d\xa1\xe9?'v\x04\xe8\xb5\xeb\x02\x17|\xa4F\
\xb2$\xd3=\x835Q^z\xef\xfbE\x1c\xc9Xw\
\xac\xe7\x18Lgzw\xa8j\xa4}\xfc4\xa7\xe0\x18\
\xa6cA&X\xed\xa7\xbb9\x0cSHM\x11}\x1c\
\xc9\xe1\x8ar!\xd0\xd1A_r\xbc\xf8\xbc\xc9\x12\xbd\
q\xe3\xc9\x93\xa6d\xd2\xee\xb1\xdb=\xf6\xcaY\xb9\xb9\
\xb3b\xc9d\xb2\xb8\xb08\x99\x8av\xde\xe8\x8c\xe6\xe7\
/]j\x0f\xe7\xc7\xd3\x99\x90*g\xd2\xe9X\x0c^\
=<<Z\x82\xf2\xd8\xc9\x07\xf60\xec\x80\x86m?\
\xa5 \xef\x83\xf2\x9f5\xca08\xd3H\x8aY@\x81\
\xe67\xe8\x09\xae\xaa\x85a7\xe8/\xba\xa1\xf4q\x0b\
^/\x80\x80\x5c\xb6\x8a_\x04\xe8\x95\x09\x09Z\xc1\xbc\
P\x9f0CI$\xd9$\xde\xed\xb6\xa1sbs\x12\
.\xe7\x91\x00\xbd\xbfm\xc1\xc5\xf6\x19\x17\xc7Ku\x0d\
'Iq0t\x9f\xb3\x9a\x86T\xf5}\x9fO\xd75\
\xc5\xc0\x91\x94N\xe9\xebiu\xa6\x98\xb2(\xbaB\x82\
\xc0\xf1\x8e\xf5\xed\xbb\xcfVAOO\xe3\x8e\x0f\xca\x22\
\xa7h\xba\xde\xf69}k\xf3\xd0\xe6\xc9J*\x95\x1c\
\x18\x0b\x9d;\x90\xf4\xd8\x0b\x93\x1e\xbb=U7\xa5`\
\xb3\x0e\xbb~i\xb84\x10*i\xee\xec\xac-\xcf\xe4\
\xe7\xc7b\xc9\x03\xa9\xd4\x9b\xb1t\xe6\xde\xb1x\x1c\xde\
\x7fy:\x96\x8e\x95\xc7\xe2\xe5\xe5\xe9\xf2x<]\xbe\
j\xd5[\xdb\xe6PA\x86\xb5RV&;\x10a\x19\
\x0c\xc4\xf6\xa1\x1c2\xc2-\xb0\xedu7\xecm\x9e\xb7\
\xb9\x1d/\x03\x02\x02B!j\x08>\xdb\xba\x1f\xdaB\
\x02\xc4\x03tM\xc2\xc0\x5c\xe2\xcd\x82\xe0\x12x\x09)\
\x9c\x11\x8eWW:\xdb(]\xe1|$C\x05e\x92\
T\x06\xf7\xde7\x18)\xeb\xf8Z\x8f\xa6\xb1\x0bL\xac\
f`t9X\x84%S\x16\x10Y\x971\x03\xa9\x88\
'h\xba(X7\x83S\x0c\x8cf\xbd\x12xS\xf3\
q\x8a\xa2\x04wl\xde\xf1b\x9e,*\x1e%\x99\xdc\
\xf2\xddw\xd1da6\xcd\x0b\x87SSfM\x82\x13\
\x1f\xcfgi\x7f{W\xf3\x8d\xce\x1b\xab\xe3\xe1\xfc\xd8\
q\xd5\x9f|)\x939\x1a\xb8\xbd4\x1e\xcb\x8f\xc7\xca\
\xd3\xb1\xf2\xf0\xd2\xf2X,\x96N\x87\xe3\xf1\x96U\x0d\
\xdb\xb6\xcd\x01\xca\x0d\x14@\xd0\x06\x83\xe90j\x88\x06\
)\x13c\x05\x19\x9dm5\xde\xec\x13\x13\x89\x8fB\x7f\
3\x13\x0e\x07Rf\x92$\x07aN\x98\x09\xe8\x868\
\x09\xb8\x1b$\xc2\x09=B\xc1mF\xe3C\xc8\x1d$\
\x01\x16\xa5\x0d,LI\x1dt5H\x0d\xabk\x0f\x92\
,\x03\x8a\x18\xf2\x82\xe1@\x9d\x81\x05N\xfb\x0e\x9a\xae\
+\x06\x10 \xa4\xe1>L\x1c\xa7\xd7q\xa7\xd4\xb3\x06\
\x05\xd4^\xee\xdc= \x92\x22\xa9\xa5<$f\xb0x\
<\x0a\xd4\xb7\x85\xe1\xce\xce\xe6\xd5(\xcc\xdb3\xe1t\
\xe6\xf9\x82\xd9\x9e\xb0=\x1c\x8f\x87\xc7\xc7\xed\xe9\xf4X\
\xedgoweb\xe5'\xe9\xe1p<\x96>\xfa\xf0\
\xabtyy\x0c\xfe\x8e\x05U\xba0V^^\x9e\x8e\
\xc5\xe3\xabW54l{\x89b\x91\xc7*\xa2\x22@\
2\x08hy4\xc0\xa3J744l\x9b\x9f\x00\x15\
n\x9e\x90\x86>\xed\xf8\x87\x00\xc3a\x01\x8e\x04A8\
\x08\x89\xaf\xdf\xbe};_\x0f\x0d\x128\xf1N\x00\x09\
\x99y\x14\x0a\x00=\x02\x7fJ\xe0'A\x9da\x04\x91\
4\x0d\x12\x8e\xaa*\x0e7\xfaJgX`\x1e\x90\x07\
4G\x0c\x16`;\x87\x91@\x07\xc7|>\x9f\xa1h\
Go\xf1)\xfa\x98OQH\xac\xb8\xd8\xa2\x89\xa4E\
QDOq\xa1G\x13\xb3%^\xa1\xbd\xabsl\xec\
\xb9\xa5KQ\xa8\x0f\xa7\x9f\x9f=\xab4\x1e\xb6\xa3C\
\x1e\x0fg\x1e?\xf6\xaf\x1b\x8b\xc6b\xe1T*\x16K\
\xcf\x89\xa5\xd3\xb1ty,V\x1e\x8b\xa5\xabh:U\
^^>'\x16+O\xc3\x024\xccA\x17_V5\
\x05\xf8\xe7\x98\x0c\xe5 L%@St\xe7\xb6\x1a\x9b\
\xc4\xf3D=_\x9f\xe0+Z+\x08\xc2\xedp\xe5\x80\
N\x97\xcd\xe9\xfa\xf9\xfe\xfd\x87\x0fozc;!\xb9\
\xa1C\xe6r\x0ap=\xd8\xea\xf9z\xaf\x9b@\x95\x03\
!\xd5Ku\x18\xf4\xdc0\x8e#q\x0d\x931\x93\x91\
3\xfaz\xe9\xe1\x88^\xda4\x0eXg\x12\x0f\xf6^\
8_\x0a\xd0/\x18\xca\x1a|$\xe6\xd34Ki{\
\x93\xa8`\xbe\xba\xb3g\xd7\x93\x9a\xe2\x83\x07OAC\
\x0b\x15\xf2P\xcb,\x1ah\x1e\x88\x87!\xc9\xcf\xb7\xc7\
+w\xcc\xcc\x0bC\x9c\x8f\x87\xf3\xe3\xb1X\xb8\xc7\xef\
o\xee|\xbde\xf5\x9a\xf2XlN\xf9\x9cXy\xac\
|N\xf9\x9c9-\xe5\xe9\xcc\xc5\x8b\x19\xd8\x01\xb0\x1f\
V\x83h\xeaK\x14\xca}\x82H\x5cXG\xae\xb3@\
0\x85\xac\xb8tU\xc3\xb6\x9d5\x0e\x17<\xc8\xd4\x95\
+\xa4W`\x02rp\xa5C\x80\xd0'\xd9\xb6\xef?\
|\xf8\xf0\xef\xf6\xff\xfe\x8dz\x17\xea\xfe@I\xc0K\
\xbc;\xb1\xe4\xcc\x113\x91\xed\x08I\x15gv\x18@\
\x9b\x88!q\xb0R0\x9a0#\xa6);h:\xcf\
\x80\xe9\x9aA\x06\x005%\xeb\xa2,S\xc0\x08\x86\xbe\
,\x0eH7N\xf7\x88\xb8\xe2\xc3g\xfb\xfd\xebq\x0d\
Jy\x8b\x12\xa9D%.\x94\xb7\xf6\xb9\x99\x8b\xf4\x93\
\xday\xf1\x0cl\xfbx\xb8\xff\xda\x85\x99:\x5cpp\
\xd1\xa5S\x01\x7f\xd3\xe3\xe6\xce\xe6\xda>\xf4\xa4\xb1\xf2\
\xf2d0U\xde\x02\x9f\xf2tKyyyKK\xf9\
\x9c\xf2\x96t\x09\xf8\x07\xbc\x04n\xb3\x0cr\xd8\x84r\
\x08\x15\x05\xf0\xca\xacLv\x01\xe6\xbbA\x8b\x94\xff5\
\xbdn\x85+GpM\x1d\x0e\xfd\xc6\xed\xe2y\x9b\x83\
\xf8\xf9\x1b_\xfc\xe9O\x7f\xfa\xe4\xf0\xa6\xedp\x15@\
\x17\x08i7\x0b\xdb\xff\xaa\xfe\xa5\x8d\xe0m\xd04O\
\x1c\xa6\x87\xab@\xaf\xd8\x84p\x18H\xba\xdb\x88\x19\xba\
\x8f\x9f2\xea:cB\x14_P\xfa\x00\xc33\x13\x8b\
\xc3\x22\x994\xdc\x88\x9a\xda8\xe9\x13}\x0b.\xdfa\
I\xd4\xdf\xf5\x1c\xf5\xab\xbe\x14\xda\x00\xf6\xa4}i\xe6\
\x04}\xb5y \x16\xced\xe2\xf1\xcc\x81\xdd\xbb\x07_\
\x9c\x14/\x8f\xc7\xe2\xb1x:}\x94\xa6_z\x5c2\
\xd6|\xa3\xb6\xac<\x96\x8e\xad)_=\xa8\xfem5\
<\x7fWWKv\x1dZ\xe6\xb4\xb4\x94\x97\x80p\xf2\
\x1c\x13((\x00\xab\x1d\xd9\x0b0\xa07fDZ\xcb\
\xa6\xac\xa6(d\xf76\xe1\xd74\xbd\xc2\xc5\xf3\xae%\
\xeb\xd4\xfdf\x18\x11\xd8\x12\xbf\xdc\xf4q\x87\xdf\xafn\
\xda\xf43\x97\x00\xd5!hV\xba\x05I\x18\xfa\xbf\x81\
\x7f\x0cA\x99,x\xf9\xc4\x9fi\xb5\x8a)2\x98\x82\
\xa0\x03\x86CE\x88\x1bu\xa3O\x84:\xcf\xc4p8\
Bo\x92\xc8\xfe\x1dT=P?\x82\xe5\x00\xed\xca\xf8\
`\x92q`\xf7=\xce\xa2X,b\xb1\xfd\x84\xaa2\
\xc9l}\x1b\xce\x84\x9f\xcbd\xfav\xee,\x0b\xc7\x9f\
\x8b\x87\xe3\xc7\xaf\xdc>\xff|n\xaa<\xfd8\x1d\x8b\
\xc5\xcbc\x9a'\xdd\xd5\xd5U\xdb0vc\xe0\xf1\xe3\
'\xdf\x9f\x98\xd7\xef\xbf\xbb\xa8\xa5\x04\xad\xc1j\xf8\xb1\
+\xbb\x0a\xabvn\xdb9\xc7j\xb2f\x9d\xe6`\x80\
\x0b\x1d!\x1d\xba\x83&@\x8a\xee\xdc\xb6mg\x0dt\
\x80\x09b\xea/\x0e\x9a\x01\xfd\x9a=\x02\xa8\xdf\xf9\xc6\
\xe1K\xd0\xde\xdf\xbf\xe9\x97\x12\xd2\xea\x03\xd1J\x98\x86\
JG\xfep\xd0,\x106\xe8\x17IGV\xec\xa8\xc2\
\x8d\x06\x16:\xcf,G2Z\x10\x97\x8d\xba\xec#I\
\x10\x8a\x03\xe1\x06@J0\xa4\x914\xc0\xd7\x0c\x03\xf5\
(YDr\x98O\x14\xf3\x86C\xed\xa1\xdb\xa2Xh\
\xf1\xa4>\xbf^\xd8\xd3\x93\xcc@\x15g\xcf\xd8\x83)\
\xfb\x9ct\xea\xea\xf0h:\x93Ng2w\xdf\x7f\xe2\
h\x9b\x9d\x97_\x9el:\xda\x92N\x97w\xb5t\xad\
>y\xec\xe1\xc0\xbd\x8e\xafF\x1e\x85\xd4\x13]s<\
\xe1\xae\xae\xae\xd5-]]]]%\xf0\xf4sZ\xd6\
\xaci\xe9jh\xd8Y;\xc7\x1a4\xc1L\x103\x82\
\x0c&fep-\xc8\x22\x12)\x955Y1\xdb$\
\xde,\xb9^q\xbb$\x97M\xe2\xa5\x0a7\xcay\x88\
\xc4\x1b\x87\xef\xc3\x02l\xda\xf4sW\x96*\x02w\x80\
Sr\x09\xe6\xff\xfcE3$\xd0\x92@$\xdau\x0c\
g1*\x18\xb4B\x8d\xad\xcb\xa0q\xa3U\x19}\x1a\
\x86\xcbF\x16\x84\xfc\x11\xf2\x0dDL0R\xe1L\xa5\
\x18\xc5\x1a\x0c$f\xf0Y\xc4n\x9a^p\xeaB\xa1\
\x85\xf4x\x94\x10\xedIeR\xb0\x02P\xca}\x18\xb8\
\xd5\x12o\x0at\xdc\xf5_^\xf38\xbd\xf6\xf6\xee\x1f\
&\x0a\x9e\x9f\xa2=\xbe\xe3\xbf\xbb(\x1dKgb]\
%w\xde\xb9[\xb6\x9b~p\xe3\xc6\x83\x93\x7fG\x9b\
\xbfkuIIWKIW\xd7\xea\xd5-\xab\x17\xad\
^\xddR\xde\x05\xd2\xdas\x16\x80n-\x02D\x04a\
\xdf#3z\xb0 6\xb2\xa5\xf0\xeb5n\x827\xbb\
\x09\xc2\xf5\x0ar\xa7AhA\x1b\xefv\x0a\xf5\xbf<\
\xfc\x0f\x80\xa8\xee\xdf\xff\xf3\x0a\x00\x08\xb9\xddn\x98\x0a\
x\xe1B@\x0a\x9e\x90\x06\x10\xdbqR3\xe0,\x8b\
\xcc\x12\x80\xdd\xc9\xe2\x0cY:<\xdcdQ\x00\x9bc\
\x84\x05\x80\xe6\x97\x8e\x199\x16\xc7*\x87Cu\x98\x0e\
\xed\x0f\x1f'\x8a\x95\xc7\x075\xbb\xbd\xd0\xa3\x88>\xcf\
\xc3\xfe\x05\xc5\xd0\xfe\xc8$\xc3\xe1p\xf2\x09\xfdU,\
?\xfc\xe0\xe1\xd5\xd0\xb7\xd1t\xd7\xe0\xee\xb3\xe9\xf2\xc8\
\xcc\xdc\xba\xc7\x97C\x1ft\xa5\xcb\xb5\xdb\xbbc%\x0f\
\xee?\xec;\x9a\x19]\xd896\xd6UR\xb2zu\
III\xc9\x83\xef/w\x95@\x1cX\xddUR\xd2\
\xd2U\x82\x16\xc0h\x85\xb1\x00 \xc5\x82\x14\x85Y\xb3\
i\x00L\xc7\x98\xd2\x9d;\xb7\xd5\x96!AN\x1en\
\xf7\x0a\xc2\x06X('!\x98\xe1\xba\xdf\xfe\xc6\xfe\xdf\
\xff\xf9\xf0\x9f7\xfd\xb2\xbe\x02)z\x1fY\x01\x93\x12\
\x87W\x82f!\x81\xf2%B\x9a\xc0\x82\xa4\x81\xc3\xc1\
-a\x01`\x16\x8d\x98A7-\x08\xd1\xe3\x16\x9d\x05\
d\x9a\x0c\xc97Gr$\x9c{\xb2h\x87?\xb0C\
\x87A\x11\xe9\xe38\x8b\x02\xf5\x8eEI\x15^[w\
\xe7\xa5dq\xaapna&\x1c\xce\xe4\xa7\xd3\x16K\
<\x16\x86\x1c\x7fdd,\xfa\xf8\xee\xd9'\x83'\xbb\
gN\x99\xa9\xc7_z\xae<\x9d\x9e\xe1\xa7S\xb0\xd5\
\xbb\xba.\xd2\xa1\xda\x1b\xcd]%\xe8\xb3\xba\xec\xc1\xde\
'\xe8\x14t\xb5d\x7f\x06\xe4\xf3\xe7\x80rsV\x92\
\x00\xf1\x06\xa1/\x80\x846X\x0a\x9c\xa6j\xe6?m\
\xf7K\xbc\xeb\x95K\xef\x7fi\x06u~\xdelv\xbb\
\xf9\xfa\xfdo\xec\xdf\xf4\xcbMo\xfc\xb2\xdee#\x1c\
\x89/\xd7}\xce\xd7\xff8\x10Z\x22%\xccnPp\
\x85\xa1\x11_\x09d<\x06g\xe4\xc8\x95s\xa52%\
C\xab\x05\xa7\xc6\xc7\x83\xc0#APf\x0c7 P\
\x0b\x07\xfaX3N\x9c\x87\xb1.)*>\xc8}\x94\
l\xde\xa3\x5c\xdb{\xed\xb9d\xd2\xf3\xfd\xedG\x10\xf5\
c\xe9ty&\x95J\x86\xc3\xf1Xt\xacs\xf9\x89\
\xb3Wo\xd1\xf4\x8e\xea\xdc\xdc\x99\xa9\xb3\xf7\xd2\xe9t\
\xe6\xe1`\x1c=g\xc9#u\xddgc\xcd\x9d\x03%\
\xd1\x92\x92\xbe\x92\xae\x8b\xfd\x0f\xba\xba\xba\xe6\xc4J\xd0\
\x92\xf4Ea\x87\xcf\xc9\xce\xc2\x18\x00\x94\x83\x8e5@\
\xc7\x81xe\xa2\xac\xa5\xc8iJ \xb23\x0e\xc9\xc6\
\xbf\xbb\xf7\xa3\x84\x8d\xe7\x05\xb7\xc3\xed\x86\x9f\xda\xfe\xcb\
\x9f\xff\xf2g?\xafwIN\x9b\x94\xf8b\xef\xdfx\
\x00N/i\x1br\x0bn\xf8C\x84 ye\x8a\x02\
\x80\xae\x8e\xf7\xd0to\xd0H\xb2E\x8c\x1e\xc4d\x8c\
\x0a\x9a\x82\x00\xc6\xa0d\x1d\xda\x83\x1cl\x00\x0dS,\
\x07R\x9c\x8e+\x9c\x82sh\xb4\x87&;\xbe\xc8\xc9\
\x93s\x92\xc9\xa4\xef\xf6\xde\x93\xd0\xe7\x88\xa5\xf3\xed\xf1\
\x00m\x81\x1b\xf0\xf1g\xa3o?\xdc}\xf5\xc1\xd5\xab\
3&\x17L\xc9\x9d\x1dP3\x8f\xbb\xba\xba\xfe\x9e}\
\xd1%k\x1ew\xad\xf3\xdf<\xd4Y\x06\xcf[\xb2\xa8\
+\xda\xd5\xf5\xf8\x80\x9fnY\xd4UR\x12-\x81\x05\
\xd89\x07\xb9\xce\x1a\x91\xe3\x13Ka@\x9a\xa60#\
\x0c\xc7\xac\xa5;kw\xbe>\x1f\x10\xf0p\x02$\xa7\
\xeb\xf0\xf9\xc9\x09\x89p{W\xb8\x1dn\x1eH\x11\xe6\
\xfa\xfazX\x1a\xa7\xcd-\xfc\xfc\xcb\xc3\x09\xef3\xbf\
\xfb\xe2W\xbf\xae\xf0\x1267\xc8\xf8\x9a\xf9Y\x0c\x0b\
|\x15#\xa6\xb7\x1f?\x8e\x05\x99\xf5\xc3\xe7\xd6\x83\xcc\
\x1dk\xd2(\x99\xc1\x01\x98\x10D\xdc\x04\x03\xc7Q\x0c\
\x87k\xa2\xa8y\x00\xd7\xa1\xc0\x07\xbd~1\xf5\xbdz\
r)\xdc~\xf6\xc1\xfe\xc7\xf1\xcc\xf7\xc3\x0f\xd2w\x87\
O\xfai%\x93\x09\xc7\x9aB\xea\xc0\x07\xbb\xbf\x7fT\
^\x1e\x9b997w\xd6\xc3;\xe1\xec\xa3w\x95\x94\
\xf4\xad\xee+\xe9\x9bw[\x1d[\xde\xd9\x5c[\x12\xed\
\xeb\xea+)\xe9\xeb\x8bz\x02j~_\xb4/\x1a\xed\
\x8b\x82\xd7\xd8K\xa6\x05V \x8d k\x15\x90\x16D\
z\x1c\x90\x1fSAp\xa1\x99\x0f3p\xb4\x00\x84T\
_?\x94\xf0z\xbd< \xa2%\xde\x01\xa5O\xd6\xaa\
\xc0%\x10n>\x91\x90\x04b\xfb\xac\xbfv|\x9dp\
\x81\x947\xef\xe6\xcd\x95\x0c\x06\xb0E\x03Y$+\x8a\
\x1c4\xeeP\xd5^\x0a4LP\xd7\x1f1Y\x00\xa4\
\x8e\x1b\x0d \xe5+b\x8a&ZX\xa6\x18\x9e]T\
\xe0\xfd\xa7R\x19\xcf\xfb\xf4\xe0R\x94\xff\xc4\xc3\xe1t\
\xfc\x8f{\x07\xd7\x5c\x0f\xf4\x1f\x88\xcc\x89\xc5\xe3\xf9)\
U\xed;\xbb\xfb\xce\xe8\xe3\xae\xf4\xa4)S\xa6\x14D\
\xa2%]O\x8f<<m_t\xde\xa2Ec\x9d\xcd\
7:k\xe1\x9bhII\xb4o\xd1\xc9G\xd1\xa7\x1f\
\xb0\x10\x99\x03\xe2\xedVp\xda\xcb\xba\xcef\x9bvP\
!\xb1A\xf0\x22\x9b/\xbc\x02\x9d-\x1eB\xba@\xec\
\xfa\xed\x0b^\xc7\x1f\xce8\x5c\x84d6\xdbl\x02\xc1\
\xa3V\xa0\x13\xb2ch\x94\x98\x0f\xbe\xf0\x9e\xfa\xb5\xd9\
E\x10n7a\x93\x86H\xce\x80i\x06\x92cL\x80\
F\xa50\xd3\x85/g\x00{\x01\xdc]\x11.\x077\
\xe0\x0c\x85C\x03\xd4\x87)\x1c\xe8\xeb\x9a\x86\x87K\x95\
\x94\x88&\xfb\x90\xfa\x1bg\x04\xdb=P\xf6e\xe0\x02\
\x88g.>:\x9a~\xfc\xe8\xb4\xe7\xf6m\xbd<\xfe\
R<]~r\xf7\x87g\xaf<\x88F\xf3r\x0br\
ss\xe3\xf0\xe4Q\xb4\xc1K\xf2\xef=i\x99\xd77\
2\xf2x\xef\xed\xd1\xce\xa7\xcf<2\x12-{\xfa\xe5\
@t\xe7\xeb\xaf\xbf\xbe\x14\x09\xea\x1b\x91\xc1\x16\xa2\x14\
@@\xc4\x8c\x14(\x00\xa2\x1d\xe0%`\xc6\x0d\xed\x1e\
\xc15\xf4\x17\xff\xc7\x9b\xcf\xa8\xf4.3\x8c\x83\xccf\
\xc8\x07\x04\x82G\x190O\xf0\x04\xc8\xf7\xffv\xd7O\
`\x9af\x86\x91b\x9e\x0f\xfa\x1b\x1cP\xbaI\x99e\
\xe4\x05d\x13([P\x18\xab\x01\x99\x87A\x0a \x98\
\x8c\xa4\x0f|>(y4\xb1\x92V\xeb4\xd1#r\
\x1e\xb1\xb0\xb88YL\xd3\x9ed&\x89n\xffL8\
\x1c\x0eg\xd2a\xc8\xf7K\xfd\xb4\x9e\x8e\x97\xc7\xd3\xe9\
;\x1f^\xdd\xed\xbf\x19\x8dv??;\xf5|n\xde\
\xd3\xe7\x87-~\xd4O?\x8e\x96D\xa3\x19\xf5\x5c\xed\
\x8d\x81\x12x\xf4\x91\x81h\xb4\xa4/\x1a\x8d\x96\x95\x95\
\x0d\x8c\x80\xf1r\xbe\x09\xd5\x00\x80\x903e\xb5\xb9d\
\xa4\xa5GQl\xd6v\xd7\xc1\xf3 \xd0\x8c\xf80C\
\x1f\xab\x7f\x19:\xa3\xaa\x07\xa1\x00$\x04\xb3\x0b\x80\x83\
\x84\xcd\xe5v\xbb]9\x0e\xb3d;\x13P_p;\
%0t\xe0\x09\xc2k\x22\xa1\xf9]d\x00\xb9Z\x92\
\xd2\x06\x87\xef\x14\xea8 \xc6\x18$\x17\xcbq\x0c\xa9\
\xe1\x00\xf2\xc6\x8c\x5c\x15\x87\x93\x8aG\x14#\xfd\x0f5\
\x8f\x05\x0eA\xa1=i\xcfX\xfc\xf4\x014\xcb\x86\x87\
\x0f\xc7\xd3\xf1x<\x1d\x8e\xa7\xd3\x99;w\x92\xa8\xb3\
\x939{\xfb\xfe\x9d;\xd1\x81\x81\xd2\xe7g\xff=/\
wJ\xac\xa4\xaf$\x0a\x8f\x1d-\xe9\xba\xfcC\xc9\xdd\
s\x8f\xa3}\x0f\xbe\xa9m\xee\xeb\xeb\x1b\x18)\x1b\x18\
(+\x8bF\x07F\x06\x06\x06\xca\xa2\x03;kjj\
\xf2\xad\xa0\x9d\xc2\x22\x9c\x10\x86$\xaad\x13\x93=\x0b\
\xd4\xeb5;\xe7\xcfs\x0b\xf0\xaay\xb3\xc4K^\xc7\
\x8f\xff\xb0K\x90\xfe\xed\x0f+@\xbf[ \xcc\x84M\
@Y\xa1`[\xe1\xb5\x09\x84\xc0\xdb\xfe\xe5\xdf$t\
\x03HpOLV8\x924Q\x94b1\x80@\xae\
\xf2I\xc7e\x1f\x98{\x93FF\xc3H\x16v>\x89\
\xea\x01\xe8\x03X\x14\x91Ca\xaf8U\x9c\xc5\xb3\xd8\
a\x80\xb3\xf4\xe8\x81\x03Ka\xbc\x85Zz\xb1p<\
\x86j>(\xf1\xa0\xac+o9u\xe5\xcag\x9f\x8d\
\xd4\x8e\x8eY\xa6\xcc<\xfd\xf7\xdcYy\xf0\xf2\xe1\xf3\
\xd3'O\xa2\xd1\x92\xdb\xfe\xbe\xb2\xe8@\xd9\xc0\xd8\x03\
\xff\xf0\xc0\xe8\xc0\xc0\x00z\xf8\x81\x81\x91\xb2\x91\x91\x01\
0^\xcegQ\xbf\xc2\x88\xec\xa5\x98\xac\xdbf\x10\xc5\
\x03\xa3\xa9\xa6\xa6\xe6\xf52\xaf\xe0\xe6\xcd(\x15\x80s\
\x80\x06\x04\x823\xe7\x85\xbf]\x7f\x06\x9d~x^\xe1\
\xe5\xdd\xef\xfe\x0a\x10\x13n4-vek\x05\xc9\x1c\
\xe4\x00ga\x12\x07/\x9d\x141P\xb6=q\x02\xc7\
eR\xe38D\xff\x84\x0e$\x83\xaeI\x8c\x83\x05\xe0\
p@xx\xd0\xfd\xe7),\x86\xa9\x06\xd4\xf70\xc4\
\xc8\xc4\xb3\x1d\xcdt~<\x86\xfaz\xe5\xe9t\x1a\x9e\
\xbf\xab\xe5\xf2\xee'G\xd3Wo\x8f\x0e\xc4fM\x09\
F+s\x0b2\xb0\xc7G\xa2\xd1\x8c_\xcd\xf4\xf5=\
|\xd87\x12\x8d\x8e\x0c\x8c\x8d\xfa\x9f\x8c\x0d\x8c\xc0g\
 \xfb\x19\x19\x18\xa8y\xbd\xa6&\x1f:aH\x98\x8a\
A\x12\x8c0\x11A\x22\x93\x18\xc3\x82-o\x99\x17\x1a\
\xe1n\x00\xbfHfxX\x98\x06\xba\x1cg\xfc\xea\xab\
\x04\xea\x09\xbb\x05\xc2u0\x10\xf8_n\x97\x0b0C\
0\x18\x97\xb2\x10\xb9\x5c\x1c\x07d/#^z\xe7N\
\x11Ej\x8c\xae\xeb$\x92\x89\x863\x00\xe0d\x8d\xd4\
\x8b\x0c\x0c\x8e\x030\xcc\xa7\xe0\x1eQ|\x8am\xf2@\
\xbb\xaf\x18\xbd\xf5L\x06\xe2?\xfa\xc4\xd2\xf0\xf2\xa1\xa7\
\x09=-T\xd7\xa63gw?|\x9c\xa2\xfd\x8f\xc6\
\xa2\x9bgU\x0e\x94\xcc\x9e\xa8\x8bF\xc1\xf2tQ\xfa\
\xabo\x06\xe0\xd1\x07\xcaF\xa2e\x03]%##c\
\xb5c\x03e\xff\xbd\x00\x03h\x01\xe6\xff\x14\xf4GL\
\x94Lb\x18e%!\x1d`\x11\xc5\x81\xc2\xb0 \xc4\
\x882\xaf@H\x0e\x98\xfc\x11\x04\xea\x8d\xf1/\xaf|\
\xc1a{\xf5\xd2\xa5]\x80\x01\x80\xbf\xbd\xc2\x92\xbf\xfc\
\xe5G\xd0=\x87\xbb\xc0\x0b~.6\xde\xcd\xbb+1\
\x90\xa4aI\xc3\xc9['u\x13\x18;\xebA`4\
C\xee\xa7\x19\x81\xdf\x8d\xf5^=\xdb\xab\x03&\x0a\xae\
\x04\x04\xed\xb0x\x8a-\x85\x1eOq\xb1=97|\
\xea\xec\x07\xc9p\xdc\xbe4?\xdb\xd2\x8e\xa5\xe3\xf1r\
hm\xb5\x94\x97\xb7tAM\xdb\xd5\xf5\xe8\xca\xed\xc7\
}%\x0f\x1f\x8e\x8e\x8d\xcd\x9e\x9570\xd6\x9e;;\
8\xf6\xed\x07\x0fJ\x86\x03\x8f\xc7\x06F\xfa\xca\xa2e\
#\xb0\x0a\xeb\xd4\x9b[\xc6\xc6\xfa:B\xd1\x9a\x9a\x9a\
\x9a\xb1\x9a\xda\x9a\xda\x81\xb1\x9a\xd7_\x9f?\x874b\
\x0bL,kb\xb33Q\xa3\x11\x80RA\x10'2\
\xbd>\x7f\xfe\xfc2\xaf\x03\x193\xb9\x01\xf4\xe8 $\
)\xb1_\xf5\x1f\x91\xdc\x89\x84\x17(\xb2\xbcdvK\
^s}\xc2\x8c\x80Q\x84\x99\xf7\x02j\x08J\xe1Y\
:\xc6 \xd1r\x83N) o)\x83\xce\x05\x84C\
 >b\xb2\x09\xe3\x98\x1d\xb4\xda\x1b$\x15\x913\x90\
\x22\x02w\x91\x9e\xc1\xeb\xfd\xf6\x14\xbc~\xbb=~\xca\
\x7f6\x9co\xcf\xcf\xa0\xa7\xcf\x8f\xc5Qw\x07\xfa9\
\xa8\xa4/)Y\xddU\xf2\xed\xd9\xab}}e5\x03\
#\xa3c\x91Y\x13#\x03Q\xa8\x89\x8eu\x0cFU\
\xf5\xd1\xc8\xc0g5\xdf=\xf9\xaa\xa6ld`\xe0\x9c\
zsll\xac\xcf\xaf\xce\x1b\xab\xa9\xa9\x1d\xa8\xa9\xa9\
\xa9~\xc1N\xd7\x00\x00 \x00IDAT\x1d\x1b\x83\
\xb5\x80\xc9\x90\xd5\xca\x9a\x90l\x04\x86Qp\x1d\x02D\
\x06Va>,\x80;\xdb\x14v\xdb\x5ch\xe0\xe1J\
\xec\xa7\xfdG\x84Dv\x1a.\x09R\x16\x0e\x04\xfc\x00\
\xc4\x98s{a*\x22\x08\x82\x17Toe\xb8W\xe4\
\xa2 h\x1b\xc8\xe0\x9f\x87\x17q0\x15\xc4\x14\xa4\x05\
\xc7\xf5\x1e?\xb9\xa0I\xbb\xf8\xde\xa0\xa8)\x1e\xd1b\
\xf1X\xec\xb7\xf6^{.\xf3\x14\xd7p\xfa\xe4\xa3X\
<\x06\x19\x0f\x9c\x7f\x18\xe9\xc4bh\x09\x9e\xe6z%\
]\x8f\xaf\x9e\xfd\x01\xddj\x03\x97/\xb7W\xb7E\x07\
F<3'U>xps\xa4\xef\xf1\xc8\xc0\xce\xb2\
\x9a\xcb\xef|760\x7f\xa4v^IMm\xb4\xac\
\xa1\xef\xb3\x81\xda\xda\xda\xda\x81\xb1\xb1\xda\xda\x9a\x9a\xf9\
p\x0dR\xc0\x9d\x86\x9b\x90\x05\xcap\xd6i\x87\x85\x15\
a\x9e\xee\x00\x09\x9e\x0c2\x1e\xdb3g\x9e\xe5\xf9z\
\xc7\xc1W\x87$7\x02\x8f\xf2Y\x18)\x0f\xa6%`\
j\x01\xe7\x01\x8c-x\x82p\xe7\xc92\x03\xdc$\x9f\
\x0f\xa6\xaf\xb0\xb1\x82Y\x7f{\x8c\xc5\xe1\x12@A\x00\
kj\xd2e\xe5\xf8;w!\x05\x16=\xa2\xa70y\
\xb1\xff\xef\xa9\xec\xe0\xffi\x977u\xff\xdb\x18\x84~\
t\xf2\xd1\x8f\xab\xb3\xef\x1f\xb2\xdd\x93\xbb\xaf\x9ex<\
\x10\xed\x8b\x96\xd0\xf4\xe9\xdc\x82\xae\xb1\xb1\xb2\xbc\xc9\xb9\
]c\x10\xe3F\xe6\xdf\xbd\xfa\xcd\xdb\x0fo\xd6|\xfb\
\xe4fm\xedX\xed\x00\x1d8tN\xbd\xd9\x5c\xfb\xf4\
3V[3\x7f~Y\x8c5AW\x14T9\xc1{\
<\xbb\x15@e\x133\x95\xce\xafy}\xfe</\x0f\
\xc2\x00\xe0\xcf\xc2\xbf\xa7\xfe%\xc1\xf3+\xbcf\xaf\xe4\
\xe5a`\x22\xa1\x8c\xd7\xeb\xf5\x12<\xb4\x84\x05\xe8\x95\
x\xbd\x84\xd9\xe5&\x86p\x1c$n\x0c\xd8\xfa+\xe7\
\xea\xa8\x22d\xee\x1d\xa4\x10k\x17\x07N\x17\x892A\
\x99\xe44\xad\xf0\xc2\xfd~\x0d!\xfb\x0a\x8b=\x85\xa9\
d\xf0\xecn\x13\xf4\xfd\xe2\xf90\xc6\x8a\xa5\xd4P1\
\x5c}p\xf2\xe7\x94\x97\x97w\x95\xb7\xb4\xa0l\x17J\
\xfc\x1fv\x7f\x10R\x1f\x94E\xcbV\x7f\xfbm&\xb7\
 302\xd0\x92\x97WW32266P\xf3\
\xa4\xe3A\xf3X\xcd\xc0m\xf5\xd1Xmm\xed\x08\xad\
>\xe8PG\x9ba\x05\x1a\xd0\x02\xc0\x16\x7f\x09\xe1d\
\x91\x97\x11x\x90\xb3O\xe9\x03\x90\x1a\x9a^\x9f\x8f\x16\
\x80\x07*\x00/HC_\x07\xbe\xde\xce\xf3\x80\x15\x12\
\xbcn\x18\x81\xd8l\x04|\xe3N\xc0\x00\x80  a\
0'\xdc+\xbc+\x08s\x1dN\xb2E\x18\x83S\x9b\
\xfd\x81:\x03\xc9\x80\xc6\xe9\xd3\xd6?\xc3q\x1aIa\
\x1af0`\xa2\xa1\x0ap}I\x8b\xa5\xd0#\x16z\
\x92\xf6\xc2b{]\x80\x0e\x22\x5cO~\x0c\xc6x\x99\
\xcb?<W\x1e\x8bA\xe0k\xf9i\x1a\xda\x19]h\
\x01\xe6-\x8aF[\xce\xee\xbe\xb3N=Y6\xf2\xd9\
\xd5'\x9f\x95\xcc*h\xaa\x1d\x18\xa8\xa9\x9c\xfc|\xf9\
\xc0\xc0\xd8\xd8\xeb\xb5\xdf\xdc\x19\xad\x19\x18\xa8\xf9\xe7W\
c\xe8y\xc7\x1e\xa9\xb0\x14\xcd\xcd\xb5\xf0\x17Z\x80\xb2\
y\xf9Vv\x01\xe2\x8a!\xa9=\xb0\xf8@\x92\xb4\x0c\
Hl\xd7\xa0\x18\xe0\x96\x00\x13d\xe3\x85\xfa]\x7f\xd8\
eFq\xcf,x\xbd^\xaf\xd9ms\xa0\xfe\x8f\xdb\
\x0b\xedpA2\x9b\x09\xa2>\xf1\xf9\xfb\xe7\x13R\x9b\
\xae1E\x06\x83\x914u\x0f\x0e\xce\xc0\x81\xe9\xcfB\
\xe5\x03F\x1e\x0c\xe4?\x90\x1d\x1b8\xbc\xfb\xfb{\xc1\
\x94\xa6x|\x85\x85\xa2\xa7\xd0\xee\x81\xec758X\
\x9c\x84)v\x0c\x8d\xb3b\xe5\xe8\xcaG\x9f\xd5\xcf\x85\
\x17u\xb5\xacF\xed-H\xf7\x1f\xdf\xde}\xf3\xd1\xd1\
ht\xe4Q\xe8\xdchY\xee\xacHm\xcdX\xcd\xea\
\xd9m\xeb!\xc4\xed|\xbd\xb9\x01\x8e{m\xed\xce\xe6\
\xda\x86\x86\xda\x86\x1b#\xaa\xda\xb7\xad\xb9\xb6\xb9\xb9\xa1\
\x19}\xca\xca\xca\xca\x96R\xc0j\x83c`b\x83A\
\x8c\xc5e\xf8\x8a2\x05\x8d\xd6\xd2\xd7\xe7\xd7\xcc\x9f\x9f\
\xe0\x11,\x02\x1e\xfc\x15\xf0-\xe1m<\xef\xe6y\xa8\
\x0ayT\x0a: \xf0\xb9r\xda\xdc\xbc9\x91 $\
\xef\x1f\xf7~\x91\xf0\x06e\x0d+\xe2@\xe2\xc3Z\xa5\
Q _\xc8\x80\x0e8F\x22m\x7f\x1f\xa9\x07\x81\xce\
a\xc0{\xfd\xfen\x98\xfa\x88\x96bOqa\xb28\
\x0b\xde\x01@\x13\xec\xff\xfcx~,V>'\x9dN\
\xcf)G\xad\x5c{\xc8\x9f\x0f\x9d\x9e\x92\xe8\xbcE\xb0\
\x04w\xce>\x89\x0e\x8cD\x07\x06F\x1e<\x18\x1b\xd8\
\xfc|\xf5@mMmM\xf7\xec\xd9qt\xc4\x9bk\
k\xc6\x9a\x9bk\xc7\xe0\x99\x9b\x9b\x9bw\xee\xec{\xdc\
\x0c?\xd1\x0cK\xd0\xd0\xdc\x5c6\xbf\xacl\xa9\x09\xca\
\xc1 2\x1c\xa7(\xcc\x04\x88)\x0a }\xec\x82\xd2\
\xd7a\x8b$\xcc\x90\xfc\xb9\x053\x82\xc6\x13f\xb7\x99\
\x80\xda\xc0\xec5\x0bf/\xea\x8d\x09^7\x9fx\xff\
k/\xa0\x03\xcd\x92p\xf8\x8bM\xdb\xdb\x15-H\x15\
q0\x12\xb2\x02M\x0e\xc79\xd6\x0a89\xa4_\xcb\
\x91\xdc\xf8\xbd;\x1c\x88\xe0T^\xfe\xc1\xa8h\x8ab\
\xf1Y\x8a\x8b=\xc5\xc9\xc2B\xd1\xe7\x81\xa9'\xc0\x18\
\xe2i\xc8ya\xae\xa1\xcdA\xb1\x7f\xb5'@gP\
\xa5;/:\xaf$\x1aM?9{g\xa0\x0ceu\
5\xb5#5\xb3\x9fo\x8bB\x90/\xdb<{\xd2@\
mm\xf3\xd3\xe7nn\xaemhnn\xe8\xec\xecl\
n\x18\x83\xe7\x7f\x1d\xbeknn\xee\x9c7\xbfl~\
\xbe)h\xb5Z\xd1\xbdO\x05AS\x8d\x04\xa1}\xa8\
\x89\xad\xa5\xf3\xe7\xd7\x94\xcd\xf3\x02:\x04\x16\x01H`\
\x10\xe8\x1c\x84\x1b\xb6\x80\xe0\x86\xad\xcf\xbb\xcdf\xc2l\
\xae\x7fc\xef\xfb+\xa0\x15j6\xbb\xb7oo;\x7f\
\xfc\xa2\x0f\xf4K\x8cH\x8a\x04\xf8\xda\x1cg\x00\x1c\x1a\
c$\x0d\x0c\xc3\xe1\xe2\x85\xbd\xd7}$i}q}\
aJ\xd3!\xf9-.,..N\xda=\x85\xdf\xd3\
'_J\x86\x97\xe6\xe7\x87c\xf1\x18Jw\xd3\xc9\x8e\
@\xd3\x9ctKWWI\xcb\xc5G\x8f\xa3\xd9r\x0f\
>\x9f\xed\xde\xfd\xd9\x7fguc5uS\x0aZj\
\xc6j\x9bk=\xb3s\xf1\xe6\x86\x86\xe6N\xb4\xd5\x1b\
\x9ako4w64\xa0/\x9bk\x07\x9e<9\xd4\
\xd9\xd0\xdc\xd0\xd0\xd99\xaf\xac\xac\xec9\x13\x18\xb7@\
K\x0c\x04\x98P.\x0c\xc3B Tw\xbf\x0e\x0b \
\x80M\x15\xef\x82jW\xb0\xc1\x0f\xb0\x0dxd\xe0\xe3\
\xf5f\x87!^ob\xfb'\x1fya\x93\xb8$)\
1\x94\xd8\xbd\xf7\xf8s\x1e\x853\x14Af\x05\x1d\x1f\
cQ\x91\x11<\x1e\x18\x80E@\xfb\xff\xc4\xe0q\x9f\
\xe2\x19\xa7\x03\xa5\xa2\x0e'\xc0S\xec),\xf6\x00\x94\
\xf3\x1e}1\x1c\x8e/\xcd_\x1a\xcf^}--\x8f\
5ZmJ\xa3\x99F___y\x1a\x9e\xbf\xa4,\
\x1a-\x1b\xf9a\xf7\x93E\xff\xb5\x00\xb5\xb5\xb5\xa9\xd9\
\x05q\xb8\xdf\x9ak\xa7L\xcc\x1eh@\x9f\xe6\x86\x86\
\xda\xe6\x9de5\x9d\xcd\x0d\x0d\xc0Cmn\x1e\xbb\xed\
\x7f\xbb\xf3\xad\xce\xce\xce\xce\x1b\xf3\xe6\x0f\x94=\xc7\x80\
p\x14$\x80&\x90T\x82\xb9P\x10\x8d\x07Y\xd8\x01\
\xf3\xcb\xe6\xb9\xd1\xc8O\x12\x04\xde\x86\xdaBf\x1b\x5c\
\xfe^\xb8\x07!\x0c$\xcc\x08\x09\x94\xd8^_O \
\x94\x10\x91\xd8^w\xec\xfd\x93'\x8f\xa7\xde\xac4\xa1\
>\x8b\xd1H\xb2T\x11I\x02=\xd7\xc0\x81\x82\xb5\xc6\
\x90\xa9\xa6\xbaJ}\xad\x9fnW\xb2\xc9\xbf\x076\x00\
\xc4\xfe\xf4\xda\xa3P\xf7\xa3\xaao\x0eJ\xfbb\xe9G\
'2\xc1\xd5-(\xf2%\x03\xfe0\xbc|(\xf1\xfa\
\xce\x9e\xfd\xae\x06^~MM\xcd@mmM\xd7\xe6\
\x82 \xec\xfc\xe6\xda\xfc\xc9\x05\x11t\xca\xd1\x95\xd7\xf0\
U\xc7\x07\x9d\x0d\x0d\xb5;\x1b\x1a\xca\x92\xe1\xf0\x83\x9b\
c\xf3\xcb\xe6\xcd\xaf\x19\x18)+\x9b?\x7f.K\x05\
\x01\x1b\x0d\x09 \x14\x00\x90\xb4\xc0\xb48\xc80\xa5\xf3\
\x07\xe6\x97\xcd\xcb:|\x0a\xbc\xd7+\x99y3,@\
6\xf0\xbb\xa1,\xe4\x01\x1d\xe86\x13RBr\xf3\x09\
\x18\x0e\x98%o%k\xb2F\xfc\xebn\x81\xa6?\xec\
*#0\xf1p\xa4\xdcN\xb2,\x0ei\x00\xc3jy\
!\xb5\xb7t\xf3\x8b\x85@\xe1\x11\x11\xc0=i\xf7$\
\xedKc\x99l\xe1\x03\xf1/\x86r\xfe\xf2\xf4\xe3\xc7\
\xc3\x81\xa3\x10\xfbJ\xfa\xd2*\x1dF\xcf\x1f\x8d\x8e<\
8\xbb\xbb\xaff\x00=;\xcal\xa2\x9b\xdb\xea\xe0\x91\
\x9b\x9b\xff\x7f\xd2\xde\x06\xba\x89\xf3\xce\x17\x1eE\xa3\xd1\
\x8c\xa4\x11(r1\xf2\xca^\x8d\xf7\xba#\x83\xad9\
\xb6,y,a#\x7fH\xc1\xc2\xc8~M^\x16\x22\
\x03\x0ad\x97\x85c\x13C\xaeO7\x87\x84p0+\
\x05\x85T\x1c7\xba8\xf5A\xcd\xc7b\x1f\xd7-v\
\xd3['l I\xcd&m\xda&\x84:4\xa5\x09\
mJ\x9b\xdd\x12\x92&Yv\x936M\xba\xb7\xbf\xff\
#;I\x9b\xb6\xbb\xf7\x0e`dif4\xcf\xf3\xff\
\xfe\xfe\xfb]o\xdb\xf7\xfd\xfd\xff\xbcy\xcd\xc0\x8d\xf1\
\xcf}\xae\xe4\xe93\xffQ\xbdz\xeb\xd6]\xb7+\xa1\
\xf0\xa1\xf0\xe6\x9a\xcd\x16[\x8d\xc5\xf2\xf6\xd6\x7f\xf8\xfa\
\x0dkR\x12\x9a\xab'\xb0\x03\xc8\xe0\xc3\xe3\x8a(q\
\x93e\x01\x18\xd0\xd1\xf1\x177\xed|p\xe5\xd2%K\
\x9b\x9a\x96\xaf\x5c\xb9\x12\x89P\xcb\x96A\x00\xd0\xec6\
\x96=\xb3t\xe5\x92\xa6%\x837\xb5\xff%\x86Y^\
\xf7\xb6\xc1\xc4\x09G\xff\xe5\x87\xaf~\xefe+\xc7c\
h\x05\x1a\x1e\xa2\xe3k\xbd5\xcec\xc8\x8d\x15\x0d\xed\
6k\xe6\xe3\xb0\x8c\xb1\x01Hqo\xack&\xed\x0f\
\xca\x0f\xd4~\xa6\xf4\x02\x05\xee\xbd\xf7\xde\x1b\xa3\xc4\xfc\
\xb6wtl\xff\xe0q\xe6\xcfY\xb3f\xfb\xbf|\xf7\
\xb7_\xba\xf9\xeb\xdfa\xcb\x87\xc4\xb3\x85lE\xbe\xb7\
=d\xaf\xb9\xdb\xb0\xb1F\x09\x87|\x8a\x12\x0e+\xa1\
p\xd8\x17\xc2\x11\x0e\xf9\xde\x0e\xf9|a{\xd8W\xf3\
\x0fknX\x93\x12\x05\x19\x91I4g'\x1e\xc0\xe6\
\x17A/N\xdc\xb0f\xcd\x9a\x8e\x95\x93\xe6\xd8?5\
-mZ\xd2t\x1dM\xab\x83\xb9\x03\xe6\xcf<bH\
\x0f\xbcn\xc9\x92\x95\xcb\x97\xfc\x93\xd9\xfc\xd7\xa8\x9a\xd9\
\xefE\x9b[\x83(\xbb\x8e\xae\xe0\x0d\x12\x067x\xa9\
\x18\x8f\xe4>\xba\x88X\x0dV\x83\xd1k\xbd\xfd\xfe\x92\
xI5\xd514C\x09.\xaf\xdb\x93*gi\x1e\
;v\xd4\xd6\x92\xda\xff\xc0\xbe}\xa9=\xe0~\xdfz\
\x08\x9a/<\xb9\xcc\xa5\x07\xaa\xff\xb7\xef~\xf7\xad\x9b\
\xb7\xdf\x5cTl\xff\xfe\xefo\xfe[\x9b\xb2\xff_\xff\
m\xc7C\x0f%6Z\xc2>\x9f/\x18\xf4\xf9l\xa1\
\xb7}v\x9f\xf2\xb6\xcf\x17V|\xca\xa1P\xe8Ph\
\xff\xdb\xa1\xfd\xe1\x90\x12\xf6\xed\xba\xe1\xebk:\xcaa\
\x0d\xa3\x97\x96,\xba0\x17\x80z\xafs\x14\xc7\x97o\
Xs\xc3\x9a\x8e\xa5\xc74\xed\xef\x9a\x96,kBj\
\xf4J\x10\xfcJ(|\xcb\x96!hx\x1d\x0b\x006\
\xdd\xf6\xe8\xfa\x7f2\x9b\xd7\xaf\x5c\xfe\xd9e\x1b\x11\xea\
\x138\x8a\xb3yE\xc9D\xcd\xda\xd1\xa8\x0b\x0c\x00\xad\
o%\xa3\xd5$\x1a\xe2\x86\x92x\x9c\x15\xf1\xd0\x1e\x94\
7\x967\x97\xa7\x8a\x99\x5c\xa4\x00\xb1\xa3\xb6\xdb\x8cH\
\xef\xbd=-\xf7\x12\xe7\xef \xcbg\xcd\xd7o\xbe\xf9\
o\xff\xfdG\xdf\xbd\x01\xf2\xefoo\xbe\xf9\xeb\xf76\
>\xd48\xb2\xd1b\xf3\x85|\xfbC!%h\xb7\xdb\
\xc3Xs(lSl\x8a\x1d\x1e\xf3p\xd8\x17\x0e\x87\
\xc2\xa1\xb0\xefm\x1f\x0a4\x83\xbe]\x80p\xb9\x84\xd0\
\xbd\x80!,\x18.\xc1!M\xda\xe5r\xc9\x22\xefb\
\x18\xf0\x17\x7f\xf1\xd5\xaf6A\x12.#\xf3\xf7\xba\xa6\
\xeb\x9665-\x81B\x04\xed`%t\xc0G\xaf\x9e\
{\xf3\xd1\xa5_-,Y\xbe|\xfd\xd6x\x9c\x0aO\
$\xdc\x83\xda\x9e\xb9\xd0\xecN\x94L\x82\xc1`4R\
\x1a\xa6,\x9aD+g5\xc4\xe3&Ty\xd4\xd5A\
\xff+\xaf#\xb7_\xd1\xf5\x01\xab\x07\x8c\xff\xde\xd6n\
\xf3]\xfdD\xfep\xf4\xad!\xf2_\x03\x04\xf8\xce\xdf\
\xfe\xe0\xa5\xdf\xf6~\xe9\xde\x96\x0d{\x125\xbeP8\
\xac(\x16\xbb\xdd\x17V\xdeF\xded8\x1c\x0e\x85\xb0\
`\x9f\xcf\x17\x0e+a%\xa8\x84mx\x97\xde\x0a)\
\xe1p0\xacl\x04\x80S\x5cB\xe6]\x9c\x80\x08!\
\xd2\x03\xd1ZP\x92h\xc2\x84|\xc3\x9a\x8e\x8e\x1b\xfe\
\xf2/\xfe\xf2\xefP\x17\xb2r\xe9u+\x97\xad\xc4\xf4\
>\xe2\xfep\x95.[6\x88\xadX\xfa\xe8\xe5S\xaf\
\xed\x7f\xb4\xe9\xc0\x17\xbe\xf0\x85\xfb\xee\xde\x03\x0c\xc0P\
\x0d\x1e\xb3kL&1!S\xc3>\xc1k\xa2QN\
\x12&\x83\x88\xa8\xee+!\xde\x07\x0a\xa8\xab\xabCb\
g\xea\xc6\x1bo\xdc\x81\xf45Z\x7f\xeb\x03\x8f\xef\xdb\
\xd72\xf0\xeb\xef?\x80\xc8fG\x07\xf1\xfe5_\xef\
X\xf3\xf5\xedk\xb6\xdf\xfb\xc0C\x89\xb6\xbb\x8e\xde\x1e\
\x0e\x85\x0f\x85|J(l\x0f\x86}\x8aO\xb1\xd9\xc2\
\xa1\xb0bW\x0e\x1d\xb2\x87@\xfb`\x00!\xc5n\xb1\
\xd8\x83\xf8lq\x07|J0\xec\xbb\xeb\x86\x8e5\x1d\
{0_\x80\x1a\x8b\xa3\x88\x98\xc3\xdc\x1eJ\x19AS\
\xad\x8e\x8e57t4]\xc7\xba\xe3,\xa1j\x09\x8c\
\xf0[\xd6\xb4lY\xd3\xca\xa5KW\x0e.\x19\xc4V\
,\x1b|\xf3\xea#\x83\x83_\xf8\xf2\xc1\xdd\xcf=\xf5\
\xc1\x03q\x91wI\x89D\x02\xf3Z\xb0\x01,\x17\x17\
\x86\xb6\x01-/\x0d\x22f\x1d\x1aL\xe4\xfc\x02\xf3g\
;\x80j\x96T9\xf9=\x1e \xf6\xd7Z\x1e\x8d}\
\xd0r\xef\xbd_\x22\xe8\xb7tlo\x01\xe8\xd7|}\
\xfb\xbd#[kl\x8a\xe2\xdb\x1fz{\xbfOQl\
!\xbc\x0c[B\x8a-\x84\x0e\x14\xc1\xb0\x12\xb6+a\
\x94\xa1\xfb\xd0\x90\x01\xafm\x16\x9b%\x18\x0e)\x84\x18\
6\x9b-\xa4\xe0\x06\xa1=\x1dk::J\x8a\xb1Q\
\x10-\xcb\x14Esq0F\xde\xd5\xbf\xa6c\xcd\x9a\
\xfdKWR\x8d\xe0\xf2\xa5\xcb\x96\xd0r\x97,iZ\
\xb6\xb2i\x10\xd5\x10\xd7\xc1\x22jZ9\xf8\xc8\xd5\x9f\
/_\xb6\xff\xcbo\xfc\xf2\xf2o\xbe\xffA\xa3\x80\xc8\
\x1a\xe5^\x9b\xa8\xf2\x85\xe3\xd1\xcd\x8a\xda\xaa\xc5%\xa3\
5\x8e|ACu\x89!~w\x9cX@]]\xf3\
\x9e=\x94\xd0\x0f\x01@\x8e\x9f\xd6\x0d\xbd\x1bZ\x9f4\
?po1\xc6\xc7\xe0\xbf}\xfb\xbd\x0f\x94{\xfd \
l_(\xa4\x84\xde\x0ea\xb5>0\xf9\xb0M\xb1\xfb\
\x14\x1f\xd6\x15V\x94 \xe8\x01\xeb\xf7\x15\xb7\xc5f\xb3\
\x10O\x08\xdal6\x9c\xae(JX\x09\xed\xe8X\xb3\
\xa6\xa3\x9a\xea\xa4]H\x98\x97d#RT\xd0YR\
N\x88\xbc\xb0v_GGG\xc7V\x8c*\x5c\x0a\xe7\
\xe7rp\xc2&\xb2\x83\x9a\x9a\x96\x0d.\xc3\xda\x9b\xc0\
\x1b\xf7\xbf~\xea\xf2\xf2\xe5\xb7\x1d\x8eNd\xf6>\xf5\
\xc1\x1e\xeaO)\x88\x09t\xa9\x84\x5c\x1dAr\xb8\xd1\
\xca\x9bD\xa3\x11\x99\xbf\x06\xd1(\x22\x04l-\x81\x1b\
\xb0\xb9\x0e& \xd2\xf7\x99\x04|\xa0(\xfe6\x90\xed\
\xcb\xc2\x5cl\xf5\x0fm\xb5\x85C\x16%\x88\x00P\xc8\
\xa6\x84C!{0\x08\xe2\x06\xcd\x87h]A\x9f\xdd\
\xae(\x96`\x10X\xaf(\x16p~b\x03\x16\x8b]\
\x09\x85\x15\x1b8\x01v-\x8cZ\xa3\x1el\x00\xea\xb1\
P$\xc7\xaf\x85$\xe0\x124m\x88\x06M\x08R\x0a\
\x1b\xd0\xd8\xb4t\x19\xa66\xae\x5cI%2\x83\x83K\
\x97.\x1bl\x1a\x1cl\x824l\x02I\xdcv\xdb#\
\x17\x9e8\xb6|\xff\xee\xee\x89\x89\xe8\xf7\xbf\xdf\xe8e\
s\xb39.\xce\xc6\x00\x88\x92\x107\xd5\xd7s\x98 \
oD/%c\xb5\x09%}T\xd9\xd9\x5c\xd7X\xbe\
\xa7\xb1\x19\x89\xdd0\xff\x17\x9d\xbe\x1b\xf6mhYX\
\x7f\xcf\xf6\xed-\xfd\xfb\x84\xb7C\xe1C\xc0\xe7\xb0-\
\xec\xdb\xaf\xd8\xc2a\xc5\x1e\xf4\xf9\xec\x8abSl!\
K\xd0\x17V,\x8a\x0f\x8c\xd0\x12V\x94\xb0\xc5\xee\xb3\
X\xec\x80\xb8\xcdf\x0b[,\x16K0h\x01Z\x80\
&B\x8a\x12T\xf6cy=p\x87\x8a\xbc@\xc3[\
\xb8=\xdcj#\xcaGA\x12\x82,\x97v\xdc\xb0\xbd\
c\x00\x22p\x09\x0a\x22\x96\xad\x5c\x89e\x83\xe8\x07)\
J\x0aD\x80R\x84\xd9\x96\xcb\x97|\xf1\x85hfB\
\xfb\xd6\xf7\x1b\x13\x02\x0d7A\xfb.1.\xd0\xf4\xa7\
\x84\xc1X\xcfyK\x8cV\xa8\xc2\x9c\xb5\xb4\x9a\x1c\xe0\
\xcd\xcc\x0bV^G\x85=\xe5;(\x95\x99!\x00\x92\
8\xfa\xefm!\xed\xb7\xe5\xc6\xbbj|Xr\x08l\
N\x09\xd9,\x16_8l\x0b\x85\xc3A\xbb\xc5g\xb3\
Y,6%l\xb1\x11\xcaSK\x16\xc5\x07- \x04\
\xcc\xb7\xd9,\xf4\xae\xcdn\xb3)v\xbb\xc5\x8265\
\x8a\xcf\x06*\xf0ul\xdf\xde1 %\x04\x97\x80\xf1\
7\xa2\xec\x92\xbe\xc9mdI\xe3.\x97Kt\xc9r\
\x0f\xf6h\x90\xb2?\x97\x90\xf6\xb3\x04\x1b\xb0\xbcie\
\xd3\xe0J(\x84M\xcb\x96\x90HDWA\xff\xb7\xbe\
\xff\xdak?\x7f\xed\xa9Z\xab P\xf9\x9f\x09}}\
\xa9\x91\xbbA\xc4T\x1b\x93\xf7\xbe\x84\xd1\x80\xe6\x06\xd5\
\xa5\xd5V\xa6\x01A\x07h\xde\xd3\xbc\x87\x18\x009\xc0\
\x16\xf0\x9f|\xde\x94\xc8\xb1!\x01Af\xf3\x05!\xbe\
\xec>\x05\xd8LM\x87|\xc0\x7f\x9b\xdd\xe6\xb3c\xd1\
\xb4.\x9fO\x09Z|>\xa8\x03\xe1\x10~\xb5\xf9,\
t\xb2\x1d\xd8\x11D\x99!m\x22\x84A0\xb1\xbd\xa3\
\xa3\xa3AN\x88.\xaa\x1b\xc7\x10\xb3W\xb8\xbb\x8c\xc8\
\xe7\x82@pI.\xc6\x04j\x90\xfd\xbbr)\x08\x00\
4?\xd8\xb4\xaci\xe5 l\x01\xe0\xffR\xd8\x85\xcb\
V^\xb7rW\xfc\xee\x87\xa8-B\xe3\x88$\xf2\xd4\
\xff\x9b\xferH\x10\x12)\xfb\xe1\xc5\xd8\xd7\xda\xb8\x12\
\xd4\x7fT#\xf4Y]Mu\xbe\x8d\x14\xfa\xbf\x91\xb9\
\xbeo\xbdu\xc3\xbe\xa2\xfa\x8b\xb5\xdf\xfb\xc0\xe76\xd6\
XH\x95\x05\x9f\xf3\x85\xc0\xf5|@d(\xb3@c\
\xc5n\xb3\xd9\xedv\xbb\xcd\xee\x0b\x87\x83\x10u\x16@\
\x19\xa7\x86\xe9'\x81>\xe8\xb3[l\xe1C\x0a\xd6o\
Sl\xbe0\xd4\x86py\xc7\xf6\x8e\x8ej\x19\xa6\x90\
$Kp\x06\xf3\xafr\xcfY\xe5\x84D\xd5\xc4\x82\x90\
\x90k[:::\xf6\xac\x84\xdc[\xb6\x12\x0e\x90\xa6\
\xc1\xc1\xc1eM\xd8\x85\xa6\xa2P \x8f\xc8\xb2\xa6\xad\
\x86\x12Cu\xe3\x9e\xbb\xf7\x94H\x98\x0aJ=-i\
r|\xdc$\x19i\xb0\xb7h}q\xef\xd7\x9aW\x19\
M&\xd1j5\xc0\x04\xc6\xdf\xbb\xb1\x01T\xdc\xc1\xdc\
_,\xe8\xd1\x7fo\x7f\x7f\xcb\xbe\x1d\x0f}q\xbf\xcf\
\x12\x0c\x06\x15\x9fb\x0f\x07\xed>[\xd8\xa6@\xb4a\
\xb1\x80\xa3\xc5\xe2\xb3Yl\x8a\x05R\xde\xe2\x83\xb0\xb3\
\xdbm\x16\x9b\x1f;d#\x1d\xc8\x86\xdfm6\x9f\xc5\
\xe6\xb7\x815Z|\xbe0\xe4\x80/\x1cT\x0eu\xb4\
tt\xf4\x08\x89\x045\x8fBDP^{\x86{\x8d\
\x83{\x14\xb5\xa3\xc8l\x8b\xf7\x80\x08\x9a\x1em\x82\xab\
\x1b\x1b\xb0rppp\xb0i\xe9\xe0\xca%M\xa4\x15\
#0\xba\xfc\xba\x95\x8f\xae\xa6\x9a\xe7\x11j\xcc\x8f\xa4\
G1>\x02+\xd8*z\xe3\x08\xb8\x9b\xe2\x9c\xd5$\
\xac\xbd}5jeJM\x8d\xa8\xe2\xa7\x04\x90=\x8d\
w\xef\xd9S\x97*/\x7f\x00*\x10\xa1\x7f+$\xdf\
\x06\x92\xf5\xa1\xfd\xfb\xb1\x5c{8d\xb7\x07;!\xc3\
B\xa1\x90\xcf\xa7\xd8\xed>\x05\xda\x8d\xcd\x06\xb9\x07:\
\xb7)\xe0w~?\xe0\x0d\xa1O*\x00>%>h\
\xe9\xb4X,~\xbc\xb6CW\xf2\x05\x95\x90\x12\x0a\xed\
Z\xd3\xd1\xd2\xd1+\xc0\xee\x95\x5c\xb4\x01\xfc\xd1\x8b\xdc\
\x8b+0\xc4Pt\x15}\x84==\x1d-\x1d\xe1\xc1\
\xc1e\x9fE`p\x19\xb9|\x06\x01r\x98\x87\xe4\x13\
\x5c\xfa\xd9%M\x87V[\x91\x09\x81\xa2o\x03e\xbe\
Q\xf9\xaf\x88\xd8?\x92\x84\x0dF\x18X&I\xf8\x9c\
wd\xd5\x13\xdfl,\xad\x86\xf8\xb3R57\x05\xc1\
oL\xddH&\xe0\x82\xfe\xffPbW\x90\xcc6Z\
\xae\xc5N\x18\x8cu\x11\x0b\xf3\xd9,v\x8b\x0d\x8c\x00\
\x8c\x0fL\x00\x0b\xb6\xdb|\x8a\xdf\x8fs\x14\xbfb\xa1\
m\xc0\x89\xb8\x06\x7f\xec\xb8\xc8b\x0b*\xd0\x83\xc2>\
{8\x14*\xdf\xde\xb1\xbd\xa3a-\xb2\x03\xe5\xb54\
^\xcbU\xd3\xcd\xfd\xe2v\x94\x12\xbbx\x17<\x22\x09\
\xb9\xb5\xa3\xa3\xa7\xc7\xf4hS\x13\x12\x22\xc0\x07\x9b\x96\
\x0c.%\xb4\xc7\x0f\x98\x83K\x96-\x0b\x89&\x83\x15\
\x99@\x02\xcc>\x8c\xed6\x89\xd6\x12\x0a\xb1\xa3\x97)\
\x0ds5qq\x1e\x9b\xbd\xfaT\xf4[$\xfe\x1aY\
/\x07\x22\x00b\x80\xb0\x807\xdc{kcb\xe3\xd6\
\xcd\xfe\xa0/\x14\x0e\xd9\x14\xdf!\xc5\x17\xf2Y\x82v\
; \x1c\xb6\x00\xcf}\x10\xf1\x96\xa0E\x09\xda,\xa1\
p\xd8\xa2\xd8m\x16@\x9b\xb4 \x05k'\x8d\xd8\xe2\
\x07\xf2Ci\xb0\xd8\xec$\x1ea\x10\xa0\xbcH\xf1\x05\
C\xb6\xb0\x12\xea\xe9\xe8\xe9\xe8\xc0\xfcM\xc9%\xc8\xe8\
'&\xbb\xb6\x9a\xb9\x976R-5Ou\x13\x92\xd4\
\xdc\xd1\xd1\xd3\xd2\xf3(\xb1z\xb8\xbf\x96-_:\xb8\
\x8c\x8e\x95KXw\xa1%\x8354\x9a\x039\x0f4\
\xe4\xc1k@\x12P\x09\xf5\xc8A{B\xd1D\xca\x0f\
\xe6\xd8\x88&\x91\xff\xe5\xa5f\x14\xf67\x92\xfckf\
\x1c\x10\x0c\xa0\x16\xd9\xfd\xde\x8d[\x81\xe4\x0a\xb8\x94]\
!;\xc6\x17\xf4Y\x88\xb3\xd9\xed`\xfc8 \x06\xec\
v@\xd7\x87uYl\xc4\xe8\xc1\xf0\xed\xe0x>\xbb\
\xe2\xf7\xdb\xfcvK\xa7\x1f\x02\x820\x87\xf0\xc0\x07\x0e\
\x82\x9f@\x04\xe5(i\x01T+\xc7\xf3\x22\x12\xd8\x12\
\xc6\xe7\xcc\x9c\xf9.\x13\x0a(]\xb0\x10$Q\xe2\xfb\
;:ZZ\x8e6\x11\xab\x1blB\xa9\xf4\x92\xa5\x94\
\x07\xd9\xb4d\xc9u\xc0\x80GW[MF\xd1DS\
\xc3\xe1\xf3D\xc1\x01&!Z\x11g\x07g\x857\x1c\
i\xb0F\xde\xc0\x19M\xf1\xf8\xdd\xd5\xab\xa0\x02\x95\xc0\
\x09X\xc7\xf8\x1fU94n\xb4\x90\x9db\xa35\x04\
\xc3A{\x18Z\x9c=H\xc8\xafX\xc0\xc1l$\xd9\
\xb0\x1e;\x11\xba\x85\xe18\x1d\xb40\x9b\xc5\xee\xb7X\
\xfc~\x8b\xdd\xefW\xecv\xbf\x9d\xf8\x221F(D\
\x16\xb6Q>%\xbc?\xd4\xda\xd3\xd3\xd3Q\x8br)\
(\xae\xa2\xc4\xcb\x09\xfe\xd9(\x17{\xc2$\xbbd\xc8\
E\x8c\x1dpI\xa9\x9e\x96\x8e\x9e\x96G\x97\x00\xf9\xc1\
\xf9\x11!#R\x80+p\xe9\xb2A\x9b,\xd6\xa3\xa6\
-\x8e\x82\x00A\xf6\x9a\xa8\xe5=\xe2+\xd4\xdfY\x96\
1<\x1a\x83KxD\x86\xac\xa6x|$^\x82\xce\
.\xa5ud\x00\xa1\x93\x01\x0a\xb9KV\xd7\x04\x15H\
z\x9b\xcf\x16T\x82A\x9b\xbfS\xc1r\xd9\x02 \xfc\
\xc1\xe7\xc0\xdc\x08\x1d\x14\x06t_\x10\xd8\xe1\xb3Y\xc8\
\xf2\xf1\xe1\xa5]\xd9\xbc\xb9\xc6\xef\xb7\xfb\x17w\x06\x08\
bg[d\xa1\xd5\xc3p\xf0\xad\xee\xc1apI\x82\
, a^\x148W\xcd\xc3\x19.\xf6/\xab\x11\x1e\
D\xe6\x9c,\xf3.\xb9z\xa0\xa7\xa7\xa7e#\xec\x81\
\xa6A\xea\x17\xb0\x0c\xde1X\x81\xd7-]\xba\x7f\x97\
!\x0e\xef\x06\xea|\x8dhJ-\x8b@\x07\x93\x80.\
\x18\x22k\xf3\xef\x853\xd0\x80\x89\xd6\x9ch\xac6\xac\
\xaa\xaeF\x16H\xf5\xdd{\xea\x1a\xebn,\x7f\xe8\xee\
\xc4\xc6\xad[k|a\xbb\x12\xc4s\xc1q\x15\x0e\x06\
\xc3A$\xbd\xd9\xb1j\xc5g\xb7\x04\x15\xc5fW\x82\
\xc4\xed\xb00\xbb/\x08\xe3>d\x03\xfe\xdbl\xa0\x08\
\xf0\x09\x1fJHm\x0ap\xc0N\xdc\x00\xac\xc0n\xb1\
o\xdel'\xeeh\xb7\x87\x99\xbe\x18\x0a\x86v\xb4t\
\xf4\xf7\xec\x90\x05\x0c`\x95DI@>\xff\x9d\xd1\x0c\
\x17\xdd{\xbb$\xbb\x5cr\x82b\xc5|B\x04\xa6\xf4\
\xb7\xfc\xdd\xca\x95M\x83K\x97-\xbb\x8eJC\x91\x01\
\x88\xdeI\x16\xa1\xba\x84j[M\x9c\xb8I\xde$$\
0\xc8\x03e\xaf\xc4\xffL\x12\xe6\x80\x8a2\x1a[\xf3\
^\xe4^\x198\x83\xc9je\x1a \xa5\xc0\xde\xed\xbd\
k\xab/\x04o\x06\xd6a\xf1\x83\x7f\x83\xae\xedJ\xd8\
\xd2\x09\x8a\xb6\xdba\xca\xf9;\x09!H\xc0\x93\xa2\xa3\
\x909\x0b\xc8Z,A\xe0\x84]\xb1\xe1\xb5\x0d\xac\xc2\
\xef\xaf\xf1\xe3\x17\x12\x1c6;\xe8\x81\x91\x01\xc4f\xd8\
\x07\xaa\xf2\x856\xf6t\xb4\xb4\xf4\xd7\xc9\xab!\xf3d\
\x0cr\x17\xa5\xc4\x13Z\x8c\x8b\xc6F\xaa\xe1\x1d\x94D\
^N\x88\x9c,\x97\x0e\xf4\xb4\xb4\xf4\xc7\x97=\xba\xb2\
i\xd9\x92\xeb\x96,kj\x82_dp\xc9\xb2\x95\x8f\
nD\x85\x13g\x90\xd1\xb9\xb4\xfa\x89'\xcfp\x98.\
,\x99LV\x1a\x82b@\x1e\xa8\x900x\x85j\x8c\
\xb6\xabFV`i\x09\xe5\x0266V\xc7\xe3\xf1D\
M\x10\xfa\x8c\xcf\x17z\xdb\xa7\xf8;\xfd\xf4\xb06\xe6\
\xd5P\x82\xfeN\xe0|\x10*\x9e\xcd\xd6\xa9(\x9d\x9d\
v\x8b\x1f\xeb\xf7\xdb\x16\x14\x9e\xa0\xa5\x13k\xb7\xd9\x19\
\x9dC'\xb4(\x16\x10\x80\x1f\x18\x03Vi\x013\x00\
\xcf\x80ih\xa7}\xf2A\x0f\x0a\x0dtt\xb4\xf4\xb4\
B\xf9\x81#L\xf6J\xf5Vq\xf5\x99L\x86\xcbD\
\x7f\x00\x0f\xae \xba\x12\x10\x04|B\xaa\xed\xef\xef\xe9\
\xe9\x09\xc3&^28\x08{\x188\xb0\xe4\xd1\x1a\xd1\
d0\xae\xc2R1\xdee\xd57&~\x83K\xbc&\
\xf4\xb6\xe7\xe22\x1aR\xa01\x8f\xd7\x0b\xcb7>R\
M#aJ\x90\x09\x17o,\x11j\xde\x06\x9b\x87W\
\x82t\x1b[g'd5\xfd\xc5\xda\x14\x1b\x10\xd6\x0e\
\xb0\x17\xe9\x98\xb88\x119c\xec>\xb6\x19\x04\xe80\
I{\x9f-\x08\x9e\xb8\xd9OJ\x8f\xcdf\x83\xf3\xdb\
F\x8c\xd0b\x81\xd1\x08A\xa2\x90\xa3\xc4\xd2\x08\x0e\xd8\
S*\xcb\x09\xb4\x0d\x93\xbd\x06\xa9\xde$\xbc\xdd\x9d\x89\
r\xd1\xd8K~T\x0ca\xf6\x8e\x0b\x8d\xe7%\x03\xd6\
\xdfS\xdb\xd4\xb4l\xe9u\xcb\x06W6-_\xbe\xf2\
\xba%\x8f\xfad\x9a\xfa\x83v\x07\x1c_\xcfK\xc6\xcf\
=\xfd4\x92\xae\xbd^\x03b\xccp\x89`_@\x06\
\x1c\xe2\xa1\x14\x15\xe00\x1d\xccP\x12\x1f\x91\xe1\xb9\x04\
\x8f\x87\xc5\x06\xff\x94\xad\xd3\xef\x0f\x03\x96\xf8\xddn\xb7\
\x04!\xea\x80\x16\x9d~{'\xc1\xd0\xc6\x84Y0h\
\xf3\x11\xb8\xc1\x1e\x15X\xbc\x8a\x8d\x14 \x90\x01\x09\x87\
\x1a[\xa7\xdf\x8e\xfd\xb1\xdbjh\xd3\x88\xff\x11zX\
,\xbePXQB\xf6]\xfd`m\xb5\x12\xf5PB\
<\x88\x97\x8cb\xf5\xd3\xb1h\x86\xeb\x8e\x99\x9f\x8e'\
\x12\xd0\x83Y9mBJa\x03\xfa9\xd4\x0f.\xc5\
\x8f\xebV6\xed\xdf\x18G\xb4WF\xb2\x8fD\xae\x7f\
I\x94\xbd\x82\xc0\xcb\xc8\x8b\xe19\x03\xba\xd5K\x06\x93\
1\x8ex\xb8\xd1\x8a|a\xab\x91\xb3\xae\xb2\x8a\xf2\xd1\
]\x9b7[\xe0\x9c\x80/\x07\x0f\x04\xe5\xc6\xa7\xd8\xfd\
d\xc8(d\xb0\xd8-\xe10p\x97\xc92K\xf1\x00\
\x03\x83o\xcfb\xb1aOl\x96\x9a\xcd\x0am\x8d\xdf\
\xcf\xcc~\x9c\xe4\xf7\xe3:\x9bm3\x18\xfff\xc5F\
\xef@Y \x8b0\xc4d\x07\x18[\xcf@\x89\x0b\xfd\
S\x5c.\x81\xc6\x17\x1a\x8e^\x8ae\xa2\x9c\xd9\x1c\xbb\
\xb4\x8b\x8d\xe2H\x14G\x0fJ\xbd\xb4\x035M\x14\x1e\
\x5c\xbat0\xb4\xd1`\x10DN\x90\xbd\x14W\x14\xeb\
\xad\x06\xcc\x14\xa6\x91\xcd\x09\x0cB\xc5\xa8{\x0cv5\
\xd6\x93z`\xb0Z\xab\xadV\xab\xb8z\xf5\xc6\x1a\x12\
d\xe4\xb7\x0aZ,\xb60\x89}\xc8\xa60@\xc9T\
W\xbb\x0f\xec\x8cp\xd7\xef\xef\xb4\xdb\xc1\xea\x89\xbb\xd9\
\x8aB\x10\x94b\xd9l\xd9\xec\xb7\xdb63?\x87\xbf\
\xa8)\xfbH\x07\xf0\xfb\xfd\x9b-\x96\x9a\x9a\x1a\xda\x0d\
::mA\xc8\x89 t+_\xb0\xad\xa7\xa5\xa7\xa7\
?%\xc3\x0dFU\x83\xa8\x12\xab~!\x93\x89vs\
Qs\xcc\xbcz$\x91\x80g\x08\xd2\x01\x1f\x97\x0e\xf4\
\xf4\xf4\xf7\xf4\xef_\xb2rp\xe9\xf2\x95\xfb7\x1aJ\
8\x09\x19$\x09\xafWF\xc1u\xbd\xd5`\xf2\xa2+\
?\x12\xa2\xbd^/g4\x18\xd8,(\xd8\x04\x22W\
m2I\xab\x8f\xee\xf2+\x8a\x12\xb4\x932\x0fQD\
@\x0d\xb3\x0d\xb01\xbd}3\xa9\xfb\x16R\xed@\xe8\
xt\xc5\xbf\x99v\x05\xf8\x0b\x15\x09\xaa\x81\xcd\x0e&\
a\xd9\x5cS\x03\xed/\x08\xfb\x184o\xb7\x90\xc8\xb3\
\xd9j\x14\x8c\xaf$\xbb\xc8\xe2\xf3\xfb7+D.@\
\x12|\xb7\x22\x80\xab\xf5\xef0\xac\x95h\xb0\x16\x1a\xe6\
\x18%\x83\xfcl,\x13\xc3\x06\x98cW\xd6bZ\xbd\
\xec\x12]\x02\x5c\x05\xb2\xab\xad\xbf\xa7\xbf\xa7g\xdf\xa3\
\xd7-izt\xa34\xe2\x05EK\x9c\xe8\x15M\x02\
\xb5\xa0A\xb7d\x13\xc2\xcb\xa0\x0b\x09\x960\xb5K\xe1\
\x90\x0c\xcc{\xc5\xc4\xea]\x8a\xa2\xd8\xa1\xd4\x07\xed\xc1\
 <S\x84\xaf>\x8b%\xc8\xfc\x98\xd0T,>H\
+\xe8r\xf6\xa2\xf2J\x86>\xa1\xb7\xcf^\xdc\x18\x9f\
\x0f\x18AJ\x90\xdd\xa2\xf8;I*\xda\xe9V\xf6\x10\
\xbbk\x11e6\xdb\xc9\x13\x00;\x18\xd7+\x84?>\
\x08\x80\x8d=\xfd\xfd=\xfd\xad\xd5T\x1c\x099\xe0B\
\xb9\x84t_\xcc\xaciQl\x00\xfa>\xa1\x9c\x01I\
\x12\xa4\xca\xf2\xd6.0\xc2\xfe\x07\x1e\xf5mL\xc8<\
\xd4=^\x92(\xd7W\xa6\xd6\x83\xe4\xf05H\x06\x84\
\xc3\x05Q\xf2\x9aH5@k\xcbjA\xdeXc\xb1\
\x07C\x10ma,\x1f\x98\x08\xe8v\xc2@!\xd0\xda\
\xc8\xb0\xb5\xd8\x8b\x5c\x9d\xf4V?m\x10\xe91\x90\xea\
$\x12\xa0\xceB\xae\xd9\x14?\x91\x8d\x1d\xff\x177\x0b\
\xee f\x071\xd5\xdf\xb6\xb9\xc6\xbfy3\xb4\x85\x1a\
X\x8d\x16\xe6E\x81\x0a|h\x17\x962\xd0Z'\xc1\
\x13\x82*\xf1\x84@\x19a/v\xa3C\x13g\x8eF\
\xcd\xb1+G\xe3\x06$\xd0b\xf6.\x04\x81X\xd2\x0a\
\xae\xd9\xdf\xd5\x5c\x824\x0a\x83\xe8\xf5J\x1cu\xb7\x91\
i(\x19\x5c?P\x86\xac|=k\xd1n\xf2r\xf1\
zt\xe9\x94wY\x14\xc5\xc6<Q!;\xd8\x10\xe9\
w\xe0[\xb0\xdd\xc9H\xf1\xdb\xd92l\x0a\xecvh\
; d\xfa\x9f\x88\xc0V\x03{/\x18\xb4\xfb\xfd\xb8\
\xb6\x13\x1f\xdb\xc8 \xc4\x1b0\x90\xc0\xe3H\x06B\x8d\
\xc0\x17X\xc0\x1f7\xc3\x09\x08\x22\xb2\x93\x15\x09\xfa\xf7\
\x85|\xbb\xfa\xfb\x07z\x06\x06\xda$YLH\x22r\
c\x12\x82T\xcf\x19\xfe\x17kR\xc8Ec\xe6X\xa6\
\xfby\x13\x0a\xea]\x946+\xc0?\x5c\xda\x0b\xb2\x19\
\xe8-E\xee\x887n`\x05`\x86\x11j\xb5\xc1&\
\xdc\x9aL\x82\x187\x9aLq\xcc\xfc\x85Qd2`\
\xf9\xd0M,\xb6 \xec\x18\x0b\xb3\xe1\x8b\xc4\xed'/\
\xa5\xddb\xf1\x07\xc9\xa2\xc3\xf3\x17Uv|F\xba\x0d\
\xa91\x9b\xedL\xe1\xb5m\xde\x0cM\x879>\x08\xec\
(\x92a\xbe\x00\xba\xbbe\xb3M\x01W\xf4\xe1\xe7f\
?(\xc8\x0f\xc4\x80\xad@\x0a\x85\x12RF6\x0c\x0c\
\xf4\xf4\xf46C\xdb\xa5\xecX\xa4H\xf1Vn\xf5\x15\
\xf4\xa7\x8aE\xb9X&\x163\xc7\xce\xad\x969\x0c\x1e\
\x15y\xd4\x13\xc1KX\xda:00\xb0o`\x00.\
_\xcc\xf3EN1F\xdb\xa2\xdc\x0a\x9dn\xe1\xf7@\
\xfc\x13\x91\x0f8AM\x06!\xb1\xcb\xae\x84\xa0\x9bC\
\xce\x91\x1e\x02\x05\xdf\xc2\xd4T\x8b\xdf\x1fVl\x80N\
\x10\x1b\x11\x84\x1a\xd4\xe9\x0f\x93\xe6\xea#K^aJ\
\xeff\xa2l\xf8\xc3\x82\x16K\x10H\xa30\xc9f!\
$\x02tIh\x80)\xc0\x82\xdeL\x0a44AX\
D\xfeN\x05\x17\xc1\x07BG\xf5@\xff@\xff\xc0@\
JN\xc0\xe4\xa3\xf6\x81\xb2d\xe4\x85UO\x99c\xe8\
T\x1a\xe5\xd0\xa98\x163\x7fc\x13\xcf#u\x0c!\
-\xf4X\xe5\xc4\xba\xae\x81\x81\x81\x81\x9e}\x8d\xa2\x81\
\xab\x97\xd9\xa0zj\xc3\x89!\xaeV\x11\x85A\xd6z\
\xa3X\x8d!\x1e\x9cI\xde\x08\xe0\x87\x0e\x85\xc3\x80}\
\xd8\x16\xa2\xd5\x04\xf1\xc0\xfe0\x88\xddO&\xbb\xd2\xa9\
\x84\xa1\xfd\xf8HI\xf5\x83\xe2!\xd1\x8890\xf7\xa6\
b!\x1a\x82=\x0c(\xdb:\x15\xc2\x0b\xbb\xc5\x7f;\
\xc9=XK\xe4\x14\x83i`'g\x81\xc5f\xaf\x81\
9\xd4\xa9\xe0k|L\x89\x0c\xdb\xec\xa1Px\xcf\xc0\
@\xff@Oo\x03\x08\x1f-\x02\xa8\x5c\x90\xe3\xea\xad\
5\x17\xa9I]4\xc6-\xb4\xebK\x18\xbd\xc5H9\
\xcdn\x13d\xa9\xb4\xab\xb5\x7f`\xa0\xbf\x7fG\x89d\
D\xb4\x0f5%&\xca\x7f\xc6\xec2+6\x00\xfd/\
\x0c\xf5\x1bw\x01\xa9\x15\xe6\xcf \xdek#\xdf\x1c\x82\
\xd4~\xb2\xd6\xfd\xccf\xc1ag\x0a\xf0f\xb2\xec\x99\
\xeec'\xfa\x87\xb2\xcb\xc4\x1f\xa4\x18\xb3\xff\xc1;,\
\xc4\x11qi\x8d\xbf\xc6\xcf\x84?\xf3\x02*\x96\xcd\xd8\
J\x9c\x0b\xe4g?lD~\xf6\x10b\x84\x1b{\x81\
\xc3\xbd\xad\xcd\xf5\x02\x0d\x94\x03\x06\xf0\x22P\x99\x7f\x16\
k\x8e1\x0c\x00)\xc4\xccgva\xd6\x0a\x15\xcf \
r\xe6\x12$\xa9$\xd5\x8b\x0d\x18hm0\x1ae\x17\
/\xc8\xb0\x16\xd0\x88\x8f\xfca\x1c&Y\x8a\x86\x91\xd5\
\x1b\xed\x84\x8ba\xbb\x1d^l\xbb\x8d\xa4\x1ekN\xe4\
J\x00\x00 \x00IDATq{;\xd3\xda\x18\x0b\
\xe8,*(\x04\xec\x1aK\xd1\xb7a\xc1\x0e\x00|\xa4\
\xff\xc1(\xd8\xbc\xd9b_\xd0\x84\xb1U\xb4_\xa0#\
\xe2\x07~\x9f\x9d\xcc!R\x1fI\xd1\xb7A\xb6\xe2\xae\
\x9d\xd0\x88\x81YA8\xc2|JM#\x96\x8f\xf5\x8b\
.\x81\x87p\x13X\xd1>/\x1a\x9fg]\x0a\xa3\xe6\
\x0c\x98 QC\xece\xb4TD\xafU\x81jI\xe1\
9\xe3\x9a\xc1\x08z{{[Qb\xc3%\xd0uM\
\xac\x07\xdcM\x18\xef*\xd6\x8b\xd2.\x8b\xbd\x13\xd1\xd9\
p\xd8\x07y\x1d\xb6\x13\x92\xda\x83><\x94\xe2\xf7\x03\
7\xa0\xb4\x12O\x0a\xda\x94\xa2C\x0fgAF\xe0\x13\
b\x84\x0a\xc1\x18KV6\x13n\xd8\xc1\xea}\xf0\x0b\
\xfb\xc2\xbe\xe2\xb9L\xc6c\xa7\xc9;\x0e~k\x0b1\
nk\xb3\x17\x95F;T/\x9bO9\xb4qGo\
\xeb\x86\x81\x81}\xb7\x96 \x12\x0a\xef\x1c\xb2\xe4\x05\x8c\
!\xe0j\x1ef=*\xcd\xb1(m\x00\xb6 \xd6\xfd\
M\xab\x97\x5c\xa5\x92K\xe0e\x01\x15\xd6.\xae\xae\xb6\
\xb5u\xa0w`\xa0\xb7\x16k\xa7i4h\x83\x22\x19\
\x0c\x9c\xb4q\xe3\xae\x1a\xa4a@{\x81#\xdfb\x0b\
CP\x83j\x09{-v\x90x'd\xbd\xdd\x12&\
\x87\x05X{\xa7\x9d\x19l\x8c\x92\x17\xd5~F \x8a\
\x9f\xcc\x03\xa6#\xdb\xc26\xbb\xc5\x17\x22\xe2\x02\x87W\
:\x99\x11\x04\xd4\x82i\xb4\x19\xfa!\xf1\x13\x8a\x0da\
\xe7\xc1\x1a\xed\xd0\xffw\xa5z\x09\xff\xbb\x1a\xaa%d\
\x04q\xc6zd\x84R\xc1Ni\xe2\x8ay\xb1K%\
\x17\xa5\x86\xad`\x03\x17\xef6\x0a\xec\x1cd\xd2#\x86\
\xceKRImk\xef\xbe\xde~lA\xb5 @Y\
d\xbd\x1fW\x1f\xb5\xb0\xa83y^\x95\x90b\xb3w\
\xe2\x17E\x81u\x0bY\x1c\xb4tZ\xfc\x9d0\xec\xed\
\xf6\xceN;\xf9\xfal\x16D\xab\x14\x0b\xe8\x15\xbfb\
\xbfl\xa4\x03\xd9\x8aJ\xbd\xc5\x8e\xf3\xed\x0a\xfd!\xd1\
I:\xa0\xdd\x16\x84bd\x87\x00\x85\xdf\x13.\x83N\
\xc2'\xbc\xb4\x93\x89\x08\xbc\x07:t\x86\x95\xa3\xe5\xfb\
Z[{\x07\x06\x06\xba\x9a\x0d\x18 \xc4Q\x8b\x14\x89\
\xe6\x94\x8a\xa6\xfaW\xcd\x1f\x1d\x1fm@4\xf6\xf0\xc6\
f\x83\xe4B\x98\x1b\x86\x0f\x0f\xadW\x14M\xcd\xb5`\
$\x90\x08\xbdm&I^\x0b\xaf\x87\xb0+\x18\x0c3\
\xdb\x8e\x92q\x98\xf2\x15\x0c\x1f\xb2\x87\x83\xc8E\xb1\x93\
\x13'H\x01.x\xaf\x82\x10\x07\x0aE\xb4\x82A\x85\
4\xc4p\x08|Saq\x1c\xc5nW\xc0\xee\xe0\x18\
\x09CMVpI\x90Xk\x18\x94c\x0fC\xd2!\
\xde\x17\xc6m\x94 \x92\x82\x940\xe5\x06\xc0\xc3\xa0(\
\x87B\xf0\xb0\x02\x13wU\xb7\xb6\xb6\xf6\xefk\x1d\x18\
hM\x95H\xa0}\xca\x85\xe7\xa9\xc9\xa5,\x09\xf5O\
\x98\xa3\x8b\xeb\xff\x9d\x1e\xb00\xb5$f\x8e>\xbc\xd1\
\x84$r\x17r\xfc\x91\xe7\x81\x80\xa1`,-\xef\x02\
\x1b\xa0\xa3\xa1\xd9$\xb86\xd6\x84\x91{u(\x8c\x1c\
4\xa4\xe6\x80\x09\xd8\xb1\xda0\x22\xd8vz\x11\xa4_\
\xf0\xc7\x8e\xe5*\xe1\x10\xbd\x13\xc4\x96`aad6\
\x05;\x15\xcab\x0a\x07\xc1\xe7\x158\xfd\x83$I\x0f\
a\xdb\x18\x86\xd1\x96R\xb00\x18,\xde\x96^\xb1\x80\
'\xfb\x96p8|\xe8P\xe8\xd0!E\xb9]N\xb5\
\xb6nh\x05\xe3\xdaqcc5,6\x91gC\x96\
yY\xf0\x22\x0d\xe4M\xf3\x22\x01\x10\x09,l\x80\xd9\
l\xee>c\x17\xc9)`\x82\x8b\xc8\x80pi\xc2%\
\xf1\x86\x92\xba\xda\xae\xae\xae\xde\xd6\xde\xde}\xad\xad\xad\
\xcd\xf2.\xe5\xd0\xa1CA\xfa\xd6C\xb4\xf3\x87\x10\xd6\
AJ\xe2!l\x08=\xcb!\xbc\x17<\x84\x8c\x9eP\
0H\xbf\x86Bt\xf6\xa1C\xe1`\xf0Ph\x7fh\
\x7f\xc8\xae`\xffp\xb1\xa2\xd8\x17^B\x99\xc0\xd9\x87\
\xd8\x8b0\xfd\x8f_C\x0a\x9d\x11:\x14\x0a\x07\xf1\x81\
B\xe7\xe2\xd4\xfd\x87\x0e\x1d\xb2\xfbwI`Yx\xce\
\xd6\xde\xd6[S\x8d\x06\x92gH\x00\x11G\xd06U\
\x8c\x8b\xbcA|\xba{\xa1Mo\x91\x04\xcc\x1f\xed@\
\xac\xfb\x12D\x9bK\xe4\xeaMh\x91/\xbb@6\x92\
\xbc\xd6%6\xb65\xd0\x9d[[\xbb\xd0\x9fgCk\
-y\xf8\xf7Pw\xab\xf2={Rm\xe5\xa9rd\
>\xa5\xca\xcb\xf74.4\xf8\xad+\xafC,\xa0\xb9\
\xbc\xb1\x11\x8d!\xa8#R\x1d2$\xdb\xa8\xfbg\xaa\
\xad\xad\xbc\x1c)3\xf8\xb8\xbc\x9c\xba$\xd5\xed)\x9e\
\xb6pPI\xdd\x9e\xf2:\xf6E\xac\xc2\xb0\xb9\xad\x8e\
zJ\xe1\x1b\xf7\xa0\xbbXymkm\x03rMk\
{\xbbz\xbb\xbaZk\xf7\xac\x12%/\xa4\x16\x15\x89\
\xa2C\x08\x8fY\x95&\xd3\xf3\xa7b\x7fd\x03\xb0\x07\
\x99\xd8\xa5]\xa8\xee\xaaGW\x17\x9ec#\xe9d\xca\
\xaf\x17M\xcd)`A\xd7\x86V|EmmCm\
WmCC-^\xd6\xd6\xa6\xba\x8a/z\xe9\xcd\x86\
TmCm\xaa!E\x9fw5\xd4\xb2#\x95J\xe1\
\xb2Z\x9cQ[~\xeb\x8d\xb5\xf8\xb06\xd5P{\xeb\
\x8d\x0d]\xf8\xa0\x81nQ\xdb\xd0pkmm\xaa6\
U[{+]V{+}Ymmmk*U\
\x8b\xbc\xea.\x5c\xba\xf0f\xed\x8e\x86Z\xf6\x8a\x9e\xa6\
\xab+\xd5\xdcXb\xa4\xac7\x8cT\x96\xa9JZ\xe0\
$\xab)\xee5<MR\xff#\x12\xf8\xe4\x06\xe0\x83\
_\x1cuI\xd4\x01_N\xb8x\x17\xd1\x90K\x94\x12\
\xd4\x8f\xddT\xd2\x96j\xab\xc5\xb7u\xa5R\xa9\x1bS\
\x8b\xc7\x8d\xa9\x86\xc5\xd7\x0d\xa9\x14\xb5\xf0L\x95\xb7\xb5\
\xb5\x01\xc8m\x0d\xe5)\xca\x86O\x01\xc6x\x89\xd3\xca\
\xcb\xcb\x1bpn\x1b!M[C\xaa\xad\x0do\xd7\xa6\
\xca\xdbR\xe5\xe5)\xfc\xd2\x86\xd3\xe9\x8c\xe6\xe6\xb6r\
v\xf7r\xfa\xb2\x06\xfa\x1a\xfc\xc2\xf6\xeaV\x5c\x98*\
O5\xd4\xa6\x9a\xcb\x1bM\x82Dsu\xd1;\xd7%\
P\xee\x0ebW\x06\xde\xbb\xf6\xe9\x8f\x03\xffS6\x00\
|\xe0\xe2\xb7V\x980}A\xc2\xdcw\x04\xcc\x049\
!%\x04\x19\xa9`p\x99R\x91k[3\xd0\x10\xf9\
\x8e\xec(\xbeh\xa3\x03x\x8bB\xf0\xc6\xc6\xd2\xbaR\
\xfa\xac\xad\xad\x0e\xff\x97\xd2o\xc0\xeb\xe6:|\xd2\xdc\
\xdc\x8c\xc1\x0f\x0b\xb7)\xc5\xdb\x8d\xa5\xf4A)\xbb\x96\
\xee]\x8a\xb3p\xf7\xe6\xb6fvms)\xee\x8f\xd7\
\x8c\x22p]sI\xe9*\xcc\x17\xc1\x00I\x17\xfc\x9b\
\x22\xf5\xceM\xb0\x96E\x18Mm\x92\x7f\x1e\xfb$\xfe\
\x7f\xda\x06\xc4b\xb1o\x1c-)!\xc3\x9f\xf5\x97\xe1\
0(H\xa2\xc2J\x0a*\xe0\xe0e\xd9@]\xb8\x0c\
^\x83\x01\xcd\xc9\xbd^\xf4I\x84\xcfT\xe0\x12\x09\xc1\
\x8b\x93\x04\xd4\xe5\x8cP&\x1e\xc2F\xa8\xa3G\x091\
&AS\x9bQ\xc1\x10\x8f\x8b\x12\x95UY1H\x1b\
J\x0a\x08N\x10\xe3\x9cW\x10\x0c\x18R\x05\xaf3u\
\xa1\xc5\xe4Jt#\x81N\x0f\xb3\x1eCc\xf1:\x91\
\xf0\x0a\x94\xf7\x1e\xa7\xe0\xae\x90\xc0PvJ\x7fAA\
(\xe2\xa0q\x0c]\x14\xbcB\xc9\xd63\xe6\xdf_\xbe\
\xd9\xcce\xcc\x7f\xb8\x03Wv\xad\xaa\x17$L\xe2C\
k\x15\xa4\x0d$\xe0(\x80\xd7\x10i\x14\xe0\x8cH1\
\xe4M\xd0\xae\x91\x1eI\xe9\xc1\xf0\x1c\xc8\xbc\x0c\xad\x1b\
Y\x93\xa2 \xc9HEAo\x0e\x0e3^\xbd\xe4W\
\xc6m\xc9\xeb \x0b\xb2\xcc\x99x\xea\xe2 \x18\x8dt\
.\xfc\x15\x89\x84\x8c\x8a>\x97,\x89\x09x/(\x96\
'\xa3\xef\x95\x98\xe0\xa1\xa2&\xa8\xcc\x91\xbaB\xe2\xb1\
d\xc0D\xa0G\xe09<\x16\xe90\x22U\xee\x8a\x09\
j \x0b\xd5\xc5+\xbf\xc0\x0c\xc0\xdf\xdf\x80\xd8\xefo\
\x00\x84\xc1\xa9\xa76q\x98>\xc4\xfaAQ^\x19b\
\xe8\x14AB\xfc\x00\x07\xfd\x06<\x11]\x106\x22\xaa\
\xf0\xb0I\x1cz\x94H2\xf1\xceD\x02\xfd\xb5Q\x93\
\xe0B\x81\x22\xf9\x5c@\x8f(Q\x10i\xfe3\x1bt\
\xc2!2\x0d\x8f\x9d$\xe1\x12\xd2\xc4\x13.\x11\x1e\x0a\
\xcc\x06\xe4\xc9\x95\xe9B\x8b\x07\xb6\xe3\x18\x14.\xd3\xac\
q\x94\xbc\xd2e\x98\xb0\x0c\xa7.\x12vd\x97@\xdd\
\xc1\xc8Ye\xc4\x0c%9\xbe\xfa\xe5\xeeX\x11\xc0\x7f\
v\x03\xcc\xb1L\xf4\xca}\xf52\xccG&\x08\xb02\
T\x973\xdc\xe3d\x1e\xc5\xa6\xcc\xc0\x02p\xa89\xbd\
\xe8BoR\x8e\xd6#\xf0\x92KD\xf0@\x10\xb0T\
$\x9fP\xf2\x5c\xd1\xdf\x80\x0ac\x90\x07|\x0c<\xe5\
V\x92?\x92c\xb6\xa8\x8418\x228\x0e\xc7\xc1\x8d\
O\x95\xae\xbc\x0b\x0d\xe1\x19\x98\x11yfY\xdeh\xfe\
\x02W\x16v/!\xb9\xa0\xbb\xe2~ \x12\xd4.\xc1\
\x02\xc6.K\xe2\xf17/\x9a\xff\x00\xfbqd\xfe\x80\
\x07\x14w)s\xf1\x89]F\x01~\x01T\x81\xe1\x9e\
2\x82\xc1.*2\x81\x88Y+`>\x1dR\xc19\
\xf8\x93e\xca\x0f\x11ht\x11\xad\x11\x13\xce\xb0\x03\xec\
}d\x8f\x1b\xbc\x02\xa1#\x8f\xfaI\xd6\xd2\xd1$\xb2\
X=\x01\x13p\xa5A\xa8\x04X\x91c=\x0d\xd8\x5c\
t\xec4\xa8\x05\xc0\xc0O\x1e{F\x9fc\x13]X\
(5\x89G\xf6\x9b\xc8\xa15\x18\xea\xc1\x80(\xbc\xec\
\xda\xb4\xfa\xbeK\x0c\xf2\x9f\x02\xed\xa25\xf8\xfb\x1b\x00\
C\xf1\xdc\xf3o\xf3F\x17\x8f\xb2b\x90!\xb8\xaa\x80\
/\x83\xb5\xcc1\xda\xa5\x16\xfd\x18_I\x8e2x\x13\
$\x09\xf8@\x05\xa9\xbcW\xe6M\x02\x95fc\xc69\
\xe7\x15\x0cTV\x86\xc8:\xce\xf2J\xac\xbe\x087\xa3\
\xe4M\xc2\x5cx\xaeil\x1e\xd288\x89&Ua\
SP\xe6%\x18\x81\x8c<h\x89cM/xz\x0e\
\xa4\xff\x83\xe2]\xd2ZY\xa6b0\x14-\xcb\x9cK\
\x909Y\xdct\xd7\x0f\xf6\x9a\xbb?m\x99\xe6O\x93\
\x02\x0bG4\xa3\x99_zb\xeb\xdaM\x92\xe0\xe2y\
\x09D\xcf\x13\xfd\xba(\x02\x8e\x9a+\xd8V\x12b\xeb\
P\x9f]`\xf6<\x8c.\x9e\xc1\x0e\x86\xb5L\xf1\x14\
\xf4\x16\x04\xf7\xe0ez^x\x17]\x09\x89\xacTt\
5s!e]\xe0\x8b{\x0ab\xe3AK\x1c\xd3\xca\
!\xc8\xa1\xc7\xbaD\xd0\x92\x0bm\xe0]x\x97m\x00\
\x87n@<\xbc]\x02U\xc4\xbbH\xe9w\x892R\
^DY\xfe\x9c\xe0z\xfeE\xc2\xfd?\xb2\x01\xda\x1f\
\xdf\x80\x18\x9c\x85\xdd/\xbf\xb0QF\x7f\xf4\x042(\
\xa8\xe1\x90\x8b\x07\x85Q?:\x89:\x91\xc9H\xaf\x91\
YW\x1e\xa3Q\xe2\xd9h{pG\xa0'\x15\x22\x80\
{Pi\x16\xed\x00\xac,\x17u\xf5\xa7M\xc5\xacK\
\x17\xcfh\x87u\xb4ak\x13\x18\x8b\xc5\xfaQ\xecL\
-\x0f(x\x07\x88\x10\xe0\xf1\x03[\x05A\x83\xb6\xa0\
2!\x94\x91\xc7\x14Y\xf0\x18\xce{\xd7\xd7\xce\x99\xff\
@\xf4\x7fb\x99\x9fN\x02\xf4Q\x91c^|\xf9\xb9\
\xadG%\x11\xb1C\x17z\x8fP[n\xa0:\xc6\x17\
\xb3\xda\x1bA\xe4\x5cl\xcdFT\xa2\x12R\xf3\xd4\xae\
\x91G$\x95\xa7\x95\xf1\x04k\x94\x14\xf0<\x0d:\xe2\
%\x0e\xacM\xc2\x9e\xf1\xbc\x8b\xf1\x10\x96u-\xd0>\
\x11{\x04}\xa0\xb2\x8d\xed\x91 qF\xde(\xd3\xe8\
p#\xbe\x85\xe7\x05\xe0'\x0f\xaf5e\xb8\xf0\x92\x91\
\x07\xd9\xd4\x1f?\xfa\xc5W\xae\x14I\xffOo\x00Z\
\xe4\x91S\x80\xe6\x19\xd2@\xab\x18\xe3\x03\xd1X4\x8a\
9\x9f{\xdfx\xf5\xf9\xbb6Z\xdb\x04\x11\xfc\xcb\xc5\
\x1e\xcc\xc5\x99 \xc90\xc9\x9d\xaa\xaf\xa4\x22\x06\x10\xa8\
1f\x8e\x82h\x98\x9da\x15QK\xe9\xe29\xa3\xc4\
\x0a\xb5\xe4\xb5\x12'S\xa2\x1a\xcd\xc6&\x86\xc1\xbbH\
\x91A\xb3s\x127\x84gPi\x05R\xc79\xea\xf9\
)H\x92\xd1\x05V'\x89\x84\xed\x14\xe7\xe6\xac\xa0\xa4\
\xb5\xc4'\x81\x0e\xbcQ\xdc\xb5\xfa[o\xbe\xf8;\xb2\
\xcfd\xba\xcd\x14\xfa\xfa\xe4\x06`b\xa1\x99-\xf9\x0f\
I\xe0O\xe1\xcb'\x11\x04\x9b\x93\xc9d\xa2\x99(\xa6\
\xa1F\xa3\xdd\xa7.\xfe\xe2\xca\xab\xdfx\xfa\xf9\x17\xb6\
\x1e\xba\xff\xfe\xe3\xb7\x1f?~T^\x8bf\x1dk\x81\
\xb2\xd2Z\x09,\x8a\xa9\x10@zj\xf0- ^\x81\
Let\xf4\x82\xe9\x8a.\xdfx\x03z\x0e\xcd*E\
J#N\x82\x02\x04=\x0a\xa1\x0d\x81b\x922\xd1\x11\
G\xdb\x06n\x0f\x86\x83\x1dE\xfc\x83\xbeE\xa2;\xbb\
\xa86\x88g_\x91@e\x93,0\x01\x09\x19R\xd4\
gP\xe3\x8bv\x07\x02qt\x01\x02\x1e !\x14\x86\
CEr\xa1\xeb\x86\xc4z\x91JTu\x8b\x18#\xd3\
d\x04R\x03\xa1\x17\x80\xf9\x92*\xc7V\x8a\xb24\x80\
\x16\x07\xf0\x98\x03qJ\xa2Q\xaa\xaf7\x8a\xd4\xce\x0a\
\x8f\x8ddu`\x00\x14\xbb\x84$\xb9\x5ck\xb1\x07\x12\
\x1b\x04\xc2\xf1\xf5\xf5kW\xaf\xde\xe5\xef<\xbeq\xeb\
\xee7\x9f\xb8\xfa\xec\x95K\x0f\xef\xed\xee\xa6hF\xd4\
\x8c\x19D\x99hq\x10W\xf4\x8fR\xf3\xefA\xf8c\
\x80\x8e\xfeQ\x1e\xf8_8~G8\x99XF\xd3\xcc\
{\x1f>\xf3\xea+\xcf\xbf\xd0y\xff\xedG\xd7\xf2#\
\x94\x83\xe6Z\x8bMX+\xaf%X\x10[,n\x04\
\xc7r\xf4h\xcc\x07\xabXt\x09\xc4\xd4\x89k\xa2\xcf\
#F^\x90\xd6(\x16\xd3\x15\xe8\x07\x01\x10\x82\x07U\
\xbe\x02k\xfd\x048`P\x11\xdd\x07`a\x10)2\
T\x8e\x85\xafE\xf65\xa2D\xddt\x99*\x06&F\
tJ\x8e/\x8ay\x81\x7fB\xe0\x0a\x02\x13A\x22\xe8\
\x99X\x92\x08\xf5\x8e\x88\x1f:\x00c<\xd4\x94\x96#\
\xedPd_fd\xb3d \x8e\x13\x02\xd3\xf1Xe\
\x12=\x88K\xe0\x8c\x84O\x18\x10\x0d\xa8\xd6\x93.$\
.\x9c@\x8fI\xbe\x07*\xe3\x96\x5c\x0bz\x06}\x1d\
\xaa\xfd\x819\x9b\xac\xfc\x8a\xe3\xc7\x0f\xf9\xb7>\xf7\xc4\
\xabW~q\xf1I-\x8a\xfd\xc7\x00\x8a\xa8\xf9\x0fu\
\xdc\xff\x02*\xc4b\xff\x0f\x08\x10\x05\xeb\xbcx\xe9\xc5\
'^\x08\xf9W\x8fX\xef\x1e\x19\x11\xe4\xc4jy\x04\
\xd3\x1b\x134\xdc[\x22E\x1ef\x01)\xef\x12\xf3\xac\
`\xa5\x09\x1c\xb4|\x89H3\xc1\xb8?\xba{\x81>\
\xbd\x09\x90?m\x8aD\xac\x11\x8a.\xd9\x974\x1e\x95\
s!\xa3I\xa0\x1e@\xa4c\x02\x0c\xd2\xe2~\x02\x02\
\x8b\xbf0a\x02E\xdb@\xc9]\xbc,1\xe5\x8b\xe8\
\x0f\xb6\x02o2`02\xbe\x0fMOD\xf2\x00\x14\
\xd1Q\xa2Q\x0c\xec6D\xe5\xac9\xcc\xe2\x81_D\
\xd6\x91S\x96\x8c\xa4\xcf&\xd8\xda\xe8aE\xd2e(\
!E\xa2q^\x02'\x89\x06f\xd7\xca4\xf9\xb7\x88\
r\x02\x8f\xe6\xd2\x06oB`\x9d}8\xd6\xd1\xa4\xd8\
\xf0\xdc\x00\xcb\x88\x17\x04\xc9+\x18p\x7f\x813\x0a\xfc\
\xf1]\xb7\xcbO\xbc|\xe9\xdc^\x1aA\xf6\x7f\x0dE\
.\xfa\xdf\xc7\x00M\xa3HZ\xec\xcc\xcbO\xbc`9\
\xbaz\xc4\x9b\x10\xe4\x91\x04\x05\x9d\xf0\x9f\x8b\x94P\xb0\
t\xa4\xe5\x8b\xd4\xaeCX\xe8f.\x8a\xacX\x9d\x0e\
\x1a\xf9\x09\x83\x0a\xaaSQ{B\xaf{/\x1a\xbcI\
\xaeb\xf6\x09\xe8\x12ay\x03;\xbd\x08cA\x12\xbc\
^\x82|\xbdQb\x1c\x86+\xd2\xbd@\xd1l\x22D\
\x8e\x986\xfa7\xd7\x1b\xd1\xc9\x8cgxFj\x9a\xc0\
Qr,\x01\x91/\xaa^<M]\x00\xd0x\xf4[\
5 Q\x82)$P.\x19\xb5K\xd2G\x18@2\
\x98gj\x8c\x84\xc6\x9c\xb0\xfaD\x03\x92\x0dyz\x0c\
\xb04\x9ag\xf5\x11A\xe3\xc1M\x0c\xdd\xd9\xa8\x1b\x06\
l\x83\x17I&\x94\xbb\xc4\x91\x98g\x8f\x89\x8cv\xc2\
D\x91L1\x84\xaf\x13T\xe5\x9eH$F\xf8\x15+\
V\xb4}\xf3\xe53/E\x01\x92\xff+Z\xe62\xff\
=\x0c\xd0h\xeeil\xef\x95\x9f?\xf7\xf6\xed+V\
A\xa8-\xb4\xa5d\x10\x90Q\x98\xcf\xf3E^IN\
\x02\x17\xf5\xafdVt\x11\xf2p\x1b\xa1\xadD<N\
\x15V&\x8eA\xd6`2\xd6c\xe2R<\x8eM\x86\
yGtk0\x89R=gB\x0f^8\x8d\xe0\x04\
\x12d\xc1`\xf0z\xb1%FT&b\xc7\x8b\x08\x80\
$\xd8\xe2f\x83\xcc]\x22_\x8f\xc95\xbc\x917b\
\xdf\x91\xc6\x85Ln\xf6(\xd4A\x8b\xba\xab.\xca&\
\x81\x5c-\xc8~\xc4\xbe/(\xf6L\x06p\xf5\xf5\xf5\
\xe8\x89%\xf2\xc5d32\xe48I2Q\xab<\x81\
\xa2\xef\x94%f\x10\x0d\xa4\xdc\xd5c\x186\x93\x05\x04\
Z^0\xc4E\xafA\xa4\xbb\x9a\xc8\x87C}\x0dy\
\x03:\xcd\xb3Sy\xce\x80F,l\x04\x1d\x9d\x22\x09\
\x1f\x13\x17x\x18\x17\xd9T\xc6\x91M\x9b6mZq\
<\xf8\xc2\xd7\xae\x9c\xc3D\xc6\xff>\x0ep\xb1\xcc\x7f\
Cp`\xeeq\xf7\xc5K?\xaf\xb9\xffx\xc2\xb5i\
\x85\x8c\xfe\xd4d\xa0\x15\x0dw\x02c\xd1\x02\xc2\xf2]\
R\x82I\xb6b\xa8\x99\xe39\x06\xeex\x5c\xa4\xbe\xc2\
Fj>i\x12G\xa0\xf8\xc7\xe3Vj\xaf\x8d\xb7\xd1\
r\x9c\x1a^{)\x01\x19\x1d\xc8\xac&\xccd[@\
6\xec\x98W\xe4y\xd4(\xb0y\xe3H]'\xb5\xdb\
K\xda3\xa9e|=o\xacG{W\xc3*L\xfc\
\xe6P\xc1h\xe2\x8cF+e\xb6@&\x18\xeb\xeb\xeb\
\xeb\xc5E\xc6\x0e\xbc#m\x13E\x10\xf0\x0a\x8bL\xc3\
\xa0\xdb\x1bq/\x1c&R&Drd\xf1\xc8\x15\xe0\
\x91;&\xc2cG\x09\x14\x9c)\x8e\x139\xceX\x8f\
\xb2\x1a\x0c\xdf\x15\x8b\xdf@\xcbGn\x0d\xd5Xr\xc6\
z\xdc\x9fB\x97&\xc1\x8b\xa1\x03Txf2\x8c\x14\
\x8b\x0f\xa1\xed\x8aEv\xb6\xa0{\x88rQ`r\xe2\
\x08__?2b2\xae\xdeu\xff\xda'\xae\xbc\x84\
\x81|\xff\x1dq\xa0\x99\xb9L\xf7\x9fS\x1db\x1f\x05\
\x0e\xb5\xd8KW\xde\xbc\xefvq\x84<\x9eE\x9f(\
\xaac\xa0\x19\xb3N\x14\xe4\xb1\x22\xa1\x0dO\x11\xef\xa2\
\xe6\xfd\xe0\xad\x0c\x81\x91I\x0c\xf83h\x18\x8d\x92L\
e\x86@\x80x\x1c\xa3\xe39\xdact\xa3\xc0\x5c\x06\
\xc1\x80\xa1\xeb\x22G\x9d\xf8\xf0\x01\xb1\x1b\x9a\x12j\xf0\
\x8e\x803H\x94\xa7R_\xcf\x1b\xc4\xfa\xfa\xfax\x1c\
\xc2\x22n\x90Iz\xa3{\x05/I\xc6U\x9b\x80y\
\xf5F#A\xce`\xb0Z\x8d\xc68\xcdx\x8c\x1b\xea\
\x8d\xe8\xefm\x90\x8aj\x1d)\x84<\xa3U\xf6;\xb9\
.y#\x83\x7f=e\xc4\x9bD\x89\xb8\x0b\xc3\x18\x94\
\x0a\x10\x8aB\x97\x90XWJBq<\x98\xd1\x84\xe7\
\x13\xad\x92\xc0\x17O7\x19\x16\xb8\x01Vn\xa0\xee\x0d\
\x12\xf9y\x99\x9fD \x22\x01\x80\x91}\x8a\xb2N&\
\x17\x89\x17\x9a\x8a\x96a\xf1\x09E\x1e\x19\x0ah\xd2$\
\xb9\x84D\xe2\xf6\xf0\x9b\xcf>\xcc\xe6\xd2\xff\x975B\
.\xfag\xd9\x86Fva4\xa6\x9dz\xf8\xd9\xe7\x8f\
\xafpq\xf2\x88<B\xedw\x11qE\x8a\x18m\x8a\
\x89\xfcC\xc4\x1cM\x9c\xe8\x82\xd2\xc237h\x91m\
\x01$\x08\xae\x19\xbc^\xf2\x89\xd5\xd7\x83\xfb\x19\x98\x08\
\x00\x937Zi\x8b\x8d&\x13\x14d\xd0\x03\xdc\xb9\x94\
\x8c\xc7\xf1q\xec\xb1\x84\xcaTjL\xc2\x13c0\x99\
\x00_#/q\xf5<o4\xd6cw%d\xf2a\
\xbfE\x1e\xf3M\xac&\x93q\xd5*\x0c\xb1\xa3\x0b\xb0\
\xe7Hd\xe6x\x81\xc6;\x00FF\x0e\x1f\xd2\xdc\x13\
\x22j\x82\x83\xc4\xc2\xe8\xc8\x19%\xea#\xf0\x1b\xe3q\
j\x8a\x22\x15\x93\xc5\x08\x0e\x06\x11\x9a\x9d\x89\x8dU\xc4\
\xd4\x0c\x22O\x131-+a\xad\xc9@\xa3]\x19\xf3\
F\xf3R\xa6\xef\xf0\xe4\x0a\x850aZ\x0dc\x9b<\
\xad\x18\xf4m2\x19X\x0f\x12\x861\x22\xed\x00\x1e\x10\
e.\xd4\x01N\x92\x8a\xeehx\xe8`<r\xc7\x8f\
\x7f\xeb\xd5s{\x09\x01\xfekV\xe1\x7f\xc5\x0a\xd00\
\xec/v\xf1\xca\xd3\xb7\x1f\x17\xc8]\xcf\xf3\x068(\
\xe1\xd6D\x94\x8c\x06\x95R\xd1\x1d\xc29\x1cI-\x8e\
\xedQB g\x8f\x04L`*\x8cLa\x13\xc4x\
\xacFj]\x07\x95/\x8e\xad\x07/6\xf2\xbcu\xd5\
*p\x7f\x9etd\xf0t\x91&\xaf\xc2\xda3q\xb4\
\xd5\x12z\x12\x89\xd0\xa6\x17\x18=\xf4m\x10\xa9UD\
\xf2'*\x19\xa1\xf9\xf3\xb0\xb5\xea\xc1hY\x13\x0b\x8e\
\x9c\x05\x9c\xd5\x8a\xea.\xbci\xa4\xea>\x228\xc8u\
\xe0#\x10\xb5\x9e\xe6\xf0\xa1\x10\x14Z?\xb5\x9e5J\
F\x92N\x22\xd5> \xc9\x10\xc1\x1b\xf6\x08\x06\xf2\xcc\
\x92\xf0!\xa5G\xa2zd\x91\x83\xf0\xe7D\xe3&\xa3\
i\xd5*H\x03\x13U!\x90!AV?9\x90\x16\
\x0e\xc6\x00\xf0\x02\xaa\x0bV\xcd\xc3\xa9$\x92\x0f\x9c7\
\xe2\x1a\x0e\xd4!\x01\xe1\xb1\x8f\xf8\xdd\x08_\xda\x02b\
\x09k\xa1{\x8b#\xa5+\xee\x7f\xee\xd9\x970\x9d\xf2\
\x0fb]\x9frd\xfe<\x07 \xfd\xb2\xfb\xd2\x13\xfe\
]\xbc\x11DK\x86\xba<\x82t#c}=\xd1K\
\xdc$\xf1,VgHxyQ\xaaG\x07q\x81 \
%\x91\x86f4\x12 \xd9A\xcd\x86\xe2\x00\x81\x95\x1a\
-\xc2R [\x9d\xe3H\xder\xd6Uh\xb7gb\
\x81\x05jH\x00=\xd0j5XW\x99L\xd5\xf46\
\x1a\xd7\x17\xcbP\x0c\xe8L\x83W\x90)\xa2h\xe0V\
\x95@\xfa\xa2\x81\xaf\xd5\xcaa \xb9h\xa8\xae6\x8d\
x)|H\xe9\xfch\x14\x84\xbbXQ\xe5G\xca\xa7\
\x81\x93)\xcf\x1f*\x09\xc7m2.xr\xd1\x03\xcf\
\x846\xf14\x06\x13\xcfe$e\xc0Z\x0f\xd9-r\
F\xf0p\xce\x087\x00\xcfyM\xa2\x81\x1c\x02&#\
+\x9e5\x98\xacF\xa3u\xd5*\xab\xd5\xba\xcaJM\
\xe5\xc9[J\x02\xc2`\xe49\xba\x10\xf8\x8d|\xcc\x05\
%\xcf\xc0\x19E#\xb8e=q5(\x9e<_o\
0I\xc4\x1ey\x83TTI\x99\xeb\x03\xba\x05\x10\x8a\
4-\x84.\x13\xa2\xa1z\xd5\x8a\xfb\x9f>sJ\x8b\
1Y\xf0'\x81\x1b\xfd\xb3f\xa0\x16\xd3\xba\xcf\xbd\xf3\
\xfc\xed\x00\xba 2\x16+\xd1\x18]\x8e\xea\x05%\x19\
\x14\x8cZK\x04\xe7\xd0>\xc7Xo4!Nlb\
z\xb3\xd1jE\xd3L\xccE.m\xa6P9\xa2\xd8\
\x8d\x08d#\xac]ZW\x87\x96\x1a%\xa5u\x88\x8f\
#\xfc]\x87PyIi\xf1hn^\x8c\xa4\xd7!\
~\x8e\x9f,\x80N\xb1\xf0:L\x5c\xc6\xfd\x1b\x1b\xe9\
\x83\xc58}]s)\x9d\xbbp\xa0k?\xba\xd6\xb3\
/\xa8\xc3ln\x9cU\xec\xe6\xd3\xd8\x88\xaf\xc2\x135\
\xd3\xfdp\xde\xaaR\x14\xfa\x15\x1f\x82\xdd\xb6\x8e\x82\xf6\
\xf8\x98\xbe\x94\x9e\x99.\xa5Q\xdfx\x0av\x1b\xf6\xc5\
tU)b\xf9mmm\xecz\xfa\x22\xbc\xdbX\xb2\
\xb0R\xb6\xd4\x12\xd6T\xbb\xa4\xae\x91B\xfe\xa5%\xb0\
\x92J\xadFb8V\x13\x89\x19\x0e\x0c\x0d\x1a\x86\x91\
\xe2N\x88\x89I<\xd2\xda\xe10\xa48)\xd2\x80y\
\x8c\xb9\x1d\x11\x8f\x9b\xbe\xf1pT\xfbs\xa6a,\xc3\
E\xff\x1c\x06\xec\xbd\xf4\xc4\xea\xd5&\x11\x8dW\xc9$\
C-(9J {Et\x9ea4\xb5`x\x93\
\x9f\x94\x8c\x16kI]]][s\xaa\x9c%\x82\xb4\
Q.H\xaa\xad\x9c%\x80\x947\xa7\xdaRm\xc5\xe4\
\x91f\xfa\x0f\x1bU^\xce\xb6\x0b\xdbV^G7h\
k\xa3\x04\x91\xf2\xe6\x14\xce+oN5\xb7\xa5\xda\xa8\
\x01gy\x1d\xceb\x97\x94\xd3\xf5\xa9\xe6\xba\xb6\xf26\
\xca1i\xa3[\xb45\xd3KL\xa7,/\xde\xbe\x9c\
\xeeXG_^\xbe\xa7\x19\xad,q\xcf\xb66\x96\x8c\
B\xd7\xd1\x03Q\x93\xa7\xb6\x22\x04\xd9\x91b\xb7N5\
\x97\xd3\x19\xb4\x9a\xf2\xf2Ts\xaa9\xd5P\xbc\x9a>\
o\xa3\xc7mK\xa5\x1a\xda>~1\xaed/\x9b\x9b\
S\xc5\x87\xa1\x85P&T\xf3\x1e\xbcI\xd9C\x94&\
\xd3\xd6\xd0\x80\x05\x94\x96\xacB7\x1aN\xa6^G \
<#\x85\x09 \x86\xe1\x87\x96\x05\x8eB\xc4\x1c\xdce\
\xf83\xc2\x99\xb8\x91\xb8k\xd7+\xe7\xa2\x99\xa8\xf9O\
s\x81?\xc5\x014-c6\x9f\xfeFM\xc2Tt\
\x9f\x98xY6\x19(\x9c\xef\x22\xe5\x0b3ted\
n\xd0\xc8.\x17\xe5\x04@5+\xa9\xabknk\xe8\
\xea\xeaj\xdd\x81\xdc\xa7\x1d]\x94\x02\xc5\xd2\x98\xba\xba\
R\xa9\x86\x86\x86\x06,3\x95\xc2\x07\x8b\x19T\xe57\
\xd2\x96uQv\x11e\x1a5\xd46\xd0\x81\xdf\xbb\x1a\
\x16\x8eT[C[\x1b\xbd\x81\xadD\x22V\x03\xdd\xbf\
a\xe1\xde\x94\x9b\x95\xeaj\xc0\xf5]\xecM\xbc_\xcb\
\xbe\xb2\x81\xe5\x15!\x85\x0b\x9ftQ\x1e\x17\xce\xe8\xea\
j\xc0=\xe8\xa0\xe4#J\xe5\xaa\xad]x\x0fov\
u-~\xd0E\xf7\xa2\xdc\xae\x14\xfb\xb8\x16\x0f\x8fT\
0,\x1d\xef4,\x5c\xfa\xd1\x13\xb6v\xb5\xd2b\xbb\
\xe8\x0d\xf6\xaf\x8b\xd6\x86|*\xfa\xa8\xb6\xb5\xabvG\
m\xd7\x8e\x1d\xc8\xf3Cs\xbd\x14\xa5\xddY\x8d\xe4&\
 {\x84e\xa8\x88\x18\x15\x0be\x82#K\x82\x1aB\
\xc94<NJ\x8c\x18Wm\xba\xfd\x95K\xdd\xda\x9f\
6\x07\xa8R\xeeS\xa1\x8f\xd8B\xe6\xcc\xd3\xc7\x8d\xa4\
z\xc1+\x03-&\x81*h\x03R'9\xc2C\xa4\
\x0a\xc0\xae\x15X\xd0\xcaTZ\xd2\xb8'U[\xbb\x03\
\x99\xa4\xc8)\xede\xaf(\x09\xae\xb5\x0b\xbdr)\x09\
\xae\xa1\xb8\xfcZ\xec\x13\x16[\x8bSk[i\xf9\x0d\
l\x8fod{_[[L\xadK\xddZ\xcb\xf6\x9f\
\x01\x10\xe8\xd4\xda\xd5\xd5\xdb\x8b[4\xd4\xd6.li\
\xed\x8e\x1b\xf1iC\x17\xee\xf1\xd1\x15\xb5)\x96e\xb7\
pt!\x9b\x0f8\xd9\xb0\x08\x80E8\xf7\xf6\xe2N\
`[\x00om\x11\xa2\x8b`\xbc\x95\xd0\x98\xeeA\x88\
\x5c\xfc\xb8\x88\xde]\x1f!*\xbb\x19\xbb\xbc\x01-2\
w\xecX\x00=\xfb\xa4\xb7\xb7kGW-\xb5O\xa7\
.\xca;Z{\x91\x81\xca\x1e\x80\xb6\xaf\xb5\x98\x95\xdb\
\xda\xda\xdb\xd5\xd5\x90jk\xb6\x1a\x8dP\x97M&\x13\
\x5c\x08\xe4\xc7\x22\xbf\x18\xb4\x0b\xa3HIH\x14\x7f\x97\
\xa1l\xf0+\x82/\x5c\xe9\xd6\xfe\x14\x8f\xe72\xdd\x9f\
\x0e\xffL\xcc|\xea\xcc\xd3\xf7\xaf\xe0\xa4\x11/4?\
vgoBf=\xf89\xa4JP3N\xb8)\x0c\
T9W\xda\xd6P\xcb\x1ev\xdf@\xeb\x86\x81}\xad\
\xad\x03H\xaf\xdf\xb0\xa1\xb5w\xc7\xdd\xbbw\x1f>x\
p\xf3\xfe/\xdc\xf6W\xff\xdfM\x0f>\xd8\xde\xbe\xa5\
\x9d\x1d\x8eB@-\xa8C\xe3\xb9\xd9\xf9d.?\x96\
.8t\xb7\xc7\xe1\xf0x<\xed\xedn\x0f>\xdd\x82\
\x93\x1czD\x1f\x1a\x9f\x9e\x9e\xf6\xb8\xdd\xedn7~\
D\x22\x8e\xd1\xfc\xb1\xd9|Z\xf7xT\x8f\xc7\x8d\xbb\
y<\x1e\x8f;\xd2\xe7\xaep\xbb\xdd\x11w\xa4\xa2\xbd\
\x0f\xff\xe3/\xde\x88\xf4Ep\xb8\xf1\xcf\xe3q{\xdc\
\xf8\x02O{{\x9f\xbb\xbd\xdd\xed\xeekw{\xda\xe9\
[=n7>tWD\xd8\xc5\xf4y\xbb\xbb\xaf\xac\
\xcc\xed\xf6x<\xf4.\xee\xe6\xec\xeb\xeb\xebsG\xfa\
*\xd8#E\xfa\xd8cE****\xdc\xf8YV\
Q\x81/\xec\xeb\xeb\xa3\xaf\xad\xa0\xeb\xfa\xfa***\
t\xbc]\x81\xab\xdd\x15x'\xa2\xba\xddn\x87\xdb\x19\
\xa9\xfa\xcc_\x0f~\xe1\xed\xfb\xee\xdas\xeb\x86\x1d\xd8\
\xc7V\xa0@\x17\xe1\xc5\xbe\xdeVB\xf6T[s\xa9\
\x95\xe6\xd4\x8b\x22\xa0\x83\xee\x0ch\x84\xc3Q\xbbF\x16\
\x84\x80h\x16\xbc\x92\xb8j\xd5\xd1\xe7\xaet\xff\x09)\
\xf0\xc7t\x00M\xcb<\xfcD\xd8E\x93\x16\x04\xa4g\
!\xfcB\xe67sSp\x82\xc0\xfc%\xf0\x05\xa37\
Z[[\xd7\x8e\xd6\x0d\xc0X\xb4\x80omm\xdd\xb0\
\xa3\xb5\xb5k\xd5\xda]\x9b\x0f\xdc\x11\x09D\xb2\xd7b\
\x19\xed\xbd\x99\x88\xdb\x19\xc9\x8fFt\xb7'\x10P\x03\
t$\x03\x81@!{Z\x9b\xd0\xe6\xaei\x13\xe6k\
3\xe9\x80\xaa\xd2gy=\xad:<\xed\xeev\xe0C\
.\x9d\xbd\xaci\xb1\xf33\x91\x80Jgx\x22\x91\x99\
\xf7\xcc\x13\xdd\xe7\xb3z\xa0\xbd}\xe7\xf0\xd4\xf0P2\
\xa0\xaa\x1eU\xf5xt\xdc\xbc\xa0\xaa*\xfe\x15\xef\xc6\
~\xe2J\x9c\xa3\x06\x02c\xc9\xb1d P\xc0\x9b\x0e\
\xf6\x18\xecqr\xc9\xe9\xa9\xe1\xa9!\x8fJ\xe7:\xe8\
\x06\x1e\xb7GU\x1d\x1e\x87\xc3\xa1\x16\xdf\xff\xb4\xc3C\
?\xd3\xaa\x9a\xf6\xe0\xa7\xea!\xcc\xc4O\xfa\xc5\xe1X\
<\x8d\xbd\xc5\xde\xf0x\xd8\x99\x01\xc7\x16\x87#\xe2\xf6\
\x00\xc7<\x8e\xb11G_\xe5\xa0\xed\xae=\xb7\xb6\x0e\
0f0@I\xef(\xfa\xe9\xed\xeaJ\x95\xd7\x95\x18\
E\xf8SL&/%J,z\x8a)\x14\xcaS\x0e\
\x82@F\xcf\xf1\xa7/\xfdq\x14\xe0>\xf5\x13-\x16\
{\xe9U\xffZ\xbe^\x14\xbc\xccY!\xb2\x09\x84\x22\
\xf5\xca\xa6nI\x0b\xf6\xa7h-mk\xe8BJ\xfa\
@/\x1eq``\xa0u\xc3\x86\x1d\xb7\xeei\xdc\xba\
\xfcM\xb3\x16=5\xee\xd6\x03\x9e\xecU\xf3)\xed\xbd\
)5\xbd\xa5\xf2\xda\xb5kW\x87\x92\xd8\xc6BAU\
\x03\x85@\xb2\x10\xd89\xf7\xce\xb5k\xb3\x18_xa\
\xe6\x0e\xa7\x1e\x08$\xd5\xe9G\xae\xbevunj|\
|||\xc8\xe3Vs\xe9\xec{ZL;?\xe5d\
[\xab\x06\xd2\xe9\xe9\xf7\xcc\x9a\xf6\xeaL\x99c(\xb9\
W\xd3bs\xc3e\xed\xb4\xbbEH\xe0\xf6\x8b\x00(\
\xc2\x97\x00\x8a7\x02\x0eG\xa10\x16P\x0b\x81d\x92\
>.\x8c\x05\x02\x05@\xb8\x10\xb8\xa8i\xb1\xc9i]\
\x0d$U\x02\xa1J\x0c\xc4\xedqxp9{\xeda\
\x80\xfc\xd87\xb0\x17\xba\xce\xc0\xa9\x12Wr\x17\xd9\x89\
g\x01Et\x8f\x8a\xb7\x16\xcf\x0a0\x8c\xd1=n\xb7\
\xaa\xa6\xd3\xaa\x9e.\x9e\x88\xa3\xe0\xd0q\x93\xb2\xdb\xb6\
6\xb2B\xa5\xdeV*T\x19\xd87\xb0aGmC\
\xaay\x15\xc7|\x15\x12H\x94<\x83\x00;\xfc\xa2\x14\
^G\x88\x02\x18\xe0\xba\xef\xe7g\xcd\xda\xa7\xf9\x05\xb4\
O\xcd\x07\x88\xc6\xcc\xa7.\xbc\xb0\x8bCf\x03K,\
\xa4\xa0\x15\xd1<\xe6\xe2\xc1cK9k\xbc(\xae*\
m\xeb\xeajE5b\xeb>*\xca\x19\xd8\xd7\xbf\xe1\
\x81\x87\xee\xde\xfa\x85\xdb\xd6\x1fK\xcekfmon\
,\x17H&\x87\xa7\x86\x87w\xb6;\xd2\xe3\xb3Of\
\xb4\x8bCc\x81d\xc0\xe1!\xb0\x14T\xc7\x96\x9d{\
5M;\x9f\x1d\xcffg\xaf]\xbd67\x15\xc8\xe5\
\xb2\xafk\x13\xb1\x0b\x93fs\xf4\xc9\xdcX.\x99\xcc\
%\x87\x87gfv\x16i\xd8\xad;\x9d\xf9\xf4\xf4\xf0\
\xccTRwx\xda\x87.j\x9a6?\x9e\x0e|\x92\
 \x1dEP\x10\x84\x1dj\xc0\x13(\x22O\xa0\x10\x18\
\x0b\x04\xc6\xb2\xd9\xecT\x81\x88O\x1d\x1b+\x14\x02\xc9\
\x99\xec\xcc\xcc\xd8\xd8)\xb3\xd9<;\xcd`\xe1\xd1\x8b\
\xd0\x03 \x8b\xe4\xcb\xf0\x81a\x9aG\xc7\x09n\xcfG\
\xdf\xca\xd0@\x07T\x8bg\x12t\xf5\xb4\xae\xd3\xb9t\
Q\x04\x17\xe8\xc5\xab\xd2\xaa>\xfe\xfa\xc5\xb3\x17\xcfO\
\xebj:\xedQu=\x9dN\xb3{\xa7\xf1\x8e\xaaz\
\xda\xfb>\xb3\xff\xae\x1b{\x09\xf8\xbd\xbd$\x1b \x1a\
\xdaJQ\xba\x9bHHT\xdbe@\xe0\x15\xc1\x0b#\
9*a\xa5\x99\xb8z\xa3\xc1\xbaiS\xf8\xd5\x974\
-j\xfedz\x14\xca\xa2\xfe\x80\x03\xe0\xf7S\xbfy\
\xfa\xfe\xb5\xc8O\x94\xc9\xbdCA2\x17\x85\xf3\xe4\x04\
\x1a\xc2\xc2\x93\x85\x80\x9b\xb1\xb9\xa1u_\xef\x00J\xb1\
\xfb\x07\xf6\x01\x07z\x1f\xfa\xfe\xe3O\x1d<p\xf8\xc0\
\xe1\xf5\xeb\xd7\x1f\x1b\xd5\xc7\xa7\xa6\xc6s:XZ\xbb\
\xc3\xe1\x088\x02\x9e\xa1c/^>\xfd\xde\xf8\xdc\xc5\
\xb3\x17/O\xab\x8c\xf3\x16\x0a3\xa7\xb5n\xf3\xf9\xa9\
|{\xf6Z\xe6\x94vmF\xcf\x05\xc6\xe7\xaf\xbcw\
\xe9j\xcel\x8e\xeeM\xb7\xeb\xaa'\x9dK\x8e1\xbe\
\xae:\x1cc\xc9\xf9\xf9\xf9\xc9!\xf7\x83}\x81\x80\xee\
\xee\xebk\xff\xf2hrv\xac\xc0X+\xa3B\xbd\x08\
\x8bE\xea#^\x8f\xedN\xebn5\x90,x\x86\xc6\
&4M\x9b\x1c\xd6Uu\x8bcL\x0d\x04\x86\x86\xb0\
;\xf33\xcec\x81\xfcP`\x11\x8d\xd4\x8fn\x02\xb2\
\xd6!\x10\x8al\x9cq\x00`I\x1e\xc7\xb1\xfcl>\
\x9f^8q\x81S\xb8u7\xa1\x04p\x89.\x87@\
\x19\x1a\xcf\x8e\x8f\x0f1\x14S\xd5H\xf65mB\xbb\
6\xe3L\xa7=\x81\xf4\xd8h.\x99K\x06<\xed\xa4\
jDp\x17\xa8\x10n\xb5\xec\x0bw\xdd\xba\x0f;\x0e\
L\x00\xcfm\xedj(\xaf\xab\x16\xbc\xc8\xda\xe7y\x93\
@\x0d\x91\xea\x8dh]G\x89\xb3\x22Q\xaa\xc9j\xda\
t\xbc\xe1\xc5\xa2\x1cX\x10\xfa\xcc\xc1\xff1\x04X\xc4\
\x8cS\xafv\xaeX\xbd:!QJ\x0e\xab\x90\x11\x16\
\x12\xb1(TO)~biy-q$\xd4b\xf7\
\xf7\xf7\x0c\x0c\xd4~\xeb\xa1\xfc\xef\xc4x\xe6\xc2\x96\xcf\
\x1f>p\xe0\x00\xa1\xc0\xe8\xe8h>\x9dV\xd3j\xa1\
@\xb4\x1b\xc8\x05r\xb9\x5cn\xea\xbcvJ;=\xa3\
\xe6\x92cc\x85\xb1B\xa10\x9e\xcdf\xa7s\xc9\xbe\
\x99\xb9k\xd7\xde\x99\x9fJ'\x1d\x85$N\x9c\x9d\x9b\
\x9f\x9b\x1c\xd7!\x9c\x93\xc9d\x81xx2\xa0\x0f\xcf\
\x99'\xb4\xb3S\x81\x5cr,\x7f\xf5\xea\xd5\x13Si\
5\x19H&\x03\x8c\xebC\x5c/\xd0\x22c\xce\x8eE\
\x02M\x8f9\xe7''\xd3c\xaa\xc3]\x98\x06\xdf\x98\
\x9c\xd6\x03\x01 \xa7G\x1d\xca\xc1h\x9a\xcb\xe6s\xb9\
\xc0\x02\xce\xd0\xd5PB\xe8v\x18\xd1\x14g\x00\x00 \
\x00IDAT[\xf0\x9fC-\xcan\xb7\xa7\x08\xfe\
\xfc\xec\xb1\xd9\xc9\xd9\xd9I\xfc\x98%\x1c\xf0\xb8\xf5\x88\
\xbe\xa0L.\x88\x0c\xbc\xed\xd1\xdd\x1e]\x8d\x0c\xcfk\
\x9avj\xbc\xc0\xb4\x16U\x1f\x9b\x9d\x9f\x9c\x9f|0\
\x92\x8e\xa4\xf3e\xd9\xd3\xe6\x8c\xf9\xf5\xa9\xbc\xc7\xed\x86\
x\xa0\xfb\xe8n\xc8\x0d=RQ\xf5\xf6Hm/\x15\
-\xee\xa3\xedo\xed\xaam\xacfQc\x93\x89C\xee\
<Wo\xa4\xb4D\xca;F\xe1\xbb\xd7\x1b7\xc5\xad\
\xc7_\xb9\x08\xafo\xec\xe3\xe1\xbf\xd8'3\xc3\x91]\
\x14\xeb>\xf3\xfc\xf1M+`\xe1%X^9\x90\x88\
\x97([M\x16\xe2\x22\x8f\xb2q\xc9\xd0H\xe0\xefA\
\xfd\xe8\xbe\xd6\xfe\xfe\xfe\xfe\x07\x1e\xba\xef\xb6;\xf3_\
3k\xda\xcb\xf9;\x81\x00\x07\x0e\x1c86z\xe0\x18\
C\x81\xa2\xfa\xa5\x06\x0a\x8evG\xa0\xef\xdb\xb3\xe7\xe7\
^\x9f\x1f\xcf%\x93\xc9\x80\x1ap\x14\x1c\xb9\x5c \x00\
\x88'\xc7r\x01\x8f\x07\xbf\x14\xdc\x8e@~jV\x9b\
\xd0\xce\x8e\x17r\xa4\xc3\x15Hf8<\xc9\xc0\xf0\xfc\
\xc5\xb3\xe7~3\x14(\xb8\xb3\xafg&\xb4\xf7\x86=\
\xc9\xa4GM\x16\xbf%\xa0\x06\x0a\xed\xd8r\xe0\x03\xe4\
6^\x16\x85\x7f:{\xde<\x11=\xbb3\x9d\xf68\
\x0a3\xd9lvH%>T\x00\xae$\xb3\xd9lv\
\x8cl\x89\x8f\x91=^:\x98\xc8v\xbbu\xb5\xdd\xa3\
:\x1cE\x9cp8\x0a\xba\x9a\xcf\xcf\xce\xceN\xce\xe3\
\x98\x9c\x9f\x9f\x9c<\x96\xcf\xe7Uu\x81\xff\x17\x0f\x12\
\x15\x00\xa5'\xa2\xebjz(\xd9\xadA:\x16\xc6\xda\
=*1,=\x1f\xd1\xd3\xfa\x18\x10h\xeat\xcc\x1c\
}}*\xa2\x92\xa5\xa2\xc3b\x88xT=\xa2\xeb:\
X\x82\xbbb\xf9\xc6\x86\xde\xde\x9e\x81\x81}\xfb\xfaI\
)\xe8j\xa8[\x85\x0e\xa6\x94Rk\xe0L\xf5\xe2b\
\x0c\x0e\x99\xe2\xe8mi\xb2r+\x12g\x90\xf3\x9a\xc9\
|\x0c\xe6\x99\x8f;\x82\x10@\x88\xed}\xf9\xed\xb5#\
|=\xf5\x16YHNB\x19\x0cd\x0c9\xcd%#\
\xcfY\xebR]\xbd\x03\xd4S\xa5\x1f\xed\x04Z\xd6\xac\
\xf9\xb7\xdd\xafh\xd1\xe8/F\x0f\x1c\x18=p\xe7a\
\x1c\x07\x0e\x1c>p`\xf4\xcb\x93\xb3\xc7\xf4\xfc\xe8\xa8\
N\x84\x09\xcd\xab\xdd\x1d\xe8\x9b\xb9\xaa\xc5\xb4\xcbY\xd2\
\xc9\x18[\xcf\xe5\xb6L\xcf\x8e\xe7\x8eM;\x02\x9e-\
\x01G!06=5545w\xf6\xf4\xc5\xcb\xe3\
\xd83\x90x\xa1@:\xa3C\xf5\x04\x92Cc\x05G\
!\xe9\x98\x9e\xbdz\xf5\xc2\xf9\x99\xe9\xf1\xa9\xa9\xa9i\
0\x8a\xf1\xc0\xd0\xf8\xf4X\x11v\x05F\xfd\x1e\x8f\x83\
\xb1\x06\x87#=5\xd7}J;\xfb\xfa\xdc\xdc\xec\x90\
^X\xc0\xcb\x82\x9a\x0c\x14`}:\x02\x81\x80\xc7\x01\
Q\xa1\x7f\x5c|\x10\xa1\xd3\x89C\xd0J\x03\x01&\xff\
=\x0eG\x80\xe0?9{\xf9\xd4\xd9Sg/\x9e\xbd\
8q~vrv\x14r\xe0\xe3\x08\xc0\xee\x05\x00\xaa\
\xaa>445\x9eV\xa7\x86wN\xe7\xc6\xe7^:\
{\xea\xc2x\x99\xae\xea*\x00\xbde6j\x8e=9\
46455\x1eh\x07\xbbp\x93\xd5\x1a!\x06P\
Q\x11\xa9\xe8+\xeb\xab\x88D\xfa\xca\x96\xd7\xb4\x81\xfa\
\xd0\xd9\x08\x12\xb8\xab\xab\xb9\x84\xe3\x0d4\xbf\x11\x99o\
\x0bi\xf6,\xe1H\xf2z\x13\xe2\xaaU+\x0e=\xf1\
\x92\xf9\xf7\xac>\xf8\x012\x0b\xe4\x1f\x8b\x99\xcf\xbdr\
\xb4\x9e\x1bI\x88\xbc\x94\xf0\x1aX\x06\x16\x8b<#\xaf\
\x8b2w$\xa3\xb5\xad\x81\xba\xc9Pw\xb1\xfe\x96\xfe\
\xed\xff\xfb\x96{\xee\xf9\xe7\xaf<\x11\xcdh\xdf\xdd\xfd\
\xf9\x83\x04\xfe\x03\xec\xdf\xe8\xb1'\xa3\xd1\xef\x91$p\
\xba\x09\x01\x02\xc9@\xbb\xbb,{^\xd3\xcc\xd7f\xdc\
\x81d\x00d\x0a\xca\xceO\xcfB\x01\x99\xdd\x99\xcb\x11\
M\xce\x5c\xd5\xb4\xd8\xb5\x99tr,0=\xff\xde\xe5\
\xb3\x17\xc6\xdd\x11G:\xa0z\x02\xb0\x0b\x1c\xed\x9e\xa2\
XPs\xb9\x1c\xae5\xc7\xba\xf3C\xb9\xdc\xf0\xbc9\
\x16;7\x1d\xc8\x91\xe1\xe7q\xa8\x05\x10jQ\x06\x80\
\x0f\xe7\xf2\xd9y\xb36\x91\x89\xcdA\xd0\x80\xb1\x90\xc9\
\x96\x84\xc5\x07}$\xe0`\xb0_4\xeb<L\xa0\x80\
NUw\xf6\xb29c>\x9f\xcd\x07\x1c\x05&\x01\xd4\
@zvvv~\xf6\xb46111\x91\x99\xd0\xce\
\xcfNN\x1e\x1b\x85\xb6\xeff\xbaB\xd1\xb0\x83f\xa2\
\xa7\xd3\x1e\xe7\xf0\x9c\x16\xd3\xde\x98\xce%\xb7\xb4\xe7\xa7\
\xcek\x19\xf3{3\x91\x80G%\x14\x18\x9b\xed6\x9b\
\xcf\xb9\x1d\xe94)\x99P##\x0b\xf0\x8fT8#\
\xee\xbeH\x85\xd3\xe9\xac\xa8\xa8\xa8\xac\xac\x5c>\xf2o\
\x03t\x00\x03\xf6\xf56\xd4\xd5\xad\xe2\xf8\xb8\xc4I0\
\xd3]ke\x81\xa3\x1cj\xca \x91\x13\x18\xaan\xdc\
\xf5\xfc\xa5\xdf\x8b\x12s\x99\xc5\x9c\xb0XF\xeb>\xf3\
\xfd]\x82\x9c\x18Ah|dD\xe40\x0b\x96\x92X\
\xc8\xc3@\xa9r\xa2\xb1\x0eZ\x7f\x0f;z\x1fz\xfc\
\xdf\xdf\xfd\xcfg\xee\xb9\xe7\x9e\x7f~|7 \xbf\xfb\
\xce\x83\x07\x0f\x1e>\x5c\xe4\x01\x87\x0f\x1c\xfbE4\xfa\
\xd3c\xc7\x0e\xac\x1f\x1d\x1d\xad\x00\xc1\x04\x02c;\xa7\
\x87\x86 \xf3\xb3\xc3c\xa0\xbf\xc2\xf0\xcc\xcct \x97\
\x1b\x9e\x84\x08\x1a\xcff\x89\x92\xf5\xec\xd5\x98\x16\xbb\x96\
\x8524s^\x9b\x88\x9d\x9dj\x0f$\xb7x\x92z\
\xf6r4\x13{m8\x02\xb6\x9d\x0c$\x03\x85\x5cR\
\x9d>\xd6m6?94\x14P\xa7&\xcdf\xf3\xb9\
\xa9\x99\xa9\xe1\x82\x07J\x9f\xa3h\x8e;\x8aj[:\
\x97\xcf\xcei\x80\xd4\x5cV/\x14>f6\x00\x11\xc9\
2\x07\x9b\x22\x0f\x02\xa4\xbd\x03\xd0\xc3\xc50Y\x1d\x91\
\xec;1\xcd\xfcZ\x96tt(tj \x97_@\
\x80L&31\x919?;?;\x9b'\x0b\x80\xa9\
\x81nr;\x91\x1a\x08\x0e\x80\xaf\xd7\xb47\xc6\xa7/\
\x9c:\x9791>9\xf9\xc8\x97\xb7\xe8\xc0A\xd2\xfa\
\xd5\xf1\xf1\xa1-nw\x9f;0=33\xb3%\x12\
\xd1=\x90\x00\x15\x8c\xfd\xbb\xe1^\xea\xabp:\x19\x16\
x\xee\xd8\xba\x81t\xb0\x1e\x92\xc5\x1b\xba\xdaJW\x89\
\x12\xba\x9a\xc8\x94mJ\xe9\xf4\x944\xc2Q\x8f`Q\
\xe6\xd6\xeez\xb1\xfb\x8fU\x88F\xcd\xa7\xae\xbc\xb0\x1a\
\x81I*\x02\x15\x08\xfa,\x84\xbd\x90\x17\xc9qbi\
[/$>\x81\x7f`\xcd\xf63\xb1\x98\xf6\xa3#\xf7\
\xdc\xf3\xe3#\x1f|\xe5+_\xd9\xfd\x95/\xee\xde}\
\xf0\xe0\xc1;\xef<x'\xc3\x81\xc3\xa3\x07\xd6\x8f\x1e\
8\xb6\x1e\x7f\xf2\xb9\xb1\xa1\x80c\xea\xb2\xa6i\xafg\
\xe75-vq\xbc\xa0\xa7\xc7'3Q\xedl2\xad\
\xb6o\xd99\x95\xcd^\x8b\xc5\xb4k\xd9|:\x10\x18\
\x9a\x02b@\xe8O\xdfv\xfe\xfc\xf9\xb9\xf1>\x8f\xea\
i\x0f\xa83\x17\xcc\xdd\xda\xeb3\x91@@-8\xa0\
A\x80v\xc7\xa6\xb2\xd9\xa9\xb1d2\x90\x9c\x1e\x9e\x99\
\xc9\x9e2k\xe6\xc9\xe9t\xc0]p\xb8\x99\xc7\xc5\x01\
s\x8a\x9cO\xf9\xe9\xc9\xabW\xcf_=?\xb9\x13N\
\x08p%\xa2\xf3-\x0er\xc0\xc0tTU=\x02v\
\xe0p\x80\xf1\xeaj!\x00E\xc2\x01D\xd8\x02Q3\
\xa4\x07\x98\x9a\xef\x81\xc8H\x03\xfe\xb3\x17\xb5\x89n\x14\
Ihs\xb3\x93\xc7f\xf3`\xdc\xf0J\xea\xcc\xe5\xe8\
a\xec\x00\x10\xee\xeb\xf3LO\x0d\x8f9\x87\xdf\xd32\
\x99\xd7\x87\xf3\xe9|\x9a\xee\xe6\xd6\xdd\xbaGO\xabn\
x\x07\xf5\x07\xb3g\xcdf\xed\xc4\xce\xcaH\x9f\xbb\x9d\
\x5c\x88\xed\xcc\xab\xe8\xacp\x96\x95\x95\x959#\x15e\
e\x15Ng\xd9\x17\xf6\xf4\x0c\xf4\xf7\xf7\xb7@\x0d\xef\
\xe9\xedjF!'W,\x9c`\xe5\x99\x08)\xcb\xa8\
\x9e\xa1x\x01\x7f\xfb\xcb\xdd\x0be!\x9f@\x00-\x1a\
\x8d\xbdZ\xb3v!\xe7\x1d\xb5E&\xca\xd9c\xc5<\
\x94\xfc\x22\x8b\xa5\xa9\xde\x9e\x01jB\x89\x1f\x7f\xff\x8f\
\xdf\xb9\xa2uG\xbb\x9f\xf8\xe6O~\xf2\xee\xafw\xef\
\xde\xfd\xf8\xe3\x8f?\xfd\xc8\x0b\x07\x01\xfe;\xef\x5c\xe4\
\x02\x87\x99J\x98\x7f\xf3\xa5s\xdd\x17\xb2Soh\x13\
\xb19\x90Alo2\x99KO\xcfj\x9avv<\
\xa9:\xc6\x0ac\xe9\xec\x05M\xd3N\xcf\xcf\xcf\xe5\x87\
\xd2j.\x99#+1\x17H\xeb\xf0\x0e\x81\xde\x22\xa3\
\xf9\xdc\xf8\xf8\xb8\x1a\xc8\x91\x8e\x0eO\x8e\x83\xf4u2\
\x12\x0a\x85\xc2\x16G29}J\xd3\xcc\x000qu\
\x0f\xcc\xea@r\xfe\xc4\xfc$x\xbeGw\xe7\xf3\xf9\
\xd9|2\x9f\xcb%\x87>\xe66\xf0\xb8\xc1\xd1\x93\xea\
\xd8\xec\xe4\xec|`H\xf5\xb8\xd5d\x12\xfa\xdd\x183\
\x06H\x93w0\xff]\xd1\xc7\xa3:\x0aj>\x07\xd5\
\xff,\xd8\x17\x12\xe5\xe7`\x0a\xe4uUw{\x98\xc7\
\x98T8\xe2\xe3\x84Zz~\xea\x9dh\xb7\xf6\xda\xd4\
\xe4\xec\xec\xb1\x9d;g\xf3\xb3\xa3[\xca\xdc\xee\x08|\
\x03\x11]\x8f\x10\xa1\xeb[\xa6\xce\xc64m~\xba2\
R\xf1`\xa4\x02\xbeb\xc0\xbf\xaf\x22\xe2t2\x04p\
V\x94\x95\x95UT8\xfb\xfa\x96\x8ct\xf4\x10\x12\x10\
KN5\x8a\xd4\xf8\x0eA\xba\x847\x81\x16\xa1FN\
(\xa6\x13\xa2\x8aw\xed\xa1\xaf}\x5c\x11X@\x00-\
\x16\xeb~u\xa3\x98\x10\xd6\xb2l%\x14\x81![\x12\
\x15\xbf\xbc\x81\x92\xfd$\xbe\xa4\xbc\x0b\x9a_?5\x9a\
\xef\xf8\x87\xff\xbdn\xdd\xb6#\xcf\xfc\xfa\xb7(O\x89\
F\xa3\xda\x87\xf7>\xf3\xc1\xcbZ&\xfa\xea\x81\x83\x84\
\x01\x10\x04E>p\xf8\xf0\xe1\x83\x87!\xefN\x0f\xed\
\xfc\xf2\xfc\xfc\xec\xf8\xd0\xf4\xce\xf1\xf1\xa9\xa1@.\x90\
\x1e\x1a\x1a\x9f\x9a\x1a\x0a@\xf1K\xe6rC\xd9\xec\xa4\
\x96\x89i\x93C\xb9$Iy\xf2\xdf\x05\x929HP\
\xd5\x91\xbfz\xf9\xf2{\xf3\xe3\xb9\xb4\x9a\xd6U\xd5A\
\x9f\x01 \x88(\x14\x02p\xe6\x04\x0aj`(\x99\x1b\
R\xc7\x0a\xa4^z\xf4\xa1\xfc\xe4\xeclr\xfc\xe1h\
F\x9b\x1f\xd2\xe9\x92@N\x9f\xb9\x1a\x85\xe3\x19\xc4\xec\
\xf9H\xd1\x0b\x04\xf4\xb1\xf1\x8b\xe6Xt\x12^\xa5\xbe\
\xb1YM3?\xa9\x13\x06x\x16\xbc\xbdLCp{\
\xdcdi\xa8iB\x80\xd9\xd9\xf1\xd9\xd9\xd9\x1c\xfd\x9c\
\x85\x15@\x08\x10\xf98\x02D\xc8\x0c\xcdG\xb2\xef\x99\
'b\xd7f\xf2\xf9\xd1\xbf\x9e\x9e\x83\xc6R(\x8b\x80\
\xfc#\x11\x0f\xd3\xf8#\xba\xee\xf6|\xfb\xdb;\xc7\x1c\
NgE\x04\xf0\x06\xf8+\x10\xca`\xf0w:\x17\xf1\
\xa0\xd2Y\xe9\xfc\x8cH\x0a9Qe\xef\x8e\xbaj\x96\
N\x8fL\x13\xe4\x98r\xf5\x8by\xecH\xd9\xf7&\xee\
\xff\xf9^-\xf31\x04\x88\x92\xf3/\xb3\xf7U[\xc2\
k\xa0*[\x9a\xb9\xc6K\xc6z+\xdaDR\xda.\
\x92\x0e\xeaj{I\xf5\xebh\xe9\xe9\xb8\xe1\xe6{\xd6\
\xad\xbb\xe7\x9e\xc7\x8e\x1c\xf9\xf5o\xa2\x99\x89\xbd{\xf7\
F\xb5\x9f}\xf0\x93\x0f~\xf6\xbd_\xfc\xf4\x95;\xbf\
\xb8\xfb\xce\xf5\xeb\xd7\x1f8|\xf0\xf0\xc1\xc3\x07\x0e>\
\xf2\xc8#\xb3\xb97_{\xe5\xd9\xf3\xf3\xcf=2\x9a\
\x1f\x9d\xcd\xe7s\x01G.\xa7\xeaj:\x97\x0e$s\
\xe9\xa2\xffSu\xb4\x17\x86r\xe3\xb3\x9a\x16{r6\
\x09\x83OM\x13\xb8T\xcf\x96\xe1\x13\xf3ssC\xd9\
\xf3\x1a\xa4\xf7\xec\xc3\xe7\xce\x9eN\x0f\xa9\x81\xb11\x0f\
\x93\xe2\x0e\xc2\x12\xb8\x90\x1d\xc9\xe4\xd8\xf8ln|\x9c\
y\xf7U\xa7{\xec\x9c9\xa6Mf\xaft?\xf9\xbd\
\xc9\xb14\x89\x01\xd5\x91\xcf\xbe\x1e\xed6\xbf3\x15Y\
p\x15z\x8a\xb0UsS\xa75s\xf7\xe4tzh\
z\xe7\x0c\x94\xb2\x87\xc7\xda\x99;\x10TO\xd2\xba(\
\xe1\xc9\x13\x90N;\xc8\x0e\xfc\xe8\x80\x15\x98v\xeb\x1e\
\x82:\xe3\x01\x1e\xb7\x1b\xd2\x5cu\xa7\xd3iw{~\
vv\xde\xbde4\x9d\xce\x0f\xcfi\x17\xbb/\x15\xca\
\x9cP\xf2\x22z\xc4\xa3\x83m\xe8z\xc4\xa9;#\xce\
\x8a\x08\xe3\xf4\xe0\xf5\x11\xe7\xe2\xc1\x10\x00\xe0/s\xde\
t\x13\xfe\xbb~\xb0\xae\xa8\x94\xf5\xdc\xdb\xbf/U\x22\
\xa2\x8b\x81 x\xd1\x8a\x01\xc3\xadE~!o[\x92\
\x04\x83\x14\x06\x06D\x17\x94\xc0h\x14\xc5\x82\xb1\xd8\x8b\
5+P\x93\xc5d>j\xe9x\x81\xd5\xc1\x88\x94\xde\
\xca\x95\xd4\xb6\xf6\x93\xe6\x8fN\xfc7\xdc\xbcn\xdd\xba\
\x93'O\x9e<r\xe4\x99_iZ\xb4{\xef^M\
\xfb\xd93'\x7f\xfc\xcc3\xbf\xfe\xe0\x83\x0f\xbe\xf4\xf8\
\x0f\xa2\xd1\xee\x9f\x1d\xfe\x8f\xaf}\xed?\xf2\x17\xb4L\
\xf4t\xfea\xedT\xf4\xb5\xf5_>\xbc\xfe\x18\xf4\xc1\
<\xac\xfa\x02\xe9\xdd\xa0\xba\x8f\xf8p \xa9\x06\xf2\xc3\
\xb3sss\x8f\xc04#\xed\xdb\xa3\xab\xe9\xb1\xe9\x87\
\xb5\xcc\xde\xc9\xcb\xe6\x89\xe8\xa9\xf9\xf19\xf3\x84\xf9\xec\
8\xb4\xbc\x00\x8b)8\xe8~\x0c\x09<\xce\x99\x13\xb1\
\x98vv|\xc8=\xf5\xfa\x85w.\xcfA\x9c\x9ag\
w\xb6OOO\x8f\x91?\x80<;\xed;\x87\x87g\
\xa6=\xe4\x9e#\x1c\xd0\x99\xa9\xe7Qs\xc9\xe9\xe9\xe9\
\x80>u\x0d\xa1\x89\xec\xd0\xd8Nw\x80E\x85<\x9e\
\x88\xbe\xe0\xffs3/\x0fq\x030\x91\x5cn6\x07\
\x0e\x90OC\xd3\xd3U\x162Dp\xb0\xa8\xc8C\x15\
\x04}\xebyO:\xad\xeb\x91<\x04z\xa4=9\x14\
p\xb8#\xba\x1bZ\x1ed=B\x96}}\x8b\x04\x1e\
q\x92\xac\xaf\xe8\xab\xa8X\x04~\x05\xdes:\xd9'\
P\x06\xcb\x9c\xce\xaa\xfd]\x1dd\x93\xf5\xb4\xf4\xf7\xb7\
6[)o\x00\xb9\xef\x942\x86\x8e\xfe\xc5\xae\xae\x22\
\xd2\xd1:_\xdd\xab\x91C(\x8a\xee\xd9\xe0\xde\xb1\xee\
3w\xb96I,\xbf\x93J\xe9\xa8\x87E<\x8e\xf9\
x&\xabQ\xe4\xeaj\xfb\x01\xfa\x9e\x96\x96\x8e\xd6\x7f\
\xfd\xc1\x8f\xbe\xfb\xe1\x11 \xc0\x91\xc7\x8e\x1cy\xe6\x99\
\xc7\xdf\xfa\xed/~z*\xf6\xfe\x91m\xeb\xd6\x9d\x5c\
\xb7\xed\xe4\xc9u\x1f\xfcR\xd3\xa2\xbf<\xf8\xd3S\x99\
\x1f\x1d~y\xef\x93\xd17\x0e\x9c9{\xf6\xe17\xef\
$u\xe0\x189\x87\xf4\x22\xd1\xab\x81\x8f\x87\xd7`\xdb\
\xbb\xb3\xe7\xb5\x09\xf3\xe5)=\x90[p\xc4\xea\x8e\xc2\
\xb5\xf7\xde\xb90\xfb\x9e9\xaa\x9d\x1b\x1f\xcf\x9d\x98\x9f\
;\xb1\xb3\x1d.\x01R\x12\x1c\x88\xeb1\xcf\xc1\xd0\x16\
\x8fg\xe7|lo\xec\xf2\x94\xe3\xc1\xec\xe5\xd8)\xed\
jv<;5L\x01f\xc7\xa2K\xd0C\xeeB\xa8\
_\x0b\xae\xfe\xa2\xeb\xa7\x9d\x94F\xb7'\x97\x9b\xb9\x06\
\xefl6\xbf\xe8\xf4%\xa5\xceCF\xbd\xba\xa0\xd91\
c\xc0A.\x86\x00E\x0du2\xdeu\x8f;\x02\xbb\
\xdd\xb3\x08\xfe\x08\x89x=\xedN\xeb\xee\xbe\x0a]w\
B\xa1\xab\xa8\x80\x8b\xb8\x18\xadF`8RA\xe1\xe3\
\x08(\x9e\xa0K\xb2\xbe\xac\xaf\xaf\xc2YVQFX\
QVA \xa7\xf7\xcb\xca*\x9de\x95e\xa3Ng\
\xe5g\x13\x03\x1d$\x9e[\xfa\xfb{\x1bV\xf1|=\
r\x17\x8dT\xbb\xc0\x0af$\xce\xca\x99\xe2\xd5\x1cW\
\xbaj\xf3\x8b\xddZ\xb4;\x1a\x8b\x01\x01b\xd1\xa8f\
\xbe\xb2\xfb(\x82\x09T,\x85L\x0fj\xd6@\xc5\x96\
\x12\xf2\xaa\xad\xe5\xbdL\xc6\xb4tt\xb4\xec\xfa\x869\
\xa3\xfd\xf4'\xcf\xac\xbb\x07(\xf0\xe1o\x7f\xf8\xdb_\
\xfd\xeaW\x1f\xbe\xff\xfe\xbb'\xff\x11\x18pr\xdd=\
\xf7\x9c|\xe6\xa9\xc7\x7f\xfd\x95o\xfe\xe6\xca\x8b?\xdf\
}\xf0\xe0\x9d\xcf\x9e9\xf3\xc3\xdd\x07\xbe\xfc\xc8ss\
\xaf|y}\xd1M<\x1a\xd1\x17\xfds\xe9\x05\x87\x9b\
\xeaq\x14r\xc9\xec\xf9\xd8\xe9sW\xb3\xe3\x0f\xf61\
\xe7\x9d\x0aQ\xa0\xbb+\xd2\xfa\xf8x6\x97\x85\x8b8\
\x97\xd6\x11\xd0s$\x03i\xbc\x0ax<\x015{Y\
\x8b\xc5.\xcf\xa89Ga|z(\xa7\xba\xfb\x86\xaf\
\x9e\xbep\xfa\xf5\xf1\x5c.\x8d\x9b\x07\x98\x8b~\xc1\xba\
'\xc3\xfe\x13\x1e\xfd\x05,t{\xc6\xc6\xb3S\xd9\xd9\
\x13\xf3\x93\xd0E\xd3\xaa\x9b\xce-\xc6\xf5\x8a\xdc_'\
\xf7\xecB\xa4\xc0\xad#\xca\xa7\xea\x94\x18\xe0.\xba\xec\
\xa0\xb7\xe9\x91\x8f\x1d\x9e\x88\x9eG\x1c\x9b\x01\x17\xf4\xcd\
R\x14*\x16~TD`\xed;+*\x08=\x08\x01\
\x9c}e\x8c\x19\x94\x95\x11\xe5\x97\x8dFF\xaf\xaf,\
\xab\xc4\xdf\xaaJ\x12\x0ft\xb3\xb2\xaaGS\x18\x01\xd3\
\xd2\x83\xfe\xff]u\xc8\xc7\x84\x02`d^AT\xc2\
\xa1h\x09CnV\x95\xae\xb8\xeb\x9d\xbdZT\x8bv\
g\xb8\x0c\xc2C\xdd\xbfx\xfe\xb8QNxG8\xd6\
\x1c}\xa1\x03\x05\x92f\xc1\x11\xac\xa9\xa2\xea\xdf\xb1\xe6\
\x81\xad\x1b\x0f\x9d0\x9b\xb5'\x7f\xf2\xcc\x8f\x8f\x1c9\
r\xe4\xdf3\xda\xc4\xdewO\x1e\xf90\xd3\xbd\xf7_\
Nn\xfb\x9b\xbf\xd9\x06\x0ep\xf2\xad\x0f\xdf\xff\xf0\x83\
o\xee\xd5\xa2\xd1\xa7v\xef>xI\x9bx\xe9\xa9\xd1\
coh\x13\xd1\xd7s\x87\x8f\x1d8v\xe0\x00\x89\x02\
\x9d\xa0\xa0/\x80\x85\xd8i\xa1\x90\x1c\xcbe\xe7\xb4X\
\xectvjj\x9ay\xf5U\x8f'\x10\xc8\xe5\x02[\
r\xa4\x22h\xa7\x8em\xd1sj\xbb\xc31=?7\
w>\xb7%\x90tx\xfa\xb2\xe7c@\x80\x5c\xce\xd1\
\x9eLf\xe7.\x5c\xbd69\x05\x5c\xf9\x98\x88Y\x08\
\xd0S\xfcf1R\xb0\xf8\xf5n\x16\xd8\xd3\xc7\xa6\xf7\
\x92\xd48\x96O#\xb6\x8f\x8f\xda\xc9\x88\x83\x08\xf0\xb0\
\x10\xaf\xee.^\xe5.\xc6w\x81%\xc5\xbbB\xfa\xeb\
\x0c\xa8\xba\xa7h\xff\xe1\x1c\x18z\x97.^<\xad\xb6\
\x93:\x17q:\x99~\xff\x91|\xaf\x880aO\x17\
W8#}\xc4\x04\xfa@\xfb\x95U\x10\xf8e\xed\x07\
&g'\xf37]_ySUeY\xe5\xef\x0cA\
gEe\xa5\xb3\xc2YYY\xf6\xd9\x04H\xb4\xa5\xa5\
\xa7\x7f\xa0\xbf\xab\xb9\x9ej\x90\xeb\x99\x05'.\xa6\x0b\
H\xb2`\xa8\x8e\x1f\x7f\xe1\x0dH~-\x8aFI\xb1\
\xd8\x93\xdf\xd8\xb5\x09\xe5\xda,\xd7\x83\xd0\xa5X\xc6\xc2\
\xa1\xf8\xcb\x9abZfGK\xcbC\x97\xb4\xcc\x93/\
\x0c\x1e\xf8_\x07\xbf\xf2\xebg\xfe\xf9\x99g\x8e\xfc\xe4\
\xdd\x0f\x7f\xf6\xfe\x91mG>\x8c\x9e\x8a\xfe\xf0\xc8\xb6\
\xc7\xd6m\xdb\xb6n\xdd?>\xf3/\xdaD\xf4\xad\x7f\
}\xff\xfd\x9f\xbd\xf5\x95\xcf\x7f\xf1\xe0\x0bss'v\
\x1f<\xf8\xcb\xdf\xfc\xe6\xbbO\xe5\xf3\xb9\x1cP\x00L\
`t\x94\x9c\xa3*3\xbe\x91p\xb1\xc5\xa1\x06\xd2\x01\
u\xf8\xc4\xf7\xf6^D\xac\xee\x9d\x99\x0a\x15n\xb2\x00\
\xc4\x81G\x87\xdbo\xf2\xd4\xa9\xe8\xa5\x5c\xbb\x9b\xb0a\
\xea\x9c6a\x9e\x1f&?\xb1cz&;3\x0e\x89\
\x92\x0b\x14\xb2\x17b\x13\xb1\xab\xe3\xb9d`A\xc3,\
z[T\xcf\xa2\xce\xf71w\x9f\xba\xc5\xe1v \x0b\
\x09\xc1;\xb5\xbdp\xca\x1c\x8d\xcd\xcd8\x8b)$\x9e\
\xa1\xa9\xa9\x99q\x07%\x06Dt\x02\xb2{\xd1Q\x5c\
\xd4\x05\xda\xdd\x10\xe4\x0b^\xdb\x05\xa9Od\xcf<B\
p\xe2;\xdb={\xb5\xd8K@\x80\x8a\x0ag\x05\x83\
2\xc8\xb7\xc2\x09\x18/\xa2B\x05\x99\xfe\x91\xb2\x08\xf4\
\x82\x08>q\x96U\xddTYYU1:s\xc1<\
\x11=\xbf\xf3\xaf+\xab\x88\x01T\xe2\xb3Jp\x86\xaa\
\xaa\xaa\x9b\xee\xdb\xd7\xd1\x83y\xa4==\x03]mF\
\x14\xc6q(\xae\xa2\xe2\xa6b\xb1\x13O\xd3\xd4\xad\xbb\
\x9e\x7f\xd8\x1c\x8bj\x19\x0e\x19a\xdd/\xde\xb7\x82\xba\
\xbe |(SO\x1aV\xc4\x22\x89^Y\x92\x8c\x0d\
\xfdE\x15\xb3\xa3\xf5\x83\x974m\xef\x0b\x07\x1f9x\
\xf0\xe0\xc1W\xa2\x9a\xf6\xc3\xef\x10\xc1\x9f\x5c\xf7\xef\xef\
\xbe\xfb\xd6\xbb\x8f\xbd\xfb\xfe\xbb'\xb7\x1d\xf9\xd5\x0f\xbf\
\xbb\xf7W\x1f\xbe\xff\xee\x91\x93\x8f=v\xe4\x83\xdd\xbb\
\xe1\x1c\xba\xf37\xd1'\x9f|\xed\xf0\xeec\xcfF\xbb\
\xbb\xdf\x1c\x85\x87`\xfd\xfa\xd1;\xc0\x06<\x0e\x87\x0e\
'\x0b\x05\xea\x87\xc6\xa7\xa7\xa6\xa6`\xea\xc3]\xac]\
\x98\xaa\x5c\x0c\xc7\xa9\xaa{\xe7\xdc\xf9\xb9\xf3\xb3\xc3H\
\x0f\xc8%\xa7\x10l\xbe\xf6\xde{\xa7\x8fM\xa7\x93p\
\xe1\x17\xc8\xd5\x9c\x0b\xf4U\xf69\x87\xe7.\x5c\xbb|\
b\xdc\xc9\x80T\xcc\xbb H\xabj\xbb{\x81\xe1\xb3\
\xe81\xc5\xe8(\x17\x0c\x08\xe0\xf1x\xd2I\x8aN:\
Hl\xe8jz'\xb8\x8e\x96\xfbjD\xd5\x99Z_\
t\xed\x11&\x90`h\xf7\xb8\x91~\xe6f\x08\xb0h\
\xff/\x9a\x01z$R\xd1W\xd1\x17y\xb0p\xe2\xc4\
\x89\x13[\xfa\x98\xfe\xb6`\xd5\x97\x11{wVV\x02\
+\x08\x09\x88\xfd\xf7\x8d\xcdL\xcd\x0c9\xcb \x18\x22\
Ng\xfb\xce\xe1\x9d[\xf4\xa9\xab\xdd\xa7\xcc\xcf}\xf5\
\x8e2g\xd9\xff\xb8>\xe2\x84,(\xab$M\x00\x08\
1x#\xc4\x00\xe9\x83\xbd\xa9\xfaz\xb4\xcf\xc28\x1f\
\x14.1_\x1eU\x16\x9aL&k\xf8e\x12\x02\x5c\
\xb79\x16;\xf3\xd4Q\x9e\xca\xd2y\xaa\x85\x12\xa8\x1c\
\x9d\xa7\x0c\x7f\xab$\x95t\x0d\xf4\x90z\xd1\xd2\xd3Q\
~\xdbgF\x03\x85\xaa\xa5\x9f\xbf\xf3\xe0\xee;\x7f\xde\
\xbd7\xfa\xc3\xef\xdcB\xf6\x00\xfe\x1dy\xec{Z\xf4\
\xa7\xff\xb9\xee'?\xd5\xb4\x9f\xfe\xe4\xc8cGN\xae\
;yd\x01\x01\x0e\xffV\xeb\xee\xbev\xec\xe0\xe8\x8b\
\xd1\xee\xe8\xcf\xd3\x07\xcf\x9f\x7f\xe5\xb9\xd1\x03\x07\x8e\xad\
_?\xea\xd4\xe1\xa9\xa3\xe8\x8aZ\x18\xdf\x1b3\x9bO\
\x0c\xeb\xb9dn:\x9b\x9d\x99\x86&\xed\xd1\xc7\x86\xc6\
\x86\xc6\xd4\xb4>s:6\xa1\x9d\x1f\xce\x07t\xe7\xe8\
8\x82\x05\xa7\x87#\x05\xb7\xbbh\x0a:\x10\xdci\xd7\
\x03Css\xe7\xe7r[\xf2\xf9\x8a@\xe0\xf7\x13\xb8\
\x02\x943\xe8\xf9(X\x0c\xa7;1]R\xd8\xdb\xe1\
\xbau3\xcf|Q=\xf1\xa8\xfa\xb7\xf3\x14\xa6\xf8*\
\x99s\xd0\xef=0\xd9\xdb\xa1\x12\x12\xc4\x8bz\x9c\xee\
f\x1c BF]\xe4\x13H\xd0G\xcc=\xe2t\xe7\
#\xce2'\x8c\xfbJR\xe5\x89\xea\x99\xa9WYY\
Y\xb6\xc8\x02\xca\xca*\xaa\x86\xaf\x9a\xcd\xe6\xf7\xa6\xaa\
\xc0\xe8++\xfb<\xddpo\xb9\xd7\x8f\xba#\x95\xce\
\xfc\xf4\xf0\xcc\xb7\x1f$6PUuSYU\xd5M\
\xd7__UUYy\xdbC\x1d\x1d\x98\x17\x04\x97@\
C)\xf3\x07\x08^\x8eg\xa5\xb9\xc8\xe0c\xb5n#\
\xc7_\xb8\xa2i\x08\x07gb\xa7\x9e\xdbj\x94X\x1d\
<\x1b\xb3\xc5|\x7f\x92X\x8f \x10\x97bN\x86{\
[\xfa\xff\xed\xbe\x9b\xd6\x1f\x1b\xbf\xa6i\x99\xd3\x87\x0f\
\x1e>|\xe0\xd8_\xef\xfe\xd23?>y\xf2\x9e\x93\
\xf7\xdc\xb3n\xdb\xb6\xc7\x1e\xfb\xed\x8f~\xf4\xc3wO\
\x9e|\xeb\xad\x0f\xdf\xfa\xcec\xbf\xfa\xe5\x0f\xdf\xfa\xf1\
\xba#\x1f<N\xc7Wv\xff\xfa\xa9_\x13&\x8c\x8e\
\xae\xbfs\xf4\xbc6\x11=]u\x1b\x04\xc1\xfa\xf5\xa3\
\x94\xbc\xa1C\xad\xdb2v\xca\x1c3O\x0e\xe7s\xb9\
\xe9\xf3g\xdf;=?\x0d\xc3k\xe6\xb2\xf9\xa5\xe8\xe9\
\xa9\x82g\xe7\xb5\xd3\x17\xde\x9b\xcdf\xa7\xe6\xcf\xcf\xcd\
_\xd3\xb4\xe8\x85\xac'\x97\x04\x85\x93\x17\xd5Q\x088\
\x02\xfa\xf4\xac\x16\xd3N\xe5\x10U\xca}D\xfaEn\
>6\x8d\x88\xed\x18\x85&\x09\x0d\xdaU}\xfc\xc4\xf9\
\xd7_?\xb6\xa5\xa2\xbd\xcf\xa3Gt'\xbcxjQ\
\xf5(2\x8a\xb1\x19\xe4\x0e\x91%\xefa\x80%U\x8f\
1v7\x94;f\xf6-\x84\xff\xa1\x06\x92\xe3\xd6I\
\xc6\x1eS\xee\x88\xae#}\xce|\xbej\xb4\xea\x0e\xe8\
o\xcc\x96/\xab,[\xb0\xf6!\xd1\xe9\xc4\xaa\xaa;\
>\xb3|\xf8j,\x16}o\xea3\x958q4\xa2\
>i6\x9b'\x1dw\xe8\x11\xa7\xf3\x7f\x0c_6k\
\xda\xcfw~\xe6\xfa\xeb\xef\xa8\xac\xba\xa9\xaa\xb2\xb2\xb2\
\xea\xfa;\xaa\xaa\xaa\x9c\x9fm$C\x9d\x5c\xf5\x0d\x1c\
\x9a\x9cy\x0d^J\x16E\x8f5t\xbeG\x11\xd4\xc8\
\x88\xe9\xf87\xcfi\xb1(\x97\xd1\xba\xaf\x1c]!\x80\
\xf5S\x1b\x97\xb5\xa8\x8a\xa3\xc6)\xd4\xc3B45\x93\
\xe9\x0f\x17\xc0}g\xde\x18^\x7f,\xf7\xba\xa6i\x97\
\x0e\x1f>\xf6r\xf4{\xdd?\xf8\xe0\xe4=GN\xfe\
\xf8\xe4=\xeb\xd6\xad\xdb\xb6n\xdd\xb6\x7f\xdcv\xcb\x7f\
~\xf8\xfe\xfb\xef\xbf\xff\x9f?~\xf7{\x19\xed\x87\xf7\
\xfc\xff\xb7\xac\xbbe\xdb=\xeb\xd6m\xbbe\xdb-\x7f\
\xb3\xed\x19\x04\x0a\xe0&<\xfc\xdc\xb3\xef<\xfb\xb5\x03\
\x87\xd7\x13\x06\x8c\x8eF\x22\x9e\xa1\xe9\xa9\xf1!\x87\x03\
N\xfd\xec\xd0\xef\xcc\xfa\x8a\xe1\x0b\xb1\x09\xed\xf5ig\
:\xa7g\xdfCZ\xc0P!]PsYd\x0e\xce\
\xcd\xc5&b\x97\xb3\x08\x9a\x8e\x8d\xc1O764\x87\
\x14\xa1@@\xd7\x9d[&_\xbax\xea\xe1\xdcX\xfb\
\x16D\x83\x16(\xdd\xc1\x82\xbc\xe3\xb3\xb1L\xec\xf4L\
DU\xdb\x8b\xee\xfdH\x84n?7S\x19\xd0w\x22\
\xad#\xed\x89,0\x88\x05vN\xee\x087\x99\x0d\xba\
\xbb\x08~b\xec\xfa\x22\x97\xa7\x7f\xd0\x0c#E\xe0W\
D\x8a\xe2\xfc#\x15\xcfY\xe1\xd4#\x95\x95c\x93\x93\
\x93\xb3[ \xf2\xe9\x1f\x91>\xfd\x5c`\x01ee}\
\xa3'\xe6\xe7\xe7w\x0e\xcf\xcc\x8c\x91\xcb\x07\xe1\xbf\xbe\
\xe9\xec\xcct\xc5\xf5UU\xd7\xdfQ\xf9W\xd8\x06\xf3\
k\xc3\x9f\xbd\xbe\xaa\xac\xcaYQYV\x05\x0c\xa8\xc2\
\xf1W\xde\x0e\x12\x03\x1d\x1d=\xfdm(\xd7\xe6\xd1\xef\
_bm\x18\x91\xe5G\x95<##\xfc\xf1\x97\xa1\x03\
d\xa2\x17\x9f?nD\xa5\xaf\x8c\xb6G\xe8i'\xc6\
1+Mb\xd5q\xa5\xad\xa4\xfd\xf7tt<\xf4\x8d\
\x87/\xdd1:\xba~\xbd\xaa\x06\xf2_>\x8c\xe4\x1f\
\xed\xb5\x03\xbb\x0f\x1e\xfc\xfc\xc1\xc7O\xae#\xe5o\xdd\
\xc9uG\xde\xeaF\xd3\xa2_\x1dy\xec\xad\xb7>|\
w\xdd-\xeb\xd6\xdd\xb2m\xdb-\xeb\xb6\xad\xdb\xb6\xed\
\x96m_:\x08m\xe0 \xfd\xbb\xf3\xe0a\xe6\x15`\
\xa9#\xd9\x0bZL\xbb\x9a\x8d \x16\x8c\xac\x9f\x5cn\
h\xfe\xea\xf9k\x93\xe3\xf9\xb4\xaa\x07\xce_x\xe7\x9d\
\xab\xeaMn5\x97Cr\xb0vu\xfe\xec\xe9s\xd7\
\x86\xdb\xf3\xd9\xd7\xb4S\x99\xab\xc3\xa3S\x93\xdaD\xf4\
\xa5qp\x86\xf3'\x86\x92\xc9\xa1q\x96?Di\x81\
d^\xb2\xe8\x9e>5y\xf1\x5c\xf4\xc2\x94\xdb\xe3\xd8\
\xe2h'\xbdB\xcfg\xafig\xf7\xce\x8d\xbb=}\
@\x05\xf3\xeb3\xa3\x01w\xd1`\x88\xa8j\xc5\xce\xf9\
\xd3gO]\x19\xf2T\xe8j\x04oB\xa9\x83\xd7\xbe\
\xaf\x0fF\x9c\xce\x94{79p\x81\x10H\x14_\x00\
:3\xdd\x8a2\x1e\xd0\xd5u=\xffm\xc4\xbd\xcf\x8d\
\xb9\xcb\x9c\x15\xcc\xd0g\xb0\xaf\xbc\xa9\x0aF>N\xab\
\x18\xdd9\xafMho\x0c__UUV\x09%\x8f\
R\xccIf\xdc\x04\xd9qSU\xd5\xce\xe1\x99\xe1-\
U\xd0\x0c+\xcb\xca\xca \x08 \x03\xae\xaf\xaa\xac\xfc\
\x8b\x04)l\x18\x8d;Pg\xa2\xe6\xa9\xa8\x5c\xf6\x16\
;X\x09B|\xc4P\x9d\x18\xb1\xae}\xee\xac9\xc3\
\xc5b/Z\xd0^\x93\xaa\xfa\xa9\xb7\x0a\xb5n1\x15\
k\xba\x1b[\xe1\xf9\xdd\xde\xb1\xbdg{\xe3g\xf3\xb9\
t\xee\xc4\xfc\xfc#\xeb\x0f\x1c;|\xf8\xd8\xc1GN\
\xbc\x02_\xef\xc1;?\xff%\x82=X\xc0\xdf\x1cy\
k/\xa2b\x1f\xfex\xdb\xba\x93\xdb\xd6\xad\xbb\xe5\x96\
m\xe0\x01\xb7\xdcr\x0b\xce\xf8\xe7\xc7\x1f\x7f\xfc\x83\xc7\
\x1f\xdfM\xd0_\x08\x13\x8c\x9e\x98?17:uY\
\xcbhWg\xaaT\x95\xf9\x7f\x93\xb9\xdc\xf8\xdc\xdc\xdc\
\xfc\x98\xdb\x93Vs\x81\xdcPr6\x97\x9f-\xa8\xea\
\x96i\x04\xfe\x86\x86\x92\xc9\xc2\x96d.{M;e\
\xbe6C\xc6a\xf4\xc9YDz\xb57vFX\x10\
\xa9\x98\x0cRL\xcf\xa6\x9c\xee@\xb206444\
\x0d&\xf1\x06\xe5\xfe\x90\xe9\xe6 w\xa4\xc7\x9d\xbd\xa0\
uk\xaf\x0c\x8f\x82\xdc\x99\xbd\xe7\xd1\x9d\xc3\x00\xc6\xb9\
iGDU\x8b\x82]W\xd3z$\xe2\xact:\x9d\
\x14\xa0e~_\x94\x03D\x98\x1b\xaf\x82\xc1\xd6\x897\
\xca*\xcan*c\xe4]\x09\xcfO~\xcb\xecKf\
\xf3/\xda+*a\x01\x12\x02\xe0\xa8\xac\x04,\xe1\xda\
/\xabtV\xee\x9c7\xef\xfd?T\xbd\x0dXSg\
\xb66\x9c\x04\x92\x9d\x0c\x93\x17\xc8vcHR\xe0d\
'!Vg6\xe3\x19.\xd3\xf39c:1\xc1\x83\
\x02c9\x5c\xb1@\xb1R\xe87i\xcf\xe4s@.\
:sm\x0b'9\x84\xdf1\x8aFv\x01\xe90B\
x\xf93H[\xaaBk\x0b\xd5A\x8bU\x0e\xa5\xfe\
Ti\xb5\xb5\xd3\x01\xadul\xfd\xa9\xd6y\xdf\xb5\x9e\
\x8d\x9d/\x82B\x08\xb4\xfa\xacg\xfd\xdc\xeb^\xf7*\
\xfb[\xbc\xd9\xac\xa3\x8d$4`\x8e\x08\x9e\x9e7\x0a\
\x10\xec\xcd\xe6|\x13$~:\xa3\x00\xdfg\x86\xc3\xd7\
\x98\x19\x9e7k\xe2\x96a\xb3\x06|\xc0\x86\xa5\xb0\xf5\
\x06\xf4g\xa4J\x85\x02UyA\xaaI*U4g\
J\xf6\x9c(\xe3$\xce\xf3o\xff\x8b\x04%\xd0\x80\x00\
\x08\xd5\x229\x7f\x08\x01\x0a\xe5\x92\xffx\xea\xd7\xcf\xfd\
\x1aVQ\xff\xf2\xc1n\x8d Tts\x1cW\x96+\
\xb4\xe4\xb6\x84r\xe1\x04\xb1\xe7\xb7}\xf4\xaf'\x8f\xbf\
w\xfc$\xe6\x82\x87n\xdf\xbeq\xe3F\x17\x86\x84\xac\
\xe2\xe2\xe2\xd2\xd2\x92\x92\x92R\xb8\xffYYYY\x8d\
\x07\x9a\xe6\xb2\xe6\xbc\xf5\xdb\xeb}>x\xab\xaf\xaf\xef\
\x9b\xe2\xb8\xa3}B\xb0\x22\x1cI\x0fa\xcb65=\
\xd5\x10\x0c\x85\xe10\xc7\x1a\x0a\x82\x05\x1d\x05\x05\xc1\x06\
\xe8\xf3\x97U\xb4\x05+\x0a\x82\xc1T\x07\x84\xf4`z\
Gj\x05\xb4\xeb\xe2\x8b\x0c\x05\x15\xe1~l\xc5\xdc\xb9\
3\xb1\xd0\x1f\x00t\x10\x00b8\xf3\x14\xb1\xf6K!\
d\xce\xf4`j0\xe8\xef\x060\xb9\xbf( \x16\x08\
\xe9\x01\xf2Q|\x87\xc7\xd3V\x10D\x8c\xc7\x80C&\
\xb6@h\xb0\xe5\xd6\xd5\xe9\xf1\x22;\xc0x`<\x15\
\x1d\x86\xd4T\x83\xdd\x10\x1c\x9e\x99\xe9nC\xa0\x1f\xe8\
\x1a\x90\xe4'-\xd6\xf1b2\x0fGN\xd3\x9dE\x1d\
\x91\x8a\x22\x07D{\x9a6\x0a\xb4\xce18\x18\x8f`\
\xae\x88\xeb'%\xd1F\x1a/\xb3\x19\xed\xc4\xa81\xd2\
E\x85F;xt#\xfau\xa3\xe8% \x1b4j\
\xcc`,\xf8\x15r\xf2\xc4\xf7\x93?M<\xafI\xf8\
U\x06\x1c\x19D\x82ga\xc9\x13\xcctZ\x95J\xab\
U\xaa@Mb\xb5U\xda\xach^\xbd\xe2\xd8iJ\
\x92\xf3\xd6\x9e\x9d\xaal\x10'V\xa3\x88\x0fH\x9fE\
\xaf\x04\x9d\x0a\x18\x04\xff\xd9oESZ\xfb\xf7\x1dv\
{H(\x98\xe1r\xb8\xb2>\xa1:8\xef\xe4\x9cc\
-\xf5\xd5\x17\x01\xf3\xad\x1e\xf0z}\xde\x01 \x864\
\x82\xcb\x87\xb3\x86\xb4\x10<\x7fIi\x09\xa0CY\xc5\
]YYY%\x80\x12f\xbd\x0ag\xbf\xddW\x7f\xf1\
\xc4\xc7\x1f\x9e\xaa\xef\xfb\xe2\xd2\xa5\xb7Zr\xabs[\
\x84\x5c`\x0f\x02<\x08\xf8_d|l\xec\xfc\x87\xe1\
\x82\xf4\xb6H8\xec\xe9\xef\xcd);<\x11\x1e\xf2{\
\x06;a4\xa4\x83P\x89\xd2\x03t\x92-\x98\xdeQ\
P\xd0\x0f|\x92\xb1H(\x08\x0d\x81\x8e\xf4\xf4\xb6\x8e\
t(\xda~\x80z\x09\x1aC(\xc3\x15\xc2x\xf7\xf8\
x\xc5b1\x90\x1a\x10\x11\x1cCj:\xe9\xf4\xd8\x0c\
\x10\xf21\x05\xd0\xe9l\x06\xa8\x12\x02\x81\x00\xed\x99q\
q\xdc\xe9\x88!\x90j\x0byF8'\x97\x13*\xb2\
\xa5\x1b\x00\xef7\x14\x82\x05\xd8\x17\x8f\x1e\xe0\x198J\
c\xbe\xc6=t\xcbU\xeb\xba\xe2\x87d\x0e\xfc9`\
6\xf4\x22\x18\xa83\x9a\xcd\xc6\xfc|\x88\xe3\xe8\xc5\x8d\
F\xd3F\x00}\x8c\xf0!\xdcp\x88\xec\x82\x91\xa7\xcd\
4\xdes|\x22\xdf,>4\xe2\xe1k\xc8;|b\
b\xdc\x16\xf6\xa7Oe\xac\xc5{\xbb\xf6?\x1f\x93G\
G\xad\x94fJ\xe4\xd0\xe1\x01\xb1<P\xdfR\xa8U\
\xcd\xcd\xabWV\xfd\x8d\x92\x9c\xbd\xb9\xe2i\x10(\x04\
\xc5jQ\xe2G\xa2\x8cZ\x09\x83%\xd1\xd11O\xfe\
R<\xff\xe76\xb7\x05\x02\x81P(TPQ\xe0\xc8\
\xcd\xad\xee\x98\xe6\x9c\xdcX\x8b\xaf\x1e\x0c\xe0\xadjL\
\xee\x06N\xce5\xce5\x02\x14\x8c\x01\xa1\x11\x8e\x1fn\
\xfd\x81WG\xfft\xe3\xbb\x1b7\xc8WJ\xb2\xba\xbe\
i\x1d\x18\xf0\xd5\xfb\xaa\xaf8{\x9c\x9f\xb7\xf8\x904\
P\x9d\x0b%!/\x08\x88\x0ca\x970\x5c\x11LO\
\x0f6\x80\xd3\xe1\x5ce\xc1\xfeH[\xc3\x02E\xb9\xae\
\xf4\xa7\x06S\xc4>R[\xe8\xc3+W\xee\xd8\x8b\xe2\
\xdb\x82\x11\xa0\x98\x8cy\x1c\xc8\x0e((H\x0f\xf6w\
_\xb9u\xe7j\xbf!\x95`9\x00\xd9a\x83\x1e\x93\
|\x9b-D\x863\xc4\x10\x81\x00\x0f\xa6\xf1\x806\x00\
G\x09*=\xbb=\xc9h\x86\x94,\x89 \xb9\xf9\xfe\
q\xcaE\x9d\x0e\xdb\x02\xb6\x800\xd9w\xb4\xac\xect\
\xd0\xe3\xf7\xfb#\x90-\x02\xa8\xfb\xc8\xa1C!G\x0c\
\xc0\xa83\x0dA[i\xc1\xcf\xe0a\x03`c\x06\x5c\
?\x89\x14\x01\xf9\x98\xc2\x1b\x8977C\x8bjR\x87\
\x11\x01p>\x00w\xf0\x84y\xf2\x84\xd9h\xd6\x98\xe0\
\x81\xf1^\xa3\xd1\x985&\x86\xd1\x88g\x8f\x85 |\
\x8dI\xdb\xfc\x9f\x8b7\xf7\xa9\xa5\x92\xe8\x95\xa0\xc7@\
tz\x15D\xbeZ\xa5V7KV\xff\xfeS\xa7d\
\xff\xa9\xdfG\xa3L\xb95\x1b\xb4~\xb0w$jS\
EG\xfd\x5c\xfc1\xcf=\xf7\xe7\xa4\x8e`zz\x00\
\x8c\x80\x16\x84\x90,\xa5\xedC\x00\x00 \x00IDA\
T\x90\x1b\x12\x82#-\xf5}\xc2\xf5\x8b\xbe\xbd\xf5\xdb\
w\x80\x01x\x1f<\xb8\xf7\xea\xab\xaf\xbe7\xd7X\x8c\
\x19AqqV\x09\xa4\xff\x07\x1ex\x07\xf6s\x1cu\
\xbb\xb1\xb4\xa48\xab\xf8\xc0C\xcey\xf9\x010\xc7.\
\xde\xbc\xf9\xf1\xa9z\x9fH!\x05\x1b %A \xa5\
\xb0\xad\xf7hYY\xd9L$D\xf7\xcfp\xb5\xceZ\
\xca5\x12)(jXp\xb9\x5cw\x86:\x1dE\xa9\
\xd0z\x89wD\x82=\x9c\x8b\x82\x8a\x0f\xf2\xbe\xfe\xfe\
\x08 9d\x06\xc8\xde\xb0\xe0\xea\x81i4\xb1\xc9\x80\
4]\x1bR2\x00{&\x10/\x0c\x09\x90\x1a\x1e\x02\
;i\x0c\x1a\xc3\xe3\x14\xc5M\x84\xe1\xa5\x91\xf9\xb1+\
cW#`\x01\xd8\xe21tD\xfca\x0ff~\xb6\
P\x00h\xcc\xfdW9\xa7s\xd6\xcf\xdb\xecI\xba$\
{\x92\x88\xdb\x8b)\xbf\x0eOMGO\xfa\xfd\xfeT\
\x88\xe2\xe0\xe9i\xb8\xc6\x80\xfb\xd1\x04\xce\x07\x88\x17.\
7M\xeb\x84\xc9\x19\xce\xe9<\xeb\xd8H\xd3fZ\xc7\
\x9b\x05\xf8\x09p\xaeF#oD\xac\xcfl63\x1a\
\x86e\xe1\xd4\xe1\xdd\xa4\x11\xcdAC\x9c\x00<\xc5\x9a\
\xdc\xcc\xf2\xbauxr\xeb\xd6\xae}6\x0a\x15\xcc\xa2\
Q\xadP\x85\xe3\x1e\xa0\xc3\xa8\xb2*\x96\xee\xfb\xe0\xb4\
\xe4\xadS\x9b\xb2\xb3\xadU\xd9\xa0R\xb7(\xa3\x87{\
fT*U\xccS\x8bf\xf4\xcb\xaf\xdb:`n\xae\
 ==`\x0b\x85\x80\xe4)T\xd7\x07\xafr\xb5\xdc\
\xb5`}=p\xc0\x88\x0d\xec\xf1\xed\x19=9\xf7\x12\
d\x03\x90\xf7\xc3\x897\xce\xddk\xbd\xf7\xfd\x17w\xcf\
\x1dj,)\x01\xab8wy\xea\xe1\xf1\x07\xf7\xee\x1d\
\xbfG\xe8c\xdb\x1fY\x001\x81\x16!\x14j\xa8\xc8\
\xe1\x5c\x1c`\xf9\xfd\xe3\x5cmm\x0fu>\x5c\x11\x0c\
z\x08\xf9\x17\x89{\x1d\x1d\xf1\xd0\x05\x9c\x9f\x9e\x9e/\
((h\x0b\x04\xd3+\x22\x15\x15\x01\xd2B\x8e/J\
\x0dFfn.|8\xed\x0f-B\x80\x11\xbf?\xd2\
\xf1h\x86\x8b\xb4\x00\x16\xc9\xbf)6;\x8ek\xd9\x8a\
\xfc~\xcf\xd08\xc5\xb9&\xc2\xa9\xe9)\x81\x86\xd9Z\
\xe8\x08\x1aS\xecId\xee\xb3\x10\xf8\xfe4M\xdbB\
6\x1aR~\x01n7u\xcb\xef\xa6i\xe3\xa0\xc7\xe3\
\x00\x5cG\xa7\x13C;\x06m\x80\xfb\xc8\x95\xa61\xbd\
\x83\xa36b\x1f\x0fo\xb4\x91\xdc\x7f3m\xa6i\x9a\
\x1f\x1c\x06\xf1\xcd\x8e\x8dh7F\x01^.:{\xda\
h^\xfcP\x83\x97\x9c\xd1\x984f<\x7f\xf8\x1c\xdd\
\x81\xc6\xcc\x9b\xe0\xcb\x8c\x861\xbd\xfc\xdb\x8c\xb5\xeb\xd6\
\xc2\xfbSK \xbb\x83\x19^\x95\xa8\x9c\x07\xf5]\xb4\
\xca\x9am]\xbf\xe6\xbe\xe4\xa3\xafw*@W\x00\xb6\
@HQH\x13\xe4l\xa3\x13\xb3U\xd1\xeb\x7f\xb6\xe8\
G2*\x1d\x1d\xa9\xc8\xe8LoK\x87H \x08B\
Kn}h\x9a+\xe3\xee\x87\xc8\x01\xe6V\xd7\xd7\xfb\
vx\xbd\xde\x07\x8dMsss%Yp\xf8Y\xc5\
\xc5]\xe7rr\xa6\x0e5\x1d:\xd0u\xa0\xe9\xc0\x81\
\xac\x92\x92\xd2\xae\xd2\xe2\xe2R\xe8\x1b\x1e\xf7\x22{\xcc\
WO\x8c\x00\xce\x1f\xdf[\x84\xea2\xcey~|&\
\x18\x0c\x85\x0aF\xc6g\xba\xc7\xc7g\x22\x8e\xf8 f\
\xfd\x1c\xb7\xd0oL\x11\x09\xdd\xf1\xa1\x80-\x98\x1e(\
(\x08\x86\xbb]\x1cw\xa5\x1fhC\xf1\x05x\xc8\xb6\
@0~\xb1\x01\x94^\x11\xd9\x0fS \x15\x88\x0b\xa5\
,f\x86)\x8f\xd8\xfb@\xc6\x08\xd8\x87nq\xae\xda\
[C\x91\xa1~\x0f\xc4\x0b:2~u\xfajw\x81\
\x91&\x9d:[\x8a\xa1\x10{x\xd8\xc9%]\x9b\x8e\
\xa1\xa1\xa1\xc9B;\xdf6\xe3t9\xefT@\x0c \
\x89\x1d\xa0\xf4If\xf0\x03\x1d\xd7go\xce\x0e;\x18\
\x1ab?\xbc\x19ub\xc6\x0f&\x00\xcf&\x89\xf7\x9b\
\x8e\xf7G\xfa+\x8c<\x16\x90f\xa3\x91\xe6\xc58O\
\xce\x17\x13}\x8dh\x04p\xea\xe4\xf8\xc5\x07\x83Q\xc1\
\x8ci\x00\xa3]\xb36c\xed\xda\x8c\xb5\x19\xeb~\xfd\
\x8bh@\x84\x13\xc5\xcb\x0d\x8a\xb9(?\xa9V[\x1f\
\xaf\xfaXr\xf0\xf7D\xacY\xad\x94Kb\xa2$D\
\x96\x12\xd5\x9c\xd6G=\x09?\x00\xab\x89\xddm\xf1\xc8\
\xbb\x00\x22&\xc4T{H\xc8\x15\xe0\xae\xb6\xb4\x080\
\x00\x90\xdb\xedtr\x17\xb6\xfb|\xd5g\xae_\xff\xe6\
\xde\xbd{\x7f|p\xe3\xb3\x1b\xdffe\x15\x1f:t\
\x99\xe3\xa6>y\xe9\xd0\xed\xdb\x87\x00.\x82\x14\x11\x1e\
P\x16\xbe\xea\xdd\xe1\x83_\xbe\xed;\x16M\xa0\xba\x1a\
\x09\xe5\x90\xd0q#\xf6\x104rSCI\xa1` \
\x10\x0c\x06\x80 |\x8b\xebq-\xf8\x03\x84\xf5\x9d\x9e\
\x12nh\x18\xea\xaf\x08\x16\xb4\x05\xfa\xbb\xa1\x17\x88|\
]8\xf5\xf4`\xd0`p\x80\xc3'\x90\x7f[\xc5a\
\x8a\x821\xa0G=A\x04}\x11\xb5\x15\xd1\x9e\x94\x14\
\xdd\xd0,Nh1v\x18\xe4\x83\x1bO\x0b\xb4\x10\x0a\
\xd1X\xb2\xf3\xb9n\x88P!\xe8\xd8&\xd1\x22\x94O\
\xeb\x92\x04\xe8\xde\xf3\x1eH\x0f\xee\x0c\x99i;\xb1\x0d\
\xc8\x01 \xeb\xa37\xea\x87f\xb9\xc3\xdcu\x8f;)\
\x89\x80\xba\x98\xed\xeb\x04c\xbe\x06.\xbeNL\xef\xc5\
\x18n\xd4\xf0\xf0e\x1e\xf2\x85\xc5C\xc7s\x8736\
\x9b\x8d<#\x9e2\xb9\xfdx\xe3\x19\x93\x98\x0bh\x18\
\xdeh\x06\x0f\xe0v\xbf\xf9\x94h\x00k\x9f\x84SU\
%\x92\xf6\xde\xa2\xae\x03n\xe0PW}*y\xf7\x05\
%\xaeV\x85N\x90\x1cuM\x89\xfa\x8c:1q\xd5\
\xaf\xe1\xdb\xc1\x02\xea\x0cp\xe1\xc4\xc6\x1d\xd6\xcc\x15\xe1\
pE\x10m\xa0\xa5\xa5\xba\xba^\x98\xe78\xe7\xe5z\
\xdf\xf6\xfa\xcb\xce\x9e\x9cc\xbe3{\xcfL\x95\x95]\
8t\xe8\xd0\xa1\xa6\xa6\xa6\xe3M\x8d\x87\xa68\xee\xcb\
\x97\xf2J\x00\x17()Fl\xa8$\xeb=\xef\xc0@\
kk\xabw\xcf\x8e\xed;v<\xa2\x91\xd6\xd7\xf7\xf5\
\xf5\x8e74\x84\x0b\x82\x81\xa4B\x98\xa9L\x85\xb2>\
5%\xb5`$\xd8;>22C;\x08\x9b$\xdd\
>4\xed\xe2\xb8\xf3m)\x81`0X\xd1;\xd2\xdb\
2\x89\x03(\xe9\xe9\xe9\x15\x05\xe1pA\x05\xa1g@\
\xe47\xb4\xd9B\xc1`0\x95\xb0\xfb\x0c\x84\xa7Q\x88\
]\x1a\x9b\x01\xee4\xb4\xf8\x0b\x1dm\x05\x05\xa1\x10<\
\x07u>\x14\xfd\x06\x1b\xad\xb3\xd3vAh\xe9\xab\x1f\
\xf6\xed\xed\xed\xeb\x13\x04x\x1e\xba\xf6`\x07\xd8\x8fG\
\xc8\xb70\xb7\xa5E\x88\x17s;\x12\x01t\xe8\xf8\x8d\
\xfe\xe9;\xb3\x7f\x1b.\x82\x9a^\x0c\x0cF\xda\xe1i\
\xf3\x0cndi\x818v\xde\xb8\xe8\xe3!\xe2?\xca\
\xf1M&r\xfd\xe1\xda\x9b\x88\xe77k\x18\xc6db\
\xf0\xa11\x91\x80\xc0\xb8y(\xff\x18\x86e\xe0\xd5&\
\xc8\x12\xb6\xd6\xad\xcd\xc8X\xbbv]\xc6\xda\xdf\xfe\x02\
&\xbbP\x8b\x0e\x14\x85P[\x0d\xd4\xf5\x95*\xf5\xce\
w%ukP\xdc:\x1b\xb7q(\x15\xd1*\x22u\
\x08\xf2O\xff\xb1v]F\x06\xe4\x12\xbf\xde\xd1VP\
QQ\x10\xae\xa8\xa8\xb0\xa5\x16\xc4\xa7\xa4\xd8\xb1S7\
\x16n\x11\x04 |\x03\xef7\x14\xaa\xee\xf3\xf9|\xd5\
\x1f\x9e\x1e{\xff\x0cd\x03\x17.\x5c~\xf8\x09\x1c>\
>\x0e\x9d;w\xe1\xfb&@\x8a\xf0\xf2\x97@~H\
\xea\xc5\xb9\xb9\x81\x1d\xe0\x06\xd0\x0bl\xdf^\xbf\xc3\x97\
{\x8d\xab\xe5.\xb6\xb5\xe0L\x99\xad\x22\x10\x0a\x86*\
:\xec)tGE\x19\xc7\xe5\x8c\x14\x84\x826l\xf2\
\xa4\xa7\x87\x1a\xe6].\xd7X?\xd0\xb1\xa0A\x18\x0c\
t\xda\xc9\xc8m\xa4\x97\xe3\x9c\xe7+:l\xd0\xec1\
\xa4\xda\x90\x8cWh\x179 )vQ\xc6!\xc9.\
\xce[\xd9\x90r\x9bD\x93\xe6\x0d\xe9\xe6\x02%\x0f\xc5\
\x1d\x0c6A\xa8\x0e\xcd\x7fuk\xf6\xca\x95\x8fz[\
\xaa\x05\x01\xd2=8\xfc$\xa4\xe7\x00g\x0b\x5c\x85 \
@\xd4NJ2\xe2\x13F1nCQgb\xb1\x94\
\x87R\x0e\x0c\x80\x16&g('u\xc7/:t\x8c\
\xf1\xfc\xa3\x8a^C\xde\x8cbeG\xbc?\xfc\x81&\
\xa0\x81\xf37i\xc0\x000\xfd\x83\x8f\xdd\x1a^\xc3\xd8\
[\xfa\x04A\xc70<\x98\x0a\xa3y\x06\x1c\xc0\xbau\
\xeb\xd6\xad}6F%\xca\xb9\xaaPT\x1b\xb7\xd6\xac\
\x07]\x91\xc4\xc7$\xcdk\xd6\xe0:(Q\xc8\x12\xc7\
\x8c%\xe8\x08b\x9e\x5c\x8b\xd7?c\xed\x93\x9a\x82\xd4\
\x86q\xae\xd65\xd6_\x08\x13\xb8\xe9\x81\xfeq\x17\xc7\
\x8d5\x84\x82!\x01Zz\xd5\x8f\x98\xbf\xf5\x08\xf6C\
T\xf7\xf9|\xa3\x03\x1f\xd5\xbaj\xef\x1fo\x9ckj\
\xfa\xc7w7\xbe\x99\x83\x9c\xa0\xb4\xa4\x14@\x22\x80\x06\
\xe7\x0e\xcc55\x1dxo\x14\xbec\x87o\xc7vB\
&\xde\x91\x0b\x5c\xf3\xf9\xf4\xea\xdc\xdc\x96P(\xd80\
\xeb\xaa\xad]\x18\x12\xd2\x93\x1c#9\x14W6Ra\
#\xc3\xdd\xe9\xc0\xa5\xaf\x80\x01\x930l|\x18A%\
\x01\xb1\xc5k\xf7 n\x84T \xd0\x0d\x81~\x9d\x03\
+=\xc2\xe5\xb0\x13\x05\x11\x00\xef\x0d\xe8\x02l\x86B\
\xe4\xf0\x16\x8a2\x22\xa4\x0f\x8f\xcc\x9c$h\xc3\xb6\xe5\
\x06o9a\x9cdj\xa4\xbaZ\x10t\x8b\xae\x1cn\
x\x12\xb6q\xf1`\xf1\xdaC\x7f6\x89|d\xe4\xcd\
\x18\xdc\xc9K\xcd\xe4#\xc8\xe9'\xbb)\x8a:_$\
Bx\xf9\x04\xf1\xd1@\x18g4\x8bv`\xd2\x88\x91\
\x9ed\xfaii\xe0\xf4\x19\xbc\xfc\xe0\x0a\xe0#4\x0c\
|\xce\xc40\x9d\xe7)\xca\xd5\xe7\xe0\x8d\x8c\x9b\xe7\xdd\
\xfc\xd6'30\x0f\xccX\xfb\xa4\x5c\x8c\xecJ\xd8\xb6\
\x02\x0dBXJ\xa4\xc8\xc6\x0d%\xd9kT(\xea\x0b\
\xf3\xbf@'\xc6\xb5V\x10\x05T1\xff\xb9\x16\x9dH\
\xc6Zk|Ej\xff\xbc\xf307\xd6\xef\xc0n\xba\
!5\x02\xa3\xf5\xe9\x01[\x00\xf2\xc1\xea\xea\xfa\xd0\xf5\
\xa9\xcb\x97O 0\x8c\xf8 \x22\xfe\x03\xf5\x7f\xe3\x9c\
\xce\x8f\x1e|\xfb\xd9\x8d\x8fsz\xb8\x87M\xb7\xbf\xfb\
\xfe\xfb\xdbs\xa5y\x88\x0a\x16\xcf\xdd\xa78\xd77\x10\
\x05\xa0a\x8c]\xe3\x1d;\xc8D\x09\xf8\x94\x5c`\x8e\
\x09-\x90\xf6\xb9\xa6\x87t\x81T{J\xc4\x1f\x0e\xa7\
\xe3\xa0\x17\xe6\x800\xb1\x93\xee0t\xd0\xfb\xcb\xca\x9c\
#3\x1c\x97s'b7 \x8c\x9f\x1alh\xe8o\
\x08\x06\xe2\x03\xa9\xf1\xa0\xff\x02\x81\xc0Q\xe8(\xc4\x86\
n!i\xd4\x16\x8a\x5c,\x8c\x07p\xfe\x10v\xb1?\
\xf3\x031#)\xc9\xee\x88\x87\x91\xea\x99\xf0,\xd7\x93\
\x93\xe3<J\x0c\x80\xd4\xe4p\x9e\x02\x01\xf1\xe1~\x93\
\x83\x86\xa37#\x04\x00\xae\x1d+A3/\xd6p\x22\
\xacg4\x9b\x0b#\xfd\xfd\x9e|#\xf3\xe8|\xf1\xba\
\x83K\xc7X\xbe\x98\xdb\x8be\x1e$\xfcih\x01\x1a\
\xc6\x8d\xd5\x1f\xcf\x83\x0d@8\xd0\x98Li\x8c\xc6,\
\xf0\xa1\xfd\x14\xe5\x9a\xe9\xd4\x9a\xe1\x8bf\xde\x94\x09\x0e\
\xe0\xb5\xb5\x19\x19\xff\xb9\x0c\xd5\xf7Q\xca\x5c*\x97[\
a\xd5\x94\x026\x1e\xa9UV\x89j=n\xd6\x80\x88\
\x80\x0f\xc0\x83\x90\x14\xaa\xf8\x15\x1c?\xfe\xda\x9c\xd2\x91\
\x1a\x04<.\x9c\xda\x86\x17\x0f\x08v \xae\x12\x08\x04\
\x84 0<[\x02\xf3\x5c\xad\xf3Z\x08/?\x9a\x01\
\x18\x80\xd7\xeb\xab\xf7zG\x8fMq=9_~q\
\xee\xfb\xe3\xdfQ=\xdc\xb9\xe3ss'\x1bK\xbb\x8a\
\x0f}\xf2\x90:z\xf968\x85\xe2b\x82\x19\xfdq\
\x0f\xe4\x02?\x00\x03\xc0\x1c\x13lm\x9e\x22P\x96\xa1\
\xdb\x22m\x1dE\x06Cj\xe0\x11\xb1\x8f\xcc\x9b\xa7W\
TD\xc2\x11\xff)\x0e\xca~\x03\xb6\xecm6!\xd2\
\xed\xe4\xb8k\xfd!d\xf0 \xb4\x0bN\xbf\x10\xb9z\
\xe8\xe0iB\xcb\xd2\xe9\x08\xca\x93\x94\xd4\x16\x0a\xb4\x08\
E\x229c\xf1\xfci\xba\xd3PFq\x5cw\xf0\x16\
\x0c?8/\x8fT\xe7\xf2@\xc2\xc4\xc3\xcc\x07dg\
\xa3I\x03u\xbd h\xcb\xb5\x90\xc0\x99y\x9d`\x14\
h\x12\xda\x05\x11\xcf\xfb'\xc8VDqi\x9a&]\
\x5c\xb3I\xcc\xe6\xd0\x04x<V\x8df1\xbb_\xfc\
\x801\xb1&S\x1a\x96x,c\x82T\x90\xd1\x00\x04\
\xa4\x81\x10\xa0ax\x9e\xe7\x0b\x0b;\x8at\x0c\x83\x1f\
\x9b\x19~\xd3\xba\x0c\xf8\x95\xb1n\xed\xcfp\xe5\x8a\x0a\
\x97\xb7)\x95r\xc8\xf0\xd4\xb0\xc6-Q-\x95\xa8Q\
\x06\x1f6g\xa3>\xbf\x12\xb7\xcf\xa1\x8a\xff/2\xf0\
\xb16c\xed\xcb\xf1\xe9\x1d\x80\x03\xa5\xc3,_:)\
\xa0`\x12'\x1dL\xa0 x\x7f\xe2\xd2\xe9\xe1\xfa\xee\
\x99\x19\x1f\x8e\x82l\x07\x0b\xd8^_\x0f\x9d\xbf\x01\xdf\
;\x9f_\x5c\x98\xe2\xca\xcan7\x1d\xca:\xf0\x8fs\
\x0f\xcf}{{\xeah\xce\xc3\xe3w\xef\xde\xfd\xeex\
\xd3'\x9f\x14\x03\x9b\x04\xce\x1f\x10\x83\x07\xde=\xa4Q\
\x84\x8f\x96j\xc2\x1f\x15B\xa1@(d\xab8\xcf\xd5\
\xba\xc6#I\x8b\xba;b\x22\x98\xde\xe1\xf1G*\x0a\
\x82\x01\xfb\xcc\xf8\xccH\x1b\x12\xf0\xe0J\xb7\xc1\x04\xfe\
[#3\xbd\xdd{=\x88\xd2\x03\x9cg@L\xc6o\
0$\x01\xf16\xc9nO\xe9\x9d\x19\xe9M-\xa4u\
:sd\x86\xe2\xb8\xb3\xf1\x9d\x90\xda-2-\x8dF\
\x9d\x9dN\xf2\xfb#\xa9\xb9\xf5\xd5B(\x18\x0a\x09\xc0\
e\xa4\x05\xa3N\xbc\xd2F\x1d\xdc\xdb|#M\xc7\x8f\
/L/\xe4\xea4\xc4\x9bk4F\x9a\x06\x04\xcf\xcc\
\xe3y\xf3bd7b\xac\x87\x8c\xc0\x0cM\x1d\xf2b\
\xf3b\x01\x87\x19\x001\x00\x12\xe1\xf1\xe8\xe1\x963\x0c\
\xc3\xb2\xe0\x02\xf0\xca\x9b\xcd\xe4\xab$\x13\xd0\xf0@\x05\
\x80?\xd2\xd2L\x0c\xc3\xbby\x9e\xe1\x19\xcd\xe6_f\
\x10\x13X\xfb,l\xfaB\xa0?\x9a\xac\xe1#;.\
`\xde\x17\xd7QA\x1a\xb8\x1e\xd7=&\xe2B\x0e\xec\
\x04\xa9\x9f\x85\xe3_\x07\x06\x10\x87\xb8+q\xbb\xe9\x05\
@\xbc\xc1O\x02\xfd3\x87'\xce\xce\x86\xb9\x9e\xda\xc3\
#c\xa7'.t\xa3\xf7\xc7\x07\xb6\x09\xeb}\xbe\xea\
\x8f\x9d\xb5\xce\x8f\xdf\xf9\xe6PSSq\xf1\x81\xa6C\
\xb7o\xdf\xbe}a\xca\xf9\xf0\xf8e\xael\xeaP\xd6\
\xa1\xac\xac\xbb\x97/_\xfe\xc7\x1c$\x05\xc5Y\x07\xde\
;\xfe\xea\xa8\xf7\xab/\xbf<Q_\xbf8c\x1c\xba\
~\xfa\xd2\xe9\xeb\xe9\xbc\x10\x99\xe08\xe7\x8c\xdf\xbe\xc8\
\xf1\x83\xd3\x8f\x0f\xd1\xf1#N\xceE\x8d\x87\xc6\xee\xdc\
9!\xd8A\x1e,\x05\xdb3\xf6\x0e\x7f\xa4\xbf\x01z\
\xd6\xb3~\xc1\xaeK\xb2A\xb6\xa6\xf1_\xe5\x5c\xb5\x13\
\xfe|\x1a9\xbbI\x85\xfd\x13\xceZ\xd7\xcc\xa4\x10\xa2\
\xcd`1\xce\xa3\x81B\xc4k\x16\xdb\xb9IX\xb5\xd3\
:# \x1f\xd0\xb6\x86\xe3G\xbc\x1fq\xfe\xc5.<\
o4n\xf4\x8f9{\xa8\xe1\x22\x9e\x5cp\xba\xb3\xb3\
\xc8\x0e\xc7\x9co6\x9ay\x9e1b\x9f\x06^/\xfe\
fF2\x8f\xc6\xfc\x03\x8e+\x82yfr\xc4\x1ar\
\xf4\xa6\xc5\x82_\xc3\xb0p\xdaF3\xa338:\xf3\
\xf1\xe8\xd9\xc5b\x80e\x19\x8c\x08&\xf1\xdd\xcd\xb8\x19\
\xf6\xc7k322^[\xb7.c\xed\x86D\xe4\xfb\
\xe0r\x02\xa2T\x9e\x88\xa3\xbe*\xb5UB\xc4\xbep\
\xd5\x09\x06\x06\x91\x0e\xaaR\xab\x1f\xcb\xc8x-\xe3\xb5\
\x8c\xb5\x19\xbf\xd6w\x10a-\x94t\xc2<\x1a1\xa1\
P\x03\xe8t\x8c\x05\xa7\xa7\xa7\x17\xc2\x13\x5c\xad\xb3\x1b\
\xa8~\xdb\xeb\xc5\xc1\xc0\xbe)'W\xe6{\xe3\xad+\
\x97\xbe\xfb\x9e\xe3r\xce\x1d\xcfj\x02L\xe0\xdc\xf1\xa6\
\xe3\x9f4\x1d\x82\x96\xe1\xff.\xed*\x9e;\x97S6\
\xf5]ciVi)t\x8e\x1b?\x19\xf5]>\x9a\
\xb3\xff\x87\x9a\xd0~\x93\xeb\xe1\xa6+\xfa\x04\x18\x0a\x0c\
\xa4\x03dk\xb0\xdb\x82\x81\xb6\xb0\xdf\xef\x0fw\xcf\x8f\
O;\xa9Zn\xbc\xd7\xd9\xe3\x9c\x88\xa4\x84\x90\x96\x91\
bH\xc5\xf2\xce\xd4?}x\x22\xe7\x96_\xe3\x801\
\xc3\xa2\xce\xce|\x0f\xccfO\xf4\x93\xfc\xaeP\xd7\xe9\
\x1f+;?\xd5[\xc4C40x\xfc\x11\x0f\xd0\xef\
\xa1\xea7\xfe\xf3\xfc\x158|\xc0p\x8dX\xc7!\xff\
\x8e\xa6\xc5b-\x9fX\x80\x8e)\xba9vgl\xb8\
\x08/\xb5;\xb2\xc0Q\xd4\x82\xc7\x9dD\xdbu\x8e\xbe\
\x91\xde>\xc7\xff\xaf\xc0C\x1e\x97X\xdf3\xa6\xc5^\
\x9e\x88\xe6\x89\xe9\xbdX\xeaA\xc4\x17?\x84\x00`4\
\xb6]\xe3r\xa8\xf9I7$\x89h\x06\x10\x14X\x86\
\x11_\xc4\xb2l\x1a\xcb\xb85\x0c\xfb\xd3\xb5\x19[\xc0\
\x83g\xac\xfbI\x22\xae\xd2&\xeb-pW\x05\xac\xff\
C19\x89Z\x5cj\x94\x88[\x1b\xd5\xb8>\x1eV\
\x9c\xa9\xd5?\xcf\xd8\xb2\x05~B\xc6\xda\xb8\x94\xc5)\
\x8e\x0e\xe4\xe9\x81+\xb0\x0b\x81`\xff\x0cL\xed\x16\x84\
\x84\x90\xcd1??>\x8dH\x1e\xf1\x02P\x0e\xbc\xc5\
qG\xcfl\xf7\xf9\xee\xdd\xfb\xae\xac,\xe7\xdc\xf1\xe2\
\xa6O\x1e\xbe\x7f\xe1\xee\x81\xaeC@\x1c&`Pq\
\xc9?\xfeq\xfbvVi^\x174\x8eKK^z\
\xef\xde\xe8\xc5\x85\x85\x83\xf5d\xbet{\xfd\xf6\xdc3\
\x17/^\x1c&m\x82\xdcP \x04\xf5_ \x10\xa8\
@\x9e\xe6\x0c\xd7\xe3\x1a\x1b\xe9\xed\xed\xad\x003\x9cO\
\x09\x89t\x5c[R\x12du4]\x98\xd4\xe9H\xa1\
'{9\xca\xc9\x8d8l\xc1\xa2\xa1\xe9\xd9\xd9[\x88\
\xf1\xc0\x04\x0e\xe4\x04\x85\x0e\x1a\x9b\xed\xd0\xbc\x87\x0c\x10\
\xae%\x90\xb4\xc8\xe0MR\x92@\xeb\xf2\x05\xcc\xec\xcc\
P\xc7\xd1\xb4\x0e\x1c\xfe#\x0b\x10o\xae\xd1,\x18\x05\
\xde\xcc\x9bi\xe8\xde\xb8#7\xa9\x1eD\x88\x8d\xb9\x9e\
qg-5Qd\x16\xcc\xac\x9b6\x1a5\xff\xe4\xec\
I\x95\x07\xc7\xf6\xa8\xbd\xa7\xe11\xfbc\x18\xb3x\xfe\
$-\xc4\x00\xc0\x9ax\x9ewO\xde\xa1\x5c\xae\xeeA\
-\xa9\x04\xc0O\x00\xee\xf3\x08\x1bHKc\xd2X0\
\x03\xd3\xd7k3^\x83\xf3[\xb7n\xc3J\x5c\xab\x0a\
\xf3\x9d*Q\xf3\x838\x00\xb5R\xa2\x8e&S\x83\xb8\
p\x1c\xd7;\x11\xad9\xb5\xfa\xd9\x9a\x8c\xd7j\xb6d\
dlyn9\xdcxPZ\xb1\xf7\xcfC\xcb\xad?\
5=<3>>\x0e\xad\xf9P \x08\xa4\xbcT\x9b\
\xd0\x82\xf80\x9a@\xee\xf0\xe5/\xdf\xfaX\x10B\xb9\
 \x19\xd04\xd7t\xfc\xde\xf1\xf7\xb6\x9cl\xca\xca\x02\
\xa2\xe8\xa1bL\xfa\x8a\x8b\x8b\xbb\x8aK\x8b\xbb\xc8\x87\
H\x18\x98\xbbM\x95MM\x0d\x93\xb2pq\xc6\x98\xb8\
\x82\x96\x16a\xe6\xd2\xd8\xe9/\x1bf\xb9\xf39\xdd\x93\
|d\x04fq{o\xcd\xde\x1ao\x08\xcf\x9f\xb8z\
s<\xd8\x12BYHb\x03\x84\xb8G\xb0{\xbb\x87\
 \x8b\x10\xfe\xfb'\xb8\x9e\xb3\xa1\x02\x9c\xbb#%\x1f\
\x8d|=\x04\x01 ),j\x19\x19\x09u\xc0\xc4\x0d\
V\xf8\x80\xe6$%\x11\xd4\x9e\x86\x80\x0e\x9d\x19\xb3\x8e\
\x14v\xf9\x8b\xb5\x1df\xfb`\x1f\x02\xc4\xf6\x8d\x1a\xb3\
N\x18\x09\x8d\x18;\x19\x9e\xe6+\xba)\xce\xb5\xbfM\
h\x09\xf5\xb5\x14\xb2\xa4uK\xf8;\xe0\xee\x17\xaf\xf9\
#\x03X|\xca\xc4\x88\xe7\xab!\xf9^\x1a\x9b\xc6\xb8\
\xdd\x1a\xc6\xbd1v$\xd4kI\xb3X4\x8b\xaf4\
\xa1Q-~\x02\x0f\x965\xb1\xec3k\xe1\x0a\xaf\xcb\
\xc8\xc8\xf8I\xf4J\xa5\xe4\x87\x9d\x94\xd8\xeeQ`\xed\
\x87\xca\x01\x84\xff\xa7F\x95Y\xb2\xde\x05\x9fy,c\
\xddk\x90\x06\xd4\xfc:\xb9(%\x1d\x04K\xd2C\xfd\
\xf3\x9c\x8b\x1b\x83\xda\xfb0\xd7C\xf5z \x17\x04\x89\
\x9fxl\x12\x09@\x18\x03\x17\xd02\x9cs\x98\xdb\x8f\
^|\xc7\x8e\xd1\x93\x9f4}\xd2\xd4t\xe3\xc2\xe5\xa9\
s\x07J\xbb\xba\xba\x8a\xbb\xc8\x81Ck\xa8\xb44/\
/\xaf\xb4\x04\xe8\x03Y\xc5\xc5M\xdf89n\xaa\xcf\
\xe7\xf5yw`\x9f\x80(\x0d`V\xb8}\xfb\x0cW\
\xcbM\x85\xefp\xb5\xd4\xb8\xdf\x1e\x01RP\xb0a\x81\
\xe3\xb8[\x0d7a\x06\xc0\xaf\x0b\xa6\xa4\xa4B_\xde\
@\xb8\xd9v\x11\xce\x09\xd8\x0c\xf1\x9e\xfe\xa1\xfe\xde\xda\
Z\xd7\xe1\xee\x9b\xb37O\x08\xf6\x90\x8d\xa6\x93l\x01\
\xbb\x8e\x90,H\xb4\x87\x92\xbe\xd3\x03\x22q3\x0e\x1d\
\xc0\xb6\x00\xe7\x1b\xe1\xf8a.\x03\x8e\xd8\x0cE\x1f<\
\xccF\x1d\xfe\xab\x03AG,\x06\xa1a\x07\xf0\xad)\
_W\xe4\x99t\xd0\x82\xd9\xa4\x11\x8c\x8c\xd9h\x9c\x9c\
\xf4\x14\x0d\xcd\xbb\x5c\xd4\x1d\x8fl1\xdb\x13A^\xd3\
\xe2\xc5]\x0c\x01f\x93\xc9\xed^\xf4\xe7$\x05dX\
\x96t\x7f \x1c\xf0\xee\xc1kN\xae\xacOgq\x13\
,\x80\xfc\x00\xcc\x1c1^h\xb0\x19\xc4\xb0L\xda3\
\x18\x02\xe0\xb1!\x0a\xe7\xbc\x95\x8f6\x17\xc9\xa5\xb0\x87\
\x1a\xd7;(\xa2q\xc7\x85\xdaj\xb5\xc2\xfa\x12<~\
\xb29\xe7W\x19\xafed\xd4@\x08\x88\x8d\xc79\xed\
\xb6\xa1\xa1H8\xdc\x10\x06\x1d\xc5\xd9\xd9\xb1\xb1;\xa1\
\xb6`0%\xa5#%%\xbe\x08\x14[\x02\x01[\xa8\
`x\xbc{\xa6\xa5~\xf8\xc4\xec\xec\xc7;v#\xf1\
\xcb\xe7m\xf5\xfaF\x1f|{\xd4\xe9\xbc\xff\xc9\xa1\xe2\
\xe2\x03\x90\xf1\x17\x13\xb6PVVq^\xf1\x81\xe3\x88\
\x04\xec\x81\x17\xee\x008\xc9\xeb\xf5m\xdf^\x8d`\xd2\
\xf6z\xa8\x0a\x00\x5c\xf0m\xaf\xff|\xe1\xf3\x8b\x85\xbd\
\xdd#\xe3\xbd\xfe\xee2\x8a\xbb\xd3\xdf\xd2\xb0\x80\xf3{\
W\xaf]\xf9\xdbx\xbf\xc3a\x0f\xd8\x882k!A\
sh;m\xb3\x19<\xfd~Ogj\xc81\x03\x12\
I#\x9d-|\x1a\xf4\xe8\xectJd\xc8\xefw\xd8\
!\xa9\x83\xd1\x1a\xec\xd1\xeb\x0cm\x97\xa8\x9c\xa3#:\
L\xd1\xe8$](\xc9H\xc7{<\x1e\x87\xd9\x0c\xa7\
l&d\x1ch\xe5i\xcc\x9a\xfc|\xb3Y\xc0\x97\x92\
\xca_g4\xd3v\xde\x83 O\xe1F\x80o\x91\xd8\
\xa13\x9a\xf9\xc9\xebGOS\xb7\x22\x09\x22\xf4\xf7\x08\
\xdd\x173=\x0dC\xbe\xc0/\x96\x00\x0cI\xf2\xe15\
ip\xa1\x191\x11t\xa7\x0d\x82tDK\xa7V\xb3\
X\x0e \x18\x00\xf8 \xbc\x9b\xf0[\x196\x8da\xff\
\x05\x93@4\x80\x95Q\xb8\xe6*Q\x5cq\xab\x049\
1\xb2\x91Q\x92\xadV!\x05L\x81\x1bY\x94\xa8\x04\
$\xc7\xbde\xbf\xca\xd8\x92\xb1\xa5&#\xa3\xe6\xb9\xad\
\xf1\xe9\x1d\xf1\x81\x08\xa8\xef\xf4\x04\x83\xe1;\xa0\xca9\
\x14(\x08`Z\x18\x1fo\xd0%\xd9S:\xd2\xe3\x0b\
\x02\xa1@x\xc2I\x92A(\xe1D\xc6X}\xfdv\
\x9f\xf7\x01\xc0\xc2\xdf\xdd\xbd\xfb\xfdm<| \x86d\
\x1d\xf8\xee\xdc\xdd\xbb\xff\xc8\xea:\xdeZW90:\
:\xfa'\x10\x18!S\x04\xa7\x9ce\xces\x04N\xda\
\x81\x14\xd2\xbe\xd9\xbf]\xb9\xd2\x87\xfc\xd1\x96\xdc\x96\x08\
\xb0D.\x15\xb4\x18\xe8\x91p0\x5c\x91\x9e\x1a\x1e\xcb\
9\x5c6<\x18\x12\xcf\x9f\xb6\x89\xe7\xaf\xb3\x87\x86\xee\
p\x5c\xedM\x8f\x10\xa8\xe8\xed\xed\xedMb %\x87\
[\xef\x98\xe1\x5c\xb5\xb5\xc3C\x0e\xa3Y\x03X\x1e\xc6\
x#\xad\xd1u\x169\xcc\x8b\xae\xddh4Z\xfcW\
\x9cN\xe7l\xc4\x8d\x89\x9b\x19n~\xbe\x91\xa4\xff\x1a\
\x8d\x19k|,\xfe\xddf\xbd\xc9h6\x0a\xfc\xe0\x0c\
\x05\xd3?I\x02cA\x9c\xc7\x8cD0M~~\xfe\
F7/&\x0d\xe4\xd6\xe2\xd57\x11l\xffQ\xdd\x87\
\x85=\xc3ZdZwny\xb9\xb6\x5ck\x91Y\x18\
\x86q\xbb\xc13\xf0\xbc9\xbf\xaf\xb7e\xf7\x11\x80\x04\
\xb0=\xa4A`\x80\x01\xbfA\xee\xbe\xc6\xcd0n\x96\
q\x9b~\xbc\x16\xae/8\x81\x0d\x12\xa5\xd5\xaa\x80j\
O-\xc1E\xe8\xb8\xf4\x0c\xb7LKp\xcf\x99\x1cv\
\xb4Ia\xc3#nM\x815\x18X\x05dd\xd4l\
\xc9\xa8y\xae\xbc#>\xbd\xc0\x86\x9c\xab\xb2`\xb87\
\xdc\xd0\xd0\xe6\xa9H\x05\x01\x07(\x0d\x22-3#3\
\x86\x8e\x94\xf4\x82p\xef\xcc\xc8\xe9\xb2\xa3G\xbb\x8d\xd5\
B\xcb\x0f\x19!$t\xde\x07\xc7_=\xfe\xe0\xfb\x9c\
\xc39w\xe7\x80%\xf4zVVVi\xd3}*\xa7\
\xec\xf6\x81\xae\xae\xae\xbc<\xe8\x0f7\x1eo\x1d@\x03\
\xf0n\x87\x03\xfe\xb2\xda\xbb\xc3\x87\xcd\xc2\xed\xbe\xfa\xbe\
\xcbe\xb5\xfb\x81/\x80\x8c\x81\x5c\x180\x0b\xf4\x02\x0b\
0D\xe7\xdbm\x9dCw\xb8ZW\xb7\x87\xf8|\x18\
\xb8k\x03\xe1\xc6x\xdan\xcf\xf7_q\xb9\xa8\xcf\xc3\
|(\x14\x12B!#\x1e\x87\x91\xa6\x85\x8a^'J\
\xa9\x9f\xaf\xb0\x0b\xba\xfcG\xc99\x9e\xa6\x88\xf3\xeax\
#-0\xfe\x9b\xaeZ\xd7\x82\x9f\x87\x1b\xcec\x89\x9f\
\xaf[$\xe3\xf1\x04\xda5\x9by\xbe\xe8\xfa\xf9\x89\xc3\
7\x8b\xb4\x82n\xe3\xde\xde\xde^\xda\x98\x04R!)\
\x18\xf2\x01\x10\x02\x98\x17\xd0\x00\x9e\x17\xd3?\x0d#\x02\
>\xff\xe4\xc2\xf1\x0e\xbb\xddZ\x02\x83\xf5-Bb\xe5\
<\x03\x08 \x18\x81E\xeb.\xb7hy\x1e\x12\x03\x04\
\x81\xd3X\xc6\x84\xf5\xbf\x9ba1a\xd0\xc0\xeb\x18\xb7\
i\xc5Z\xf1\xfc\xb7l\x805~\x98\xf6+p6\x08\
\x99?(\x02-\xc7E\xcd\x8b\x0b\x19a\xd9\xda\xe2\x92\
<e\xf6c5\x19[\xc0\x00\xb6\xac{\xb3\xa8\x7f\xa8\
?\xe2\x98\x84\xd8\x0f\xe2>\xd4\x1d\xa0]\x92\xbeZ\xc0\
\xd10\xc6\xd5R3\xfd\xa1\x10pw\xb8\xb3\xe1p\x10\
\x09#\xb9@\xf8n\xa9\x17eB|\x03\xa3\xa3\x0fZ\
o<\x1c\xfb\xe2\x8d\xd1\xbf?\x18x\x00m\x81\xbc\x03\
\xdf_x\xf8\xf0Fqi\xe3\xdc\x5c\x16\x94\x00\xc5\x8d\
'\xa1{\xf4\xc0\xe7\xf5\xd5\xef\xad\xee\xdb\xbe\x032\x01\
\x1f\xa1\x9a\xf8>[X\xf8\x9c\x88\x8f\x11\x1e\xf9Hn\
\xf0<\xe7t\x8e\x14\x99\xedv[\xa0\xa2\xb7\xbb\xb7\xdb\
\xdeA\x18\xf9 \xbcXQF9k\x05\x07$wm\
\xfd\xe1H\x8a=\xe0p\xa4\xdaI\xf7\x1d\x80[\xc1,\
\x04\x22\xff\xf7\xff\xbc\x96;k'N\x1c\x09\xb7\x80\xe8\
\xf2\x00\xd1\xe9\x80\xa7\x03L,\xda\xa8\xd1\xc5w\xa4t\
8\x80\x9d%b\xf7\x9a|\x9d\x91_\xac\xe9H\x11\xcf\
h=W]=\xd4\xb5A\xb7\x99w\xf3-<:\x02\
\x8a\x1b\x8b\x90\x9fM\x9a~p\xfap\xdc\x8b\xc5?~\
\x88\x17\xdfh|\x94\x0f2\xac\xb6\xba\xbe\xafo\xefp\
\xefp\xdf\xf0\xde\xe1>\xfc+k\x01\xdc\xe3\x01\xf3\x81\
L\xd0\xcd&[\x18F\xcf\x00n\xc8\xea\xd3\x00\xffI\
3\xb9I\x01H<\x8b\x9b\xb1\x98V\x10\x0f\xb0eK\
\xc6\xcf\xa3a\xa9\x98\x82\x88\x89+\xa3\xc5%_\xa0\x1f\
%\x97\xa8\x95H\x01\x07\xfdWE\xe2\xa2\x94\x08\x18\x80\
\xfa\xb1\x9a\x9a\x1a\x08\x01\x19\xeb4\xdd\x1c\xe7<\x1d\xee\
\xbf56vxf\x9c\xab\x05\xde\x05\xb4\x85\x81u\x1b\
\x8c\xef\xbfRv\xb8\xeczx$\xd80\xe3:[6\
\x01\xe7\x8f\x8c\x91\x5c!P\x10\x08T\x13h\xa0\x1e\x9c\
\xb9of\xfa\xd6\x89w|\x03\xad\xad\xa3\xaf\xfeu\xee\
dVq\xf1\x81\xe2\xae\xae\x03\xb7\xcbr\x9c\xe7N\xe6\
\x91\x16AI\xf1\x81W\xbd\x8f\x1e\xc00\xf1\xb5\xee\xf0\
\x1d<x\xf5\x22\x98\x85H$O\x0d\x04B\xf5\xf5\xe9\
\xfb\xa9\x9c\xa9`'\x1d\x00\xc1v[(h\xb3%\xd9\
\xed\x11\xbf\xc7\xd3i\xa7=\xbd9\xe7\xcb\xce\xe2\x18\x16\
Lc\x18\x8c\x91\x99\xb2\xb3\xb5oUhp\x18\x0b\xdc\
\xb8\x89\xa7\x03\x97\xa08\x98j)d\x8c\x82\x88\xd5\x92\
\xee\x8a\x06\xa3\x02!a\x02\x06\xc0\xe0\x93f\x8dn\xb1\
\x5c'\xe4\xdd|\x11\xdc71\x1a\x9e\xe7\xf3_\x9e\xef\
\x9e\xdf\x9b\xcf\xf0f\x80b5\xc9Gz]e\xdc\xa5\
6\x86\xa0>`/\x1a^cf\xcc$\x02\x98\xf1\xae\
2\xe4S\x0dV}\xe0\x0b4\x1a\x96\xd5\x96o\xef\xeb\
\xeb;\xf1\xfe\xd8\x97cc_~ym\xa6oo_\
}9T\x98f\x1e\x1c\x85;M\x9f\xc60:\xc1\x96\
n\xd0\x99\x0a;\x22\x91\xa2|\x16\xbf\x1dJ?\xc0\x86\
 \x98\xb0\x1a^\xf3\xe3up\x80`\x00\x1b\x12U\xc4\
\x00p\x07\xa9U*\xb7*\xa31\xce+\xa3$\x8af\
)\x8c\x91\xe3\xa6\xe3(\xe5\xe2\xf6U\xd8M\xf7,|\
7\x1a\x80\x00\xa2\xcf\x87\xc3\x0dw`0\xaf\x01\x9an\
\xa0\x96\xe9\x80\xdf:\xe2A\xa25\xdc\x16\x99\xa0\x9c\xdc\
L\x7f\xb0\x22\x1dg\xf7Q9\x17\xb0\xd82\x82\x0dA\
j\xe7\xab\x1f>\xcd\x1d.\xbbX\xef\x1b\x80\xd6\xcf\xc0\
\xe8{\x90\x0a\x1c*\xce\xba}\xa1\xac\xec\xdc\x5ciI\
iI\x1e \x03\x8d\x0f\x06\xbc\xa3\xe4\xf8\xbd\xd8P\xf0\
n?\x05(\x0f\x12\xc9\xe1\x97p\xd5\xe9\xcc\xb9\x16\x12\
ZB\x81`E\x88&\xcd[\x98\x8c\xb4\xdb\x1dvH\
\xf4\xf6v\x86l\xf6\xb6\xb6\xb6I\xec\xd8\xe3\xe8\x8e\xe0\
\xef\xe5\x5c\xd4XX\xb0#S\xdbL\x83>\xc8\x91#\
\x93\x93\x11\xcf$\x1c'\xfd\xc3]6\xf2\xda8\x86\xa4\
\xe4\x90\xda\xbbeqz\x8d\x996\x82C\x80\x98/v\
h\xff\x09\xb9\xc1B\xc0\xcc\x1b\xf9rK\x5c\x1c\x0b\xb7\
\x9c\xe0\xf1\x9a\xa2\xce\xc1N\x84\x8b\xc1(D\x14\x88\x07\
\x1f`\xc6d\x0d3v(\xed\xc5J@,\xfc\x18m\
}\xbdo\xb8\xef\x1a\xea\xce\xd5re\xdd\xbd\xbe\xfa\xbe\
\xea\x5c32A\xdc\x964\x93I\xcf\x96\xcb:\xf7S\
\x145\xec\x01\x16\xcc\xe9N=\x8f\x06\xc0\xb0ii\xf0\
\xc6\xba-\xac\xc9bzf-\x1a@\xcd\x96\x8c'\xa3\
\x89\xea3\xee\xe7\x02\xfe/Y\xc9&\x81\xdd\xf5\x12L\
\x00\x9b\x81\x0c\x22.\xc3S\x88\x9bw\x7fR\xd3\x0e>\
 \xa3\xfd\xb9\x960\xe2\xeda\x18\xbb\x19\xa9\x00P\x0d\
\xbb\x81\x11@\x88A\xca\xa7 5\xb5\x1fJ\x83\x11h\
\xcd\x02a\xbf \xd2\xdf\x1f\xae\xe8-\xe38gHh\
\x11\xf6\xbeu\xed\xad/\x86}\xbe\xea\xd9\xf7O\xbf\x7f\
\xaa\xfe\xb3\xaf\xbe\xfa\xe8\xc1\x83{\xf7\x9a\xb0\x0bP\x5c\
\x5c<\xd74W\x92W\x92'\xb2\xc8\x8b\x0f\xc0\xb0Y\
S\xd3\x81\x03\xa3\xde\x01b\x08\xef|u\xe5\xda\xc7\xf5\
\x98\x12\x02\x87\xf8\x14\xe8\x8a\x09\xa4Q\xc0\xf3\xb4]0\
G\xe6\xef\xcc^\xeb\xf6\x98;\x1de\xd0\x12\x1d\xb4\x07\
B6{\xc8 \x8a\xec\x80\xc0F\x91\xbfo\xa4\xb7\xbb\
3m\xd0\xe3\xf1\x14\x9auE\x87A\xacn\x92\xc9\xdf\
\x085 o\xcc\xd7`p\xd7\x18\xcd\x9d\xd5\xf3\xe3\xf3\
\xc3\x9d&\x8d\x0e`\xfd\xf8\xf9[\x0b\xb3-\x9dP\x89\
\x99\xf0\xb0I\xee\xf7\x88\x88/\x96]\x1a\x86\xd7\xf0F\
^,\xe7x\xf4\x08&\xb3`v\x14\xf9#\x0e\xf0\xfb\
:d\xfb\xc2\xb5\xe7\xe1\xe2C\xc3\x8eaM\x0cDm\
\x0d\x8f\x0d~\xc8\xf2\xd0\x07Xr\xeb\xeb\x87\xcf\xf8\xc0\
\x00\x9c\xb5\xb5\xce\x9c\x99>\xdf\xde\xbej\xb7\x06\x83\x87\
[\xc6\xb2\xf9\x8e\xce\x22O\xd1\xd9\x9c2j\xaf\x1f\xf4\
\x94&:LF\x93\x997!\xfc\xc7\xb2\x98\x01\xeaY\
\x99\xe9\xeb\xb5x\xfdkj26D\xa3\xe6\xb3\x02w\
\x89\x90m\xd5p\xd6\x890\x0e\x08H\xa05[!E\
\xce8\xca\xcd\xc3\xfa\xb7h\x85:\xfb\xd9\x9a\x0c\x0c\x02\
\xed\x19\xe5\x1d\xa0\xd6\xd2\x91\x1e\x0c\x85\x0c\xa1\xf4\xd4\x94\
\x82\xd0\xd0\x02\xc5\x01\xe36\x88\x081pd+\x22\x93\
C\x87kk\xb9i\xffFC\x11T\x8a\xce\x99pE\
\x18\xd4<z\xed\xf59\xb5\xdc\xf9\xbej(\xeb!\xa0\
\x8dq=9\xdf<\xf7:\xcc\x10\x00\x08\x04\x14\xc1b\
\xe4\x09\xe4\x95\x96\x16\x93Y\x12\xec\x0e5>\xf0\x0e\xb4\
\x0e\x0c\xd4\x0d\x8c\x82\xbf@\x01B\xdfv\x04\x1a\xaa\x85\
PHL\x8fPe\x80\xef\xc7\x01!?\x1f2\x14F\
\xc2E\x9d\x85I\x81TDu\x00\xb2G\x88\xce\x83\xcc\
\x91\xc9\xb4#\xa7)\xca9\x93_\xee\x99\xe08\xd7\xfc\
$C\x08\x9b\xb4\x11\xd9\x17\xf9\xba|\xa3\xd93\xee\xec\
\xe1\xaeuZx\xdeb\xe1\xe9\xc8Xm\x8f\xeb\xe2\xa0\
\xdb\x10*\x08\xc4\xe7\xb3\xe8\xcd\xcd?\xd0\xf0~\xe8\xd6\
AF\xe6f\x88S\xe7!;3\xf1|\xc2\xe4-\xe0\
)\xb6\x95\x97#\xd9\xd3\xd5w$\xd7l\x22\xb1^\xc3\
 \xaa\x07\xa9\xbb\xd9hZl\xffBX\xe0yP\xd7\
\x1a\xf6]s\xf6\xd4\x96\xe5\xd4re3}\xbe\xfa\xea\
j7\xfeL\xb7\x85\xe1\x9f\x98\x9c\xa5\x5c\xb5\xb3C\xb4\
#\xdf$\xd0E\x1eO\x11d\xfe\xda\xf28\x0bk2\
1,\xe2@L\x1a#c\x7f\xb46cK\x0d<2\
6 \xd8\x8f\xd2\xc1H\x0c\x86\xd2_\xadR&&\xc2\
2\x08\xb2\x91T\xa9\x045\x99\xe8Li4\xee\xf0\x83\
\xad\xbf\x10\x02\xc0\x03\xd4d\xec\xeeH\xc1\xfd\x0a\x0eG\
|z\xba!\xbd\xa0\x00\xb5~k\xaf4\x84\xd2\xc5\xa1\
\x0b\x03\x88\x5c\xfb\xa1>\xec\x0e\x07\xd2\x1daP\xcd\x9b\
\x89\x84\xec\x90 :\xc7\x83W\xa7\xc7\xc7\x17I#\xf5\
\xf5\x17?]\xf8\xe8\x93\xe3\x9f C4K\xec\x06\x13\
\x1b(\xce*.\xed\xc2\x0f\x8a\xb3J\x8a_\x1f\x1d\x18\
\xf5\xdd\xbbp\xe9\xfd/\xde\x19\xc5\xf3\xf7z\xb7w\x83\
\xc6\xf20\xf2N\xb0\xc6\xc4\x96\xb1\xc0;\xc6oN/\
\x8c\x0f2f\xbb@\xdbmt\x12p;\x88\x9e\x0e\xdd\
Y\x7fu\xfa\xea\xd5x4\x00\xcfF\xc7i\x80y:\
\xdd\x9aA\x7f\xd8\xa33\x1d1\x09\xb4N\xe7\xf1{&\
;\xc9\x98\x9d\x911tOL\xd4\xce:\xb4\x8e\xab\xb3\
\xb7n\x0eW\xcc\xcf\xde\x9a\xed=\x12\xb9E\xf5\xe4\xdc\
\x19\x8c5\xb2\xd8\xa5!\x1d\x5c\x13)\xc3\x087o\x11\
\xba'\x1f\x98\xf0Z\xc7\xf9\x178\xcey\xc5S\xaeE\
\x03\xc8\x09\x1c\xe15,\x0fY\x1fDt\xc6\xd49\xe9\
\xf18\xd2LP\x17 \xda\xc7B\x9f\xd7\xac\xc9\xad\xee\
\xf3yG.\xc1\xf4\xbe\x93\xe3\x8ev\xef\xf5\xf5\xd5\xef\
vu\xa37r\x00\x00 \x00IDAT3nh\
\xf1\xf0n6\xd9?\xebrQ\x0b\x9er\x99\x9bg\xdc\
<\xc3\xf0\x0c\xb3\x91?5?\xdf\x9d\x9flaX\xc6\
\xc4\xcadl\x1aca\x7f\xb4\x96\x5c\xe1\x8c\x9a'W\
\xc2\xf2y\xf5\xe2\x82v\xb4\x84D\xd8@\xadVK`\
\xe5\x8cUa\xb5\x82\x14,\xb0\xc2\x95\xa2\xa0\x8cd\xfd\
\xb35\xed\xed\xed5\xed\x195\xeb\xca\xe3\x11_MM\
7\xc4\x07\x03@\xd2K/\xf0\x0f5\x0cy\x1c\xb6\x1f\
64\x04\x83A\x8f\x1fB@0X\x10H\xc1\x10\xd0\
\x16\xdf\xe9\xbf\xc39s\xe6\xdbZ\xa0\xaf_-\xe6\x02\
\xf0v\x8d\xabu\xbeu<\xab\xb1\x11\x86\xc6\x08.T\
RZ\x9cu\xf7\xe1\xc3s\x87\xb2\xc0%\x94@NX\
\xf2\xbfK\x8e\x7fS\xc6\xd5^\xf8\xe6\xe1\xc3\x87\x9f\xf9\
\x06\xc0\x008'W\xf6\x8e\xa8G\xbb]\xd4%\xce\xc5\
\x89\x92\x5cp\xd0\xa4\x8d_h0$\xd1\xc6\xa4\xc2B\
c\xbe\xc5\xd3M\x1d\xa6&<E\x91\xfe!\x8f=T\
TT\x11q\x1cYn\xb1hy7\xe6U&}>\
\x0d\xa0r\xdf K\x0aA\x0d\xcf\x9ax&A6y\
\xc7\xd5\xe3\x9a\xcf\xdf]\xae?r\xe47m\x0b\x9c\xcb\
\xf9\xd5\xe0\x13n\x0bLc3\x04\x9c\xc5\xc2}\x91\xa9\
\x03EYZ\x1a\xb3\xc8\xd7\xd3\xc0\xcf\xd6l\x1c\x04\xd3\
bx!\x17\xcezr#\x83q\x9c11p\xfe\xda\
\xc8-\xa7\x8b\xbb\x15\xd1j0i`\xdc\x10\x04\x18p\
\x0b\xb9\xf5\xf5}\xbe\x16\x10\x9fk\x09\x09-\xf0W,\
/\xb7@\xa9o\x91Y\xdc\xbc[\x1f\xef\xf1{\xf2e\
\x8cE\xebf\xb1!\xe8vw\xf6R.\x8a+?\xe2\
f\xd2\x984\x19<,\x16\xd93k\xdbk\xc8cC\
44\xfb\xb2\x95j\xc9\xe2\x8elP\xff\x865\xb0\xb0\
\x9a\x17\x06\xc8\xc9f[\xa5\x82,N\x86\x0d\x80\x8a5\
\x8f\xb5o\xab\x814\xa0=#\xd7\x16\x1e\xbfr\xeb\xca\
\xf4\x90->2=\xbb\xb0\xd0Rapt\x14`O\
\xe6\x91\x01\xa4\x18`\x80\xb3-|\xe5\xf0\xe9\xc3\xbd\x9e\
`0\x14\xee\xce9O]\x81\x94\xd1&\x08\xc1y\xc8\
\xdb\x04\x918\xe6\xab\xfe\x8a+s~\x04\xe5\xc0\x9f\xe7\
\x8a\x91&\x8a\x04\xf2\xe3\x0f9\xd7\xe5\xdb\x8d]]Y\
\xa5y\xa5\xc5\xa5Y\x87\xbe\xb9}\xbb\xf1\xf6\xedo\xbe\
\xb9}\xb4\xd6y\x7f;d\x8e\xbez\xa1\xba\x1a\x92\xc3\
\xea7\xa6&\xa6>\xcf\xdd\x81%F\xbdpjaz\
a\xb8Cl\xe2\xda\xedv\x1d\x1d\x0c\x9d>\x7f\xfet\
\x8b\xd9\xb1\xf7\xfe[c\x1fn\xd4\x09tH\x07\xf3U\
n^\xc8\xdd\x9a,\xb4\x04r\xc1\xa3&/\xd7\xb2\x1e\
\xf0\x0a\xbd\x9d&\x82\xec0\x90\xa7\xb9\xf9\x96\xc9\xf9O\
\x17f\x87\x8b0\xc8\xbb\xdd\xb4\xa7h\xd2\xf1h \xc3\
Dzv\xcc# \x17\x8e\x1c\xb2/\x16\x8eQ\x84t\
\xccf\x9eM\xdbh\xe2y7\x036\xa5a \x15t\
#\xb5\x83\xe7M<o\xf1\xcf\x82\xc0\x81'\x16\xb2F\
l\xe0BK\x07^\xce\x80\x05\xf4\xd5\xd7\xf7\x91?\xaa\
\xab\xcb\xb5<\xb6\xf9d\x16\xbd\x8ca\xdc\x1a=\xabA\
d\x88a-\x18Ed\x9d}\xef\x9f\x9d\xfa\x92=\xc2\
0z\x199\x7fVfY\xb1\xb6\x06cx\xcd\x96\x0d\
\x10\xd8\xb3\xb3\x15\xaa\xc5E?\x0a\xdc\xf3\x08\xc8\xbfD\
\x9d\xa8\x86\x0d\xd5\x8bj\xb0\x80\x05a\x9b({\xcd\xb3\
p\xff\xdb\xdb3\xda3\xca\x8d\x0d\xb7\x5c@\x97\x0e\x05\
\x1a@\xa2c\xdeo\xec\x80\xae d\x83\xffd\x01:\
\x18\xa9\x9a\xc0\x1eA \x10\x82\x81\x0e\xd7\x84\x1f\xbaE\
\xf6\xf2\xf0U\x8es})\xc0_\x09\xa9\x02\x04\x1e\xf4\
\xed\xd8Qu\xb2\x118\x82\x07\x0ed\x81\xba\x10\xf4\x88\
\x9bJEzP\xd6'\x0f\xa9\xb2\xcb\x87\xba\xba\xba\xb2\
\x9an\x1c|\xe3]\xdf\x00\xe4\x84\x03b\x81\x98\x0b \
\xf0\x89\x5c\x22IZ\x1f<H\x1d\xa6\xee\x0c\x9a\x84\x10\
vp\x93h\xbb\x90>R\xe6t\x9d\x15\xf2enl\
\xc1\xd3\x9a\xd8\xdd\xbbw\x7f\xfd\xcc\xe6\xcd;\x13\xd7D\
\xff7\x88~\x7f\xfa\xca\xea5\x9b6\xadX\xf1\xe3\xdd\
\xb9B\xc8,\x03,\x05\x8e\x06\x9b/&\x9e\x07~\x8f\
\x9b`m\xc8\xc5\x837\xa8\xd8 \x1f4i\x8c\x1a \
_2\xe0\x00\xf4P}k\xd2\xd2\xd2\x00\x87a\xc4\x1e\
-\xb4\xe5X4\x18\x86e,2\x96Mfy3p\
\xf7\xc1\x83\x10T\x9f\xe9\xf4\x0f\xf9\xe3\xa1\x8a\x04\x12\x07\
\xe3fL\xac>\x19\xcf\x95\xb1hs\xab\xc9\xe8|y\
\xae\x16n?\xa4\x8b\x16\x8b[f\x81\xa2\x04\x0a\x098\
y7\xfc\x1f\xb3\xd0\xfas\xbb\xcd\xa6#i2\xbd\xc9\
\xc4\xc8d\x16\xbd^\xc6\x9a\xd8\xb4\xcd\xe0\x01\x9e\xafy\
\xbe\xa6\xe6IP\x07\x00\xe2\xaf\x1a\xf7\xbd\xa9\xa2`\xd3\
+n\xfaS\xc2\x82W\xd8\xdd\x8d-\x22\xb2\xc3Z\x09\
\x9b\x22\xd4\xd9\xd9\xcf\xb6\xb7oio\xaf\xc9\xd8\xb5\xae\
<\xd0?}s\xe1fw$\x90\x12\x19_X\xb8\xd2\
\xdb\x11\x99q\xb9\xb8\xf3\x91\x8e \x11\xe0\x81\xcc?\x18\
\xf2\xc3\xe4\xfe\x95\x99\xf1\x19\x07\xb4\xdf\x0b\x22\xc1\xe0\x08\
]\x91\x9e\xeeH\xb7\xd1\x81\x82p8X\x0e\xbdA\xb0\
h!W\xf8\xe8\xfd\x87\x17N\xf9\xbc\xde\xcd\x7f\xff\xeb\
\xa1\xc6\xac\xc6\xa6\xbf~r\x88\x10\x830\x1d,\xc9\x82\
\xc9\xa2\xa6s\x17.<\xec\xca\xc3\xf6Q\xd6\xa1\xa6\xe3\
 J5\x8a&\x00\x92\xd4\xef\x5c\xef\xbe>\x5c\xef\xdd\
\xe1\xdd\xb3\xe3\xad\xb2\xa3\xce+7\xaf]\xad\x10h$\
k\xe9`\x03\x0cM\xcf\xcf\xcf\xcf\xd3L\xec\xd6\xdd?\
^\xb1I\xadT4+`\xa7e\x8c<F\xber\xd5\
\x8f>w\x9e\xcdy{\xdfj \xcb6\xab\xd5\xebU\
1uu\x95U\xd9/\xbc\xbcu\xab\xd6bqk4\
\x18\x5cM<Cx\xd7?\xdcsda\xe0\xb1\x22\x19\
S\xa31\xe9\xd9\xb44\xd2\xb5q\xb3\x8by\x00\xe9\xcb\
#\x89\x0f\x18\xbb\x1a\x96\xed\xf4\xf8';\xd34\x84\xe6\
'v\xf90}\x84c\x84\x0a\x837\xe5cF`\x81\
\xab-\xfe\x97\xdc\xbc\x9b\xd1\xf0x\xf8\x8c\xdb\xa2\xd7\xb3\
\xfa4\x87\xc7\xe3\xe9Lf5\xac\x89I\x13\xb9\xa0&\
\x13|\x99\xb1\xb8\xc1\x14,\x16\xe2\x01dn\x8be\x05\
\x86\x80-[j\xb6<\xa9\x82\x91`\x10\x88PHP\
\xf7Q\xa2\x84\xc6\x00!\x88\x00\x0e$'0 \xd0\x05\
\x14\x88\x17@\xc4\xf8y\xbb\xf8\xc8\xd8m\xb3\xc7\x07\x83\
\x81\x14GJ 5d\x08\xa5\x1a\xec\xfen\x8e\xa3\x0e\
\x87\xa1K\x0c\xdaih\x05\x01H\x02\xb9\xf9p\x08&\
\x08Q\xdb\xcf&\x0e]\xa7\xc2\x5cG \x18\xca\x15\xae\
\x9e8\xb1\xf0\x95\xd3\x99\xf3\xd5\x18\xc79\x17BW\x0f\
\x1e<800:z\xcf\xe9\xe4r\xbe=\xd9\x88R\
CY\xaf7\x1e()iD\xe9\xa9\xe2\xae\xae\xae.\
\xe8 \x82[\xc8j\xcczo`\xe0\x07\x90\x08\x9aF\
;\xf6x\xbd;\xde\xe7j\xb9\xd9\x85\xee$\xad\xc0k\
\xa0\x87S\xd4Mq\xdcX\xa0|\xef\xee\x1d+v\xc6\
\xc4,\x83M\xbcQ1K\x96,\x91K\xa2V\xaf\xce\
\xde\xb3\xa7U\xf1\xf4\xce}\xeb\x1f\x8f^\xa9\xb4J\xa5\
\xcd\xd9\xaa\x95\x8f\xbf\xf0/\xff\xfd\xa35K\x96df\
V\xae\xd9\xfc\xf5\x9b[-\x16\xd6\x8d\xb0\xcc\xe2\xe3\x91\
\x0dhX\xd6$c\x7f\xa8\xdb\xe1\x9e\xeb\xf5iz\x19\
\xfc\xf33\x04\xd5E\xd8\xde\x04\x9dy\xcc\x09\xcdf\x99\
g\x96r\xb9>\x1dL\x86\x82\x04\x02\x89\xe8Q\xb0\x85\
\x83\xd4>\x8der\x81\xa2\xb8Y\x8f\x96\x18\x90\x06\xcd\
\x0f~\x12\x5co\xfc\x83\xd1\xb3\x09\x9e+N\x8e\xbb9\
Y.\xe8Y8i\x0b\xc3\xf2\x1ap\x1en\x8b\x8c\x91\
\xc9di`\x08\xc4\x00X\x8b\xec\x99\x8c\xf6-\xed5\
\xed\xcf\xd7\xd4\xfc\xbf \x0d\x82\xa4\x1f |D\xc5\xac\
D\xdd0\x05.\x95\x02](\x98\x04\x16wC\xc0\x08\
\x19,\x0bQ+\xd6\xfc\xa4\xbd\xbd}W{M\xcd\xae\
\x8c\xdd)6Cg'Y\xf5\x97\x1a\x9f\x1e\x0c\x04\xd2\
!\xdf\xeb\xaf(H\xef\x08\xc3\x9a\x9c\x0aTl\x07\xa0\
8\xe2I\xc1\xc5W\xd0\x1b\x0c\x06\x0b\xd2E\x1d\xae@\
\xc5i\x8es^m8\xcdq\x13'8\xa7\xf3DH\
\x10\xea\xeb\x87\x9d=\xdce\xafw\xd4\xfb\xae\x93\xa2\xb8\
7\x1e<\xf0\xb6\x9e\x19\xf0\xb6\x8ez\xdf\xbd|a\xea\
\xe1\x5cc\xd3\xa1C\xc5y]\xa5\xa5]\xc0\x15).\
-.\xc9zOl\x17=2\x81=\xd09\xee\x9e\x87\
\xb5\x83\xb7\xc2\xe5\x02\x220Z\xcf<\xc5q\xd7B\xef\
\x5c\xbd\xba\xf0\xc1\x9a\xa51r\xc9\xea\xd5\xabA(U\
\x1a\xb3:\xea\x17\xffv\x82rQo<\xbe\xa4R\x81\
\xd8\x88\x22[\xd9\xacP\xed\xbbDQ\xd4G\xbf\x8fj\
n\x96\xac^\xb9\xf3G{v\x7f\xfd\xf5\x9b\x09\xfa|\
\xa3\xd9,Vz\x8bY\xbeF\x93\x86\x06\xa0\xd1\x88X\
\x0e\x1c'\x9b\xc6\x80\x7f\x86\x9b\x0bl\x0c|\xc0\xf9\x93\
\x17\x98Ll\x82\xff\x0aW\xeb\xbc\xe5\xd7\x1a\xcd\x83{\
GFZ\x1c\x1a7X\x0b$\x17\x0ca{\xb2\xdaI\
\xa8\xacozb\xdd\xa2i!\xb0\x0b7\xdfb\xc1\xdf\
\xdc\xac^\xff\x9b\xc9;\x1c\xe7\xbc9\xa9\x85#\xb7\xc0\
5g\x18\x12\x0c,\xacE\xa6\xb7\xb8-\xeeE\x0f\xc0\
\xbaY\x08\x01\xcf\xb7\xb7\xb7o\xa9y\x12<>\xa1\xfc\
B;\x08W\xb9K\x14\xd9*\xc4\x01`.\xd0\xaaT\
\xab\x11(T\xa9\xb2\xc5U\xa4\x8a\xec\x9f\xb4\xc3w\xef\
\xaa\xa9\xc9\xd8\xed\x80y:\xc0\xfe;P\xdb\x97\xd0\xc3\
p\x03\xd7\x10 \xc3\xe7#\xf1\xe9\x81\xc80\xc5\x01\xd9\
\x0a\x09y\x06\x1c\xc0\x8d\xc7!\x9c\xf8H\x7f\x7f$|\
\x9e\xe2\xa8\xe9p\xef\xcc\xf8ph8\x14\x12\xea};\
|\xf5\xef\xdc\xbf\x7f\xe1\x8b\xed(\x22W]\xbf\x1dj\
}\x9c2\x1f\xdd\xf1\x99\xb3\xa7\xf6\xf2\xa1\xe7\xb1H\x04\
\xd6\x08x\x80\xd2\xd2\xd2R`\x0e\x94\xbc\xf7O\x99\x80\
o\xb1y\xf8\xf9\xc5\x8bg,\xd5\xd5\xb9\xe5[w\xbf\
\xfc\xcc\xe6\x17\xfe\xfb\x88\xac\xea\x85\xabT\x0fu\xe2\xdf\
\x96J$Qr\xc9\xd3+%1\xb0\xf0Z\xb2d\xe7\
A\xaa,\xe7`\xd5\xb1S\xc7\xfeg\xfdRi\xa6T\
\x1e%W\xca_\xfe\x94\xcb\xe1\xee\xeeQ&&J3\
\xff\xf5<\xc5q\xef\xec\xcc^\xb3i\xc5\xcbo\xca\x10\
\xf7\xcb\x87l_dh\xa7\x91\xcc\x1b\x0d\x0059\x10\
\xc51\xa1#\x16\xa9\xban`e\x8a\x99\x80\xc6\xe4\x06\
\x1b1VD\xda\x0c&\x96\xd1\xa5\x83._K\xbe\xd6\
\x02\xf5\x1a\x0b\xc8\x01\xd2w\x18\x8b\xd6\x11\xf1\xfb\x1d`\
?2\xbc\xef\xf8,\xcb\x02\xf2\x93\xac\xd7\xb32\x99E\
\xc6\xca\xf4\x93\xfd\x91\x0a\xda\x82\xb9\x9f\xcc\xe2\xb6\xc0\xff\
\x0b\x18\x87\x9b1\xb9\x89G\x80\xcf\x88\x07\xd0\xac\xc8 \
\x1e\xbc\xa6\xe6I\xd8\x17\x00X\x10I\xf6`\xed<<\
\xa1JT\xc0\xac\x88Z\x0d\x0a2\xcal|\xe0X\x10\
\xa8D(\xd1\x03\xb4\xb7\xb7?\xdf\x9e\xb1\xb5\x0dd1\
Rl)\xb8\xbe!\x05\x85\x1d\x03\xc1T\x00\xda\x223\
\xae\xb2\xdaK\x15\x81P(\xd2\x0b\xda\x09a\x14[\xb3\
\xd9\xed8\x8d\x0d\x03\x9a\xfd\xf30l\xdd_\xe0\xf7c\
#\x99\xbbX\xd1\x97[-\x82\x02\xd8\xe7\xf1z}\xe4\
<G}\x1fS\x14\xf5\xb1o\xb4\xf5\x8d\xf7\xbf\xbcT\
65U\xf6\xdd\x1c\x5c\xfe\xe2\xae\xd2\xd2\xd2.d\x8e\
\x94\x96\x14\x97\xbe\xd7:\xe0m\x1d\xf8gG\xe0=\x03\
\x7f\xec\xa8\xdf\xb3\xa6\xaa\xaa\xb9\xae.s\xc9\xd2\xd5\x7f\
9\xf6\xf6\xf5\x13\x97\xf7\x97\x9dX\xb1$:\x1a\xb6\xed\
*\xad\x0a\xc9\xd3OK\x9b3\xebV?\xbeo\xdf+\
\x07\xa9\x1e\xee\xc3W\x96X\xa5\xcb\x96-\x93\xcb%O\
?\xbdo\xdf\xbe7\x0f\x1e=\xeb\xfaH\xf5\xc2[\x14\
\xc7\x9dy\xf9\x99\x1f\xad\xa9\xacRJVl\x8d\xd3\xa7\
\x89C9\x8b\xa8\x1f\x124\xdc\x90)\x10h\x1f\x9br\
\xe8\x00X\xd2\xcc\x03\x1c\x804\x15\x90\xc7\xeff\xe1\xaa\
''\xbb\xdd\xcb\x8f\xe8\xf7\x9f=<\x95\xbbQ\x96l\
\x91\xc9\xf4i\xa4\xa8\x80\xe3fXH\x15LzV/\
\x93\x11gb\xc1\xf0\xee\xb6\xe8YY\x5c\x1cx|x\
c\x19\xd6\xcd3\xc9\x0c8\x057\xc3jXR\xf2\xb1\
n\xe6\xd1\xdd\x97\xb9e\x16=\xcbh\x99=\x19\x90\xc5\
?_\xd3\xbe\xe5))\xb0}TJT\x8e\x8e\xc6\xe1\
0\xc8\xfeU\x89\x0a%\x08I*\x95J\xab:1Q\
\x95\x88Da\x04\x8c\xa2\xd5\x89k6\xecjo\xdf\xb5\
kW\xfb\x8b5G\xc6\xb9\xa3\xceK\x15\x06;\xca\xa9\
\x0c-\x9c\x9d8;\xdf\x1f\x8at\xdf\x5c\xb8\xd5\x1d\x09\
\x86\x1b\xa6\xc7\xae\xdc\x99i3x\x86\xfa\xc3\xa9\xb8*\
\xc7NTt\x1d\x06\x83Q\xa8\x80\x0d)w\xfa\xf9P\
\x10t\xd89\xe7|\x01\x90\xfb\x88\x09\x90I\x22r\x91\
\x07\xbc\xad\xd5_Q\x5c\xce\xc7\xdb\xbd\xdew\xcex\xdf\
\x9d\xe2\xcar\xbeo<T\x5cZz\xe0\x1f\xb7\xff\xf1\
\x8f\xe2\xbc\xd2\xd2\xbc\x12\xb0\x82\xbc\xd7Ar$\x0bD\
\xa9\x1f`]\xe0\xf3\xbdq\xf0\xe0\xb7\xef\xb4\xd6=\xf6\
;\xeb\x9aM\x9b\xd6(\x97\xd4\xed<\x95\xe3\xe2\x8e\xb6\
\xaei\x96,\x03\xa0\x03\x06\x9f\x1fW+\xe4ri\xe6\
\xb2\x18yse\xd4\xe3\xdf\xee?}\xf6\xe3\x15u1\
\xf2f\xab\x5c\x92\xa9|zub\xf6\xcf^\xfe\x98\xea\
\xa1\xfe\xf6\xfb\xf5\xff\xfeo\xcfl=\xc8q9\x1f\xfe\
\xber\xd9\xd2\xba\xca\xcaM\xff\xb6UFF1\xc5\x14\
\x8f\x15\xe32\xc9\xe6\xc5\x9c\xcd\xcdh\xd8dYn\xae\
\xd6b\x12#\x84\x986 w\x13>\x81o\x82^r\
~!\x9f\x0b\x87d\x81\xbc\x0e\xef\xb2\xdb\x02\x9e\xc2m\
\xb1\xc0\x0f\xb60n\xd6\x8d\xb7\x18\x13\x00Y\x9a\xde\x82\
e\xbd\xf8L\xf2\x13q\xb1\x09\xb1q\x90\xea\xeb\xd1\xe2\
\xa0\xf0c!\xfb\xd3/Z\x80L\xaf\xb7Xbc\x9f\
\xc9\xa8\xa9y\x1e\xa2@\xcd\x930\x1e\x8c\xebe\xa3\x94\
j\x90\x02\x8e\x82\xc1\x0f\xe8\x0d\xaa$d\x150\xc4\x7f\
\xf0\xfc\x84.\x06\x06\xa0Z\xff\xf3]\xf8h\xdf\x95\x91\
?\xe3\xea\xe1N\x87\x8b\x0c8\x92\xddO$\xb8\x05\xe8\
\x0d\xb9\x16\xfa\x85Px\x02v\x80xB\xc1@jP\
\x5c\x8b\x89s\xa4\x06\xff\xfc\xec\xc2\x87\xf3\x0d\xfdC~\
O|\x00\xb6\x02D\xfc\xfd\xfdA\x14\x17\x00\x8e5q\
\x02^\x5c+\x8dM\x1f\xdf\xf6\x1d;\xba/L9?\
\xf3\x81\x92T\xeb\xbd\xd1\x1bw\xbf\xbf{\xbb\xf1\x1fG\
)\xee\xe1\x5c\xde\xe2\xa3\xb4\xa4\x043\x82\xd2\xe2\xd2\x07\
\x88\x12\x0f\x0c\x9f\xe5\x9c\xdc\xb1\xca\x81\x81\xaaw\xa6\xca\
\xa6\x9c\x17_X\xf6\xf8\x99/\xf7_\xfe\xb22\xd1j\
\x95FE\x81\xf0A\xf6\xfd\xa9\xf7\xdf\x7f\xe7\xf1\x98\x95\
O777G\xad\xde\xf7\xc6\xc4\xb5\xd3o\xec[e\
m^&m\xce\x94J\xf6}Tv\xfa\xc2g\x95\x1f\
|p\xf1rN\xed\xe9\x15\xcd/\x7f\xc5\xd5\xe6|\xf8\
J\xa6B\x9d}\xea\xcc\x07\x7fY\xbf\xf9\xeb8\x939\
\xdfdJK\xd3\x88\x95\x00\xc3\x13\x86\x9e[<\x7f\x0d\
\xc3j\xb4\x93\x17\xc7\xae\x8c}^$\x83\xab\xab!\xce\
\x9f \xc4\x8c^\xaf\xd73np\xd2P_X,\x16\
\xad%..99\x19\x8e\x0a\x8e\x99a\xd3X\x16}\
\xbaL\x06\xb7\x1f.;\xa4~24\x13\xbd%N\xcf\
\xca\xf4z\x99L\xcf\xb8;>\x1d\xbbsmX\xb7<\
\x99\xc0\xfe\x16\x16^\x00\x87oI\xc3\xccPfa-\
Z\xadE\xab_\x91\xd1\xfe\xfc\xf3\xe0\xc2!\x07\xc0\xcd\
Q\x90\xfa)\xa3%QO?\x1d\x85M\x1f\x90\x90T\
\x93\x95\x000.\x80{A\xa4\x0a\xb5\xd5*\x95\xa8\x14\
\xeb7\x90\x08\xb0m\xd7\x16-Pn\xc7\xd3ag\x8f\
-5\x10\xe9\xbe:\xbd0\x1c\xb6\x85\xa7\xaf\x5c\x99\x18\
\x0f\xdbC\xe1\x85;c\x13\xbd\x15v\xdb\xe2\xd0\xbd!\
%\xa5c\xa8\xc1\xefo\xb8I\xf5p\x0b\x0d:C \
\x90\x0ab{\xc1T\x94\xd1\x85y\xb2\x16\x22\x07Q_\
p\x85\xebq~\xb4\x9d\x04s\xafw\xb4\xf5sg\x8f\
\xf3+\xdf\xa8o\xc0\xfb\xa0\xe9\xde]\xaa\xf6\xe8\xf7Y\
]\x0f/_8\x97\x05G\x9f\x07y@\xd7\xa2%\x94\
4>h\x1d\x18\xf5\x8ezO\xdd\x7f\xff\xf4\xfb\xef\xd6\
\xfd\xeew\xad\xef\xe4p\x9c\xf3\xd8\xe6%\x99\x95\xcd\x95\
UU\xd2(\xe5\xd2%KVGEE=\xbei?\
UK\x1d{|If\x944F^\xb9\xe4\xdf>u\
\x1d\xa6N\xec\xfb\x19\x14\x01\xcd\xcd\xd6\x95\xaf|\xe8\xea\
\xa1\xbe\xd8\xf7s\xf5\x99\xa3\x14u\xb6JYU\xe5\xdb\
s&{\xbdu\xe9+\x9fS=\xae\x8f_\xc9\xcc\xae\
z\xe6\x894\xb8q\xac\x06zy\x1a\xc2\xbeG\xf0\x1f\
}>\x93\xa6g\xf8\xadC\x08\x97x\x9e`I\xa6\xcf\
2,\x1a\x81\x855\xa5\xe9\x17o&\xc3\xbb\xdd\x8cE\
\xcb\xa09\xc8X\x8b\xd9\x98R\x90jL\x83\x9fA\xdc\
\x8a\x85e\x01\xf1\x93\xb9-\xf0&\xb3X\xc8\xe5f\xe1\
\xa0-\x8c{\xf9\xe4%\xae\x87\x1b\xee\x94\x1d\xc9\xef\x9c\
4\x08\xb4\xc5\xcd\x13\xf7\x001\x05\x0dG\x16\x1b\x0b\x9f\
\xc7\xbd\x00U\x00\xe6\x00\x1b\x12\x95\x92\xe8D5,\x00\
\x87\xd2?\x1a\xc1\x7f\x09\xf6\x85@C\x1cd#\x941\
\x12\x22\x0b%\xc5)\xd2L\xb9R\xfd\xec.R\x06l\
[\xb7;)\x14*\x0c\x05\x03\xb8\xf3\xdb\x96\x02+\x0f\
\xec))\x01\x10WB\x95<\xec\x06\x01_\x9f\xcc\xe2\
\xa7\xd8lE-\xb0\x8dbd\xe1\xec\xc4\x97\xd3\xfd4\
m\x8e\xef\x9d\x98\x98\xb8\x14*\xc4\xc1k\x1b]\xd4\xf7\
\xe9\xc2\xcd\x9b|Byu\xf0\x16w\xd8y\xb0\x9a\xf4\
}\x07\xb6\xfb|\xc3\xdd\xa7\xce\x9c\xf1AC\xf8\xd5\xa6\
\xe3\xdf\x9d\xfb\xe2\xdc\xed9\x12\xfe\xbbJ\xf3J\xf3\xf2\
J\x88\x1d\xc0\xf1\x97\xe45>\x18 2\xa4\xa3\xf7\xa6\
.O\x9d\x1b\xf8\x8f\xd1\x81\xd6\xf1\xeeS\x95\x95u\xcb\
233\x97\xc6,Q\xd5UV\x0eHW>\x1d\xa5\
\x5c\x7f\xe6\x9d\x0f\xfe\xf2\xf4\xaf\x96.Y\xb2tu\x9d\
ri\xe2_\xde~\xf7\x8d\xa7\x1e_e\x85\xb5\x1a\xca\
\xe8\xa7\xf7\xbd\xfd\xe9\xb7\x07\xdf~\xf7\x8d\xcf\x0f\x9e\xf9\
\xf7\x9d\xfb\x1eo^\xd6\x5c)\x8d\xc9T\xa8\xa2^\xf9\
|\xff\x97S\x9f\xfe~Isvs\xf3\xa67\x07'\
\x07\x9342\xb0\x01\xd4ba\xdc\x98\xadc\xb1\x86`\
\x8e\xa3\xfb\xea\xd5\x85S\x9d\xb1h)&\x06\xc8|,\
\xebfM\x16V/\xd3\x03\x8e\x97\xccZ\x18\x08\xebn\
\x84\xfd\x187\xab\xd5\x1a\xce\xbb\x5c.\xe1\x88v1\x92\
\xe0i\xb2\x164\x04\x0c\x05\x161[\x00pOf\xe1\
-\x1bO-\x5c]\xd8\xbd1v\xf2\xaa\xcb\xe5\x9c\xf5\
$Xd\xc92\xb7\x1b\x5cE\x1c\xa6\x09\xfa\xb8\xd8X\
Y\x5c\xac6a\xd1\x00\xda\xdb\x7f\x92\xa8\x8c\x8e\x92`\
z\x0f\xec\xf0h)l\x82\x00z\xa0\xd5*\xc9V(\
TJy\xa6<:\x0a\xbaAJ\xc2\x0f\xca\x94\xca%\
k6lk\xdf&\xe2\x00v\xa8\xe4\x93t\xb4\xbd\xd0\
\x81\xfb\xecR\xa0\xc4\x0f\xa0N~\x00W\xa1\x06P)\
\xd1\x00\x1f\x80,:=9R\x86\xdb\x9c\x83\xe1`\xf8\
\xd6\xd8\x9d\xf3\xe3\xbd\x5c-w\xb8\xa0\x08\xc6\xf4\x0a\x0d\
f\x7f\xb7\xb3\x87\x9b\x08\xf1\xb9-\xb9\xe6\xdf\x1cq\x08\
\xb9\x17'\xde\xba\xf4\xd1\x1e\xef\x14\xe7\xac}\xc37\x0a\
\xd7z\xd4{on\xee@\xd3\x01$\x10vu\x91\xcb\
_\xbax\xf8h\x06y%\x8ds\x8d/\x9d<>:\
:\xf0\x06\xc7q_x\xff\xf4\xffm>\xe1\xec\xa1>\
S\xff\xe4w\xbf\xab\xab\xab\x1b\xa8j=J9s\xde\
y|\xf5\xd3O\xcb\x97\xc5,[\xba2\xa6\xaa\xaa\xb5\
\xeaL\xf6\xea\xa5K\x96\xd5\xd55\xcb\xe5\xcd\x0ak3\
\x90\xa4\xa4\xd2\xca\xca\xba\xe6\xaa\xf7\xa9\xc3\xae\x0f\xf6e\
Z\xad\x8al\xab\x14V2\xc3\xf0lv\xd5\x9a\xecl\
k\xf3\xb2%\xab^x\x9b\xa2\xb8K\x01h\xbc\x22\x1b\
\x13h\x17H\xc4\xb2\xe0a\xf2\xbc[\xbf\xfc\x89\x04\xb7\
\x16n:\x09\xda\x16\xa8\xf2\xa0\xc8\x83'd2K\xb2\
\x1e\xbd=\xcb\xcaX8`}\xc2\x13oj[\xa6(\
*\xa7\x8f\x8d\x95\xc9\xf4\xc9zV\xc602\x16n:\
9{x\xa5\x1er:\xec\xf1\xc3\xe9\xcabe\xe5\xe5\
[\x9fH\xb0h=W)\x8e\xfb\xd0\xf3\x04k\x89\xd3\
\xbb\xc1Q\xe8\x93\xf5\x16\x96\xd5\xc7i\xb5\xb1\xb1\xf0\xdb\
&\xac\x02j\xda\xdb\xa1\x0aP\xaa\xa0\xd9\x1b\x8dx\x1f\
\x8a@B\xe4W*2q\x5cD\x22\x81\xc5 p\xf5\
\xa3\xa2\x15\xd1r\xd8<\xa8R\xa8\x7fN<@\xfb\xae\
\xd7\xca\xa1\x00\x88t/LO\x8fx\x1e\xc9\xa4\xa7\x10\
\xa1\x85\xd4\xc5\xddx8k\x9d\x9a\x9a\xd2\xd1\x96Z\xd1\
\xd6\xd6\x018A\x7f[\x9b\x0d\xf6\x80A\x1c\x98\xe9\x9d\
\x196\x09\x01\x9b\xdd\x90\x1a(\x9c\x1c\xde\x7f\xe9\xf2l\
\x00\xb8}\xa7)\xea\xe8L\xc1\x82\xb3\x87;\x9d\xbc\xf7\
(\xc79O\xf9\xbcp\xff\x07\xbc\xdf\xdc\xb8q\xe3\xaf\
\xaf>x\xf5\xd5\x03]y\xc5\x84?\x0e\xac\x81\xd2\xc5\
\x10\xf0_\xf0Iqq\xd7'\x03\x03\x03\xef\x0c\xf7\xf6\
\x9e\xf2\x9e\xf1\xe6\xbe\xb1\x7f\xe2\xec\xdb\x9b\x8f\xbd\xfb?\
\x1fTV5\xab[\xa7(\xaa\xec\x9d\xc7c\x14+\xa5\
\xcd\xcdu;\x8f\x91\x05\xc9\x07_Y\xd5\xbcL\x1e\xf3\
t4\xa4\xbf \xa1'oVFe\xc6D\xad\xfc\xe2\
\xfe\xfd\xfbU\x8f+\xb3\x95\xd1\xb0;O\xa5Vd+\
\xa3A:CmUJ\x9a\xad\x99\xeb\xaf\xbb\xa8\xda\x09\
c9\x0f-#@\x08\xf4Zm\xb9\x88\xd3\xb2\xbc\x19\
\xf27\x8c\xe2\xe8\xcc\xd1+c-\xe7\x86\xbaN\xcf0\
p\x7f\xb1M\xc8\x9a,\x18\xcc\xf5\xf9\x17\x17\xae.\xf4\
y\x06\x07;\xb1\xaa\xe3\xa1cTdD[!?@\
\xcc\xec\xa1\xc471\x905B\x82\xe0\x86j\xdf\x9dk\
I82\xe8\x18\xdc(\x93\x81\xef\x00\x9f\x81\x0fV\x1f\
'\xd3j\xb5\xb1\xcbc\xe3\xc0\x00\x9eo\xc7$\xf0)\
\x90\x7fF\x990\xcc\xf2\xe4(\x05\x0b\xe4@\xc0\x01 \
\xf2K\xf0\x05*|\x15\x0c\x8fJ%\xd1\xca\xc4\x0dp\
\xfc\xdb\xda\xdbwmy\xd3\x91\x12,h\x98\x85\xdc\xcf\
O\xa7\x8a\x12\x8a\xa28v\x92\x0eW\xa3\xc0\x92\x9c\x94\
T[J|(\xdc\x0dR)\xfe\xb6\x11\x8as\x1d\x0e\
t\xda*f\xc6aMX(ud||z\xa6M\
\x07\xad\x9a\x10\x1d\xac\xa8(\x98\xbd3{\xa5{\x82\xa2\
\x5c\xc3\x81\xfa\xf9\xf1\xf9SG\xb6\x0aB D \x7f\
\xef@\xfdW\x5cO\xce\xc1\xd6\x07\xa3\x7f|\xa9\x11I\
\x02yy%P\x0eb0\xe8\x02\xad\x91\x92\xd7_o\
l\x9c\xfb\xe4\xd5\x81\xca\x81\xba\xba\xd1\x81\xf7)g\xd9\
\x07\xde\xd6\xd6\x81\xd1\xfakT\x8f\xeb\x8d\xff\xe7\x17\xcd\
\xd9\xebw\xbe\xb0~\xf5R\xb9Uamn\xfe\xdd\xef\
\x8f\xb9\x9c\x94\xb3\x87\xfa\xf4\x95\xdf\xad\xfa\xc5/V-\
\x8dQ*\x94Q\xd1\xe8\xf3\xa4\x0aX\x8d%WH\x94\
r\x85j\xa5J\x8d\x98\xb8:Q\x1d\x8dCr\xb0x\
S\xa9\xcc\xcc^\xf3\xaf\xff\xfd\xdf?\xae\xca\xde\xfc\xf2\
r\xc6\xcckXs\xf9\xfc\xf5\xf9y\x03K\xfa\xf8&\
V\xcf\xb2\x08\xd0A\xd2\xc6X\x18V\xc6\x00\x22\xcf\x88\
\xbe\x00\xac\x03\xeb{\x1e\xfe`Y\x996\xads\xbf\xab\
\x87\x1a\x9f,g\x93\xf5\x16\x8b\xa5|\x90P\xa86>\
\x01e\x80\x98\x11\xa0\x05\xe8\x11\x1a\xd0[0\xd5\xd3k\
\xb52\x8c\xf2\x09qO$\xc4i\x19\xad\x05\xdb\x882\
\x8b,N|\xc4\xc6j\xb5\xcbe\xb2\x84M\x19\xbbv\
\xed\xda\x06>\xe0\xa9h\x89\x8a\xa4\xf7\xa0\x0d\xa1\x94\xe0\
\x22\x10\xa5\x22\x1a\x98\x01\xc0\x02P\xc9U\xb0\x18*&\
Z\xa5\x92\x227@\xa2\x8a\x06 \x08\x22\xc0\xb6\xf6]\
\xaf\xedv\xa4\xa6\xa4\x0eM_\xb93\xd6\x1d\xb1\xa3\x88\
*\x0ak\x01\x05\xaf\xd0`Oi\x0b\xf7\x03J`H\
*\x84\xf5\xd6\xfd\xb0\x11p,R\x01\xd3\xd9\xb5#E\
\xb0[Y\xa3\xd1\xd9B\x11\xd8\xd7ye\xc8H\x96a\
\xd0\x82\xad\xe0\xb4\x13\xd6w\xf6\xf7GR\xa0,\xe0s\
\xf9\x5c!\xd7\x8b\x05!\xb8\x00\xdf\xb7w?\xbc\xff\xae\
wt\xf4\xbd\xc6\xe2\xc6\xac\x92\xc6\xa6\xe7O6B\x1c\
\x00\x13\xc8+\xedz\x0f|\xfc@\xe5@Uee\xdd\
@\xdd\xd7\xdb\xb7{/8\xb9\xb2\x0f\xaaZ+[[\
w|\xbc\xff\xd2\xfe\xb77\xd7I\xea>\xfa\xea\xda\xc7\
U\xab\x965KV\xc7d\xae\xday\x9d\xaa\xe5\x9cg\
s\xdexa\xf5_\xde\xbe\xf8\xee\xb1\x95K\xa3`\x19\
2\xb2\xa4\xadR\xb5\xd2\xaa\xb0J\xa5reL\x8c\x04\
t3\x95b\xef\x9c,\xccT\xa9\xe5\x8b\xbdt\xa95\
{\xd3O\xb72<s\xa4\x0fV\x98w\xa4\x01\xea\x06\
x^Zrr\x1a\xc9\xc7\xe1\xf2\x83\xc3f\xa0V\xb7\
0\x90\xcd\xc1a\x02\xa8\x07\xb8\x00\xcb\xba\x93\x8c\xb6\x94\
\x14\xfe\xf4\xe1\xf3G\x87\x0b\x9fH\x06\x18O\x16;8\
L\xb9\xb8\xf3\x05\xa6\xe5\x1aFo!\x06\x00( \x1b\
\x07\x98\x01\xcb\xb2\xc9qqqP)\xb2x\xca\xda\xb8\
\xb8\xe5q\xb1\x16\xad\xd6\x0dO\xa1\x9b\x80\xbb/\x8b\x8b\
\x8d\x8d\x93\xc9\x12\xb4\xb1\xb1\x9bj^\xdc\xf5\x22\x06\xf1\
\x0d*\x11\xe8\xc5^\xafjeL\x8cT*\xc1\x0d\x11\
\xa0\x12\xae\x92\xc8c\xa2\xa2c\xa2\xa2b\x08J \x97\
\xcaUjU\xe2\xfa\x0d/\x82\x01\xedj\x7fq\xcbV\
\x83!\x10\x0c\xa4\x86\xect\xc8.nC\x13\x85T@\
bih\xc2U\xeb\xba\xee\xd7uB3\xb0\x93\x0e\x18\
\xa0_\xd1\x12\x1a\x09\xfa\xfd\xfe\xce|{aRR!\
\xa8\xea\x15u_\x9a8{+\x8c#\x19v:\x14\x0a\
\x85\xc7\xa7\xc7\xc7[\x0aC\xf4F3Mk4\xbc`\
\x16\xb4\xde\xcdU\xad\xa0\x1a\x0460 fx\xef\x1d\
(\xc9*\x99\xfb\xce\xe9\xe4\xee\xbe\xde\x05&\x00\xd4\xa1\
\xae\xd7\xfe\x5c7P7Z7:\xfa`\xc0\xeb\x1d-\
\xe3\x9ce\x0f[\xbd\xde\xd6\xd6\xcaVokUU\xb6\
Tn\xad\xac\xdb\xf4.\xd5\xe3\xbc\xfc\x97\xf5\x92D\xd5\
\xb2U\xab\xfe\xb2\xf9\x0d\xaa\xd6\xf5~e\xdd\xaf6<\
\xfd\x0d\xd5\xc3}\xb5o\xa9\x5c\x0a\xa7\xbal\xe9\xd2%\
\x0ai\xa6\x02eR\xe4\x92\xa8(y\xa6\x5c\xaa\x80q\
\x09\xfcW\x93\xcb\xa5\xd1\xc0\xa9S\x01s\x02\xf61*\
\xa5jU\xf6\x8a7\xcb;\xfb\xce\x9e>\xff\x96\x19\xbc\
<\xf8w=\xb4\x05\xddnH\xe1\x19\x96\x1c7$\xf5\
\xc4 ,\x98\xd3\xbb\xc9S\xac\xc5X\x00\x80\xe0\xde\xdf\
\xfc\xc6\xbc\x91u\xf32\x06\xdc\x84\x9b\xcd\x9f\xf4D:\
X(\x0b-,+\x96\x9bn\xf8\x92\x05\x9c\xbcL\xaf\
\xd7\xcaX\x0b\x0b'\x1c\xa7gYm\x5c\x1c\x1c8\x03\
\xd0\x91^\x06\xce?V\x1b\xab\xd7\xeb\xe3\xe2b\xe3b\
\xb7\xc6\xc6\xc6n\xaeyq\xd7\xaemp\x8b\x9f\x8a\x86\
\x86?:\x00\xf0\xf7\xb0\x11T\x99\x99\x09\xd3!r\xf8\
\x14\xdaC\x08\x0f!5T\x91)G-\x99\xf5\x1bv\
\xa1\x01\xec\xda\x96\xb1\xdba\x0b\x06\x0c\xc1 \x88\xed\xd8\
\x17\xa5\xf0\x89\x5cz\xa1\xbd0|\x9ar\xd5^\xf7\xa7\
\x16\x1cvr\xdcp\x11\x0c\xf3\xf7O\xbb\x5cTY`\
\x92\x0e\x14\xa2\xa6\x22\xaam\x19i\x1b\xd9\x96d\xa7\xed\
F\xda\x80\xac\xa1\xde#\x1a\x1d\x1d\xa2y\xb0s=\xbf\
{\xf3\xe6lk\x15\x8c\x09\x0d\x88&000\xf0\xe7\
\x93\xafge\x95\x9e\xbc\x91s\x94\xfa\xbe\xb1K\x04\x84\
\xf3J\x9f\xfb\xf3@\xe5@e%,\x22875\x05\
\xec\xde\xb3\xffS5PUY\xe5\xdd\x5cUUUU\
i\xb5VVV5\x7f\xfc\xe1\xa7\xc7\x86\xa7rr\xa6\
*\xf7\x9c\xf1\xee\xbe\xe8\xa4\xa8K\x95u\x7f9\xf3\xd3\
\xb7/]\xda\xff\xd9\x0b\xcb\xac\xd9\xd9\xcd\x99\xeb\xffr\
\xec\x83c\x95\x9b\x14j\x05\x88iI!'\x90+\xa1\
:\x96H\x15\xd9\x0a\xd4\xce\x96\xa8\xacR5\x0cO\x01\
\x96\x9emUJ\x15VE\xf6\xa6\x97[\x82\x05A;\
\x9b\xcb[d\x0c\xc1j UcXv\xb1%\xcf\xc0\
y?\xc2\xe7HP'\x9dbsA\x0eG\xb9\xf6\x1e\
I\xe6\x81\xe4\xc5X\xc0-0\x1a\x134\xfc\xe0\xe4\xe1\
\x87\xb9\xdd2-\x13\x97\xdc\xb9\xbbE0\x1f\xb1X\xe2\
\xe2\xf4qZ}\x1c\xa6\x81Z-\xf8\x00\x088Zm\
\x9c\xd8\x00\x84\xe3\xd7\xc6\xc6-_\x1e\xab\xd5&\xc4-\
O\x88\xdd\xaa]\x01\x06\x80n\xfc\xb7Q\xb0\x0c\x12\x5c\
;\x91\x08T\xa9\x94H\x04\x03:0\x14~\x8b[\xc2\
!\xffC\xc4@\x19\xadT\xa97\x00\x08\x04\xef5o\
&\xc1B;\x03,K\xc0\xd5\x07D[\x097\x5c\xc2\
\xe6\x8c\xfe\xa1\x86\xa1x\xda^q\x9e\xa2\xb8a\x8f`\
p\xe4\x0fMc\x15\xd8\xa6#\x8c\xddB\xd4\xd12\xd2\
\xe2\xb8-\x0d\xaa\xd7\xf6\xb6\xf3\xb0\xffbPH\xca7\
\xd8N\xdc\x99\xfd[\xb7\xec\xeb\xcd\x9b6{\xbd\x9bW\
l\xae\x02* \xbe\x0f\x0c\x8c>hB\xd1\xc9\x92\xac\
\xc6\xb9\xd7Aq\x18\x5c\x00\x94\x00\xff\x85\x99\xe0\xebM\
\x7f\xfd\xe4BYO\xd9\xa7\xa3\xf7\x1e\xfc\xc7\x9f\xffx\
\xf2\xa5\xd7K^ol|\xfd\xf9?\xd6-[\xb2d\
\xd5\xaaU\xbfx\xac\xeaX\x8e\x93\x9a\xda>F\xd5:\
\xdf\xde\xb7~g\xcc\xe3o;\x9d\xd4\xdf\xd6<V\xb7\
D\xae\x00*\xd4\xaa\x1f\x9d\xa0z\xa8\x83\xaf\xfc\xcc\x0a\
E\x92R\x15\x8d\x17_\x85\xa2\xa9\x0ah\x91\x00|\xaa\
V+\xacV\xab\x159\x15\xea\xccL\x85\xb2\xb9.3\
\xa6\xb2\x8c\xa3r\xfa\xd2r-X\x07b\xc5\xfe\x03\x16\
\x87\x97\x1d\x1268N\xd2\x9e\xc1\x87\x85u[\xdc<\
c*j\x8b\x14m\xd4\x93\xa6\x1e\x8b\xe7\xcd\xea\xe3\x92\
\xe3dzH! \x9b\xd0\xcb,<\xafM\x03\xe1\x1f\
j\xf7F-|\xab\x0c^\xcf\xc6\xca\xb4p\xcd\xc1\xe9\
#\x04\xc4\xa2s`e\xb1\xc9\xcb\x13\x00\x22\xd4\xc6\xc6\
Zd\xcb\xb5\xda\xe5\x9b2v\xb5\xa3\x03\xa8y*\x8a\
\xf4\x00\xa2\x94\x0a\x09l\x13\x83|\x0f1!p\x81r\
(\x08Q&\x5c\x9e\x99)\x01\xa3\x90+UQ\xd1J\
\xf5Ov\xb5\xef\xda\xb6m\x1b$\x81II\x00\xe0\xe0\
\xb24\x14D\x87mX\xb0\x06\x91\x08-\xc1\xf0\xb8=\
D\xdb#\xfe\xa1\xfe\x8a@d\xdeU\xc6\xddih\xe8\
\x0f\x1bp9\xa2\xddN\xb6\xdc\xe2\xbc-\x91\xcf\x03\x11\
E\x22\xd5\xd1\xa9\xb3\xebh\x87\xe7\x12\xd5Cu30\
\x1c\xb8\xe2\x0d.\x87\xfbb\xcf@e\xe6@%\x1a\xc0\
\xc0\x83\xbf\x9e\x9c\x9bk\x04\xd6\x18\xe4\x81\xa5Y\x87\x0e\
\xcc\x1d\xc0\x940/\xaf\xab\xb4$\xaf\xb1\xe9\xde}\xae\
\xd6\xb9\xe0\x1b\x18\x18\xad\xfbS\x16$\x87y%%\xdb\
\xfe\x5c\xf7\xbb\xba\xbaU\xab~\xb7\xe4\xed\x9b\xb3\xa7/\
z\x07Z\xbf\x9a\x9a*{{\xdf\xaa\xca\xba\x17\xde\xa6\
\x9c\xce\xafVTf+\x14r\xb5BQ\xb9\xec\x85\x83\
\xa7\xbf\xbc\xfc\xc6\xd7U\x9b7\xaf\x89V\xc2\xcd\x90,\
\x0afI@3\x09\xee\x0b\x0cK[\x95*\xa5T\x81\
\x1bW\xa4J\xb9\xbc\xae\xee\xf1\xba\xa9\x1c\xeah\xbdL\
\x0bq\x1aq\x18x'\xd9x2Kr8t\x00\xec\
#\xb3`,n\x87\xc3\xe3\x19\xdc\xe8\x16\x047\x00\xbe\
n\xd2\xb9I\x83F\x1e\xb8z=y\xad\x9eu\xe7\xba\
\xd9\x8d-\x01\xa1<\x7f\xff\xe1\xb2\xb2\x96$-c\xd1\
\xb3\x16\xb0\x0e\xc8\xf3\xf5\xe0\x01\x10\xf9a\xdd2\x9d\xa1\
#\xc5\x9e\xfc\x84V\x1b\x9b\x10\x17'\xd3\xc7B\x1e\xa0\
]\xae\xff'\x03h\x7f*1\x1a\xcf=*J)\x89\
\x92D=\x8d.>:*F\xa5\x94J\xac\xc0\x09i\
\x96*%\xd1\xd2L\x09X\x00\x14\x010A\xa6\x86\x1c\
\xe0\xc5]X\x05\x00\xb9\x9e\xacH!\x0b\x8c\x93\x0aI\
.`\xb0\x91\x15:\xa0\xb3\x95d\x0f\xd9C\x01\x9df\
r\x9c\xea\xa9\xbd\xe27\xa2\xc0\x16\xa8\xec\xa0\x88\x16\xce\
\xd7\xa2P&\x0c\xca\xc0hN>\x1dJ\xd2\xe9\xf2u\
\xa1Pg\xd1\xfc\xc2\xf4\xf4\xf67\xbd\x9f~|\xe2\xed\
\xabT\x0e\xf7\xd6\x9e\xba:\xeb@\xdd\xc0\x00\xbe\xb7\x82\
/8\xf9_\xc0\x16-\xed\x9a\xfb\xce\x99\xe3<7\x07\
\xa3d\x80\x05\x14\x1f\xba\xfb\xc5\xdd/\x8eN]\xfe\xb6\
\xf5\xc1\x7f\xfc\xf9\xcf\xaf\x96\x94\x10\x9c\xa8\xe4\xf5\x97^\
z\xfe\xd7K\x974W\xde\xe7z\xa8\x8b\x95\x95U\xca\
\xf5;\xd7K\xea\x9a\xeb\xea\x96\xc5<\xbe~\xfd\xca\xa5\
1*\xa5\xd5\xaaTH\x15\xd2\xcc\xe6\xe6\xaa\xaaM@\
\xb3?\xf6\xf8\x12\xb5R*\x871\x09\x94R\x01\xd0\x04\
V\xa9A\xf7L\x0d\xc3\x93\xb0I[\x09\x92\x9a\xd2e\
\xcdu\xcd\xcdkv\xee\xdb\x5c\xb5f\xd3\xcb\xb1n\x9e\
\xa0qP\x87A2\xae\x87h\x00g\xca \xcf\xe7\x91\
c`\xcb\x07ap4\xa7%_\x06D\x0fl\xf6b\
\x05\xaf\x07\x8f\xeff\x89\xbb\x80\x98\xeef\xcb'\xa1\x89\
r\xda\xf4\x9b\x96\xe4\xdf\xbc\x89\xf0\x10 \x02\xe0\xf1\xe3\
\xe2dZ\x8b\x05\xceY\xcf\xb2['\xafC\xef\xbbs\
\xabL\xab\x8d\x95\xe9c\xe1\x01\xc9@\x5c\xec\xf2M\x98\
\x03\xbc\xd4\xbe\xad\xfd\xa9\xf5J\x15l\x11\x8f\x8aZ\x89\
F\x90\x18\xa5\x8c\x96gf*3\xa1\xde\xc3\x12\x08:\
\x80\x90\xf5H\xe4J2)\xa6\x82\x10\xf0\xe26\xc8\x01\
^\xac\xd9Mfm!\xe9\x03\xe1[\x14U\xc2\xe5h\
\x06Z\x9c\xc5\x87B\x10\x9e\x0e\x05B)\x1d\xc3\xbd\xc3\
{\x1d0lo\x17\xec\x06GJ'\x8a(\xa3v&\
\xeeG0\xe6\xebtfZ\x08Ax\x08\xc1hv\xc0\
\xae\x03a\x81#\xd7\xb9\x1e\xeeh\xec\x1e\x9foOv\
ee\xab\xf7\x7fN\xbd\xf3Nk\x1dq\x03\xa3sY\
\xc50D^\xfc\xd2\x0d\xae\x8c\xbb{\x12\xa6\x09\x01\x06\
\x98\xbb\xc1\xd5r9\xdf\xdc;\xf9\xda\xc9\xf7\xceYj\
\xf2\x00\x00 \x00IDAT\xde\xfb\xd3\x9f\x9f\x03\x03\
@\x13(\xc9+)]\xa7\x964/\xf9\xf6\xe0\x1b\x07\
\xbb\xf7\xfe\xe5]\xab:[Q\xb7dY\xdd\xb2Ly\
\x8c\x5c\x9e\xad\xc8V+\xd4\x10\x02\xb2\xad\x8a\xe6fi\
v\xe5~*'\xe7\x83\xc7\x97Jb`\xd7\xa2\x04\xf0\
\xd0\x98\x18\xb9J\x85\x1f@\xa8Tg\x83\x09\xa8\xd4\xd9\
0bi\x85l*&J)\x87f\x9aR\xbd\xf3\x99\
\x97c\xa13\xa3\x8f\x03\xdf\x9c,\x8b\x03\xe0_,\xe1\
\xc1\x97C\x12\x07 \xbf\x8c\x8d\xcb\x1f\x86\xc9\xe1$\xa3\
\x9b\xb4\x93,\xe4\xeb\xf0%\x06\x92\x08RD\x02\xa6\xcb\
\x97\x0f\xces\x94\xf3tQ_o_\x9f\x86\xb1\xc8\xb4\
\xac%66V\x1b'\xb3X \xdd\x87\x1f\xaf\x95\xe9\
\xf5\xe5\x93\xd79\x8az\xab\xf3\x89\x84Xm\xac,\xce\
\xa2\x87L N\xa6\x8d\x8b\x8d\xc5\x1c`\x17\xe4\x01\xbf\
Eo&\x85\xc9?\xb0\x02\x15\x04\x03\xa9<&\x06\xd8\
`j\xb5\x02I@*\xc8\xff3\x81\x16\xaaD}\x80\
h\xf5\x86]\xcfo\x83,\xe0\x0f\x19h\x00:\x9d\xd9\
?=q\xe9\xd2\xd8\xb5^\x87\x996\x14\xc2\xb4\x85N\
\x87\xde\x00\xf5\x12\x1f\xadG\xb1\xa3\xc8\x0e\xa4\x0a:\x93\
\xe7\x16WF-xXZ7\xe8\x89\xf4\x17\xd0\xf6\x90\
]gx\xeb\xfc\xe9\xb1\x90A\x80E])vX\xa0\
`\xd6\xa4m\xec,\xdaxj\xff\xd1\xa3\x97[\xd7H\
\x95\xd9U\xd9U\xad;\xees\xb5\xdc\xbd\xec\x01\x0c\x05\
\x0f\xe6J\x8a\x8b_o\x04\xb2\xe0\x81\xa6\xe3sY\x87\
n|\xf7\xdd\x8d\xc6\xe2\x92\xe2\xa6\xcf\xee\x7fy\xf7\xc6\
\xeb\xb8\x93f\xcb\x9fN\x82Q@\xbb\x00\xd7T<\xb7\
i\x8d\xa2\xb9\xaa\xf2g\x9b/Q.\xd7\xdb\xfb\x966\
7gJ\xa5r\xa9D\x99m\x95*U\xb8 \x012\
\xdf\x95\x12\x90\xd3\xde\xbci\xdf\xbeh\x89\x22[\xb9z\
\xe5\x9a\xc4\xf5k\x14\x0aiT\x8c\x04\xd3aX\xb6\x90\
\x9d\xad\x8eV\x92\x8d\x8a\x90'\xc3\xf7\xaa\xd4Q\xf0O\
hU\xc2w\xady\xe1\xcd\xfc\xc1\xc1N\xfd\xf2d\xd6\
\xb2|9\xa4\x81\xc9?8~8^\x13\x06\x03\x8b%\
\x8e)\x9a\x1c\x1cL\x96!B\x84\xb1\x1e.<\xa0\xfd\
\xf8\x87~\xd1Y\xe8Y\x99V3988\xd8\x06\xe2\
\x7f\xc3\x1b\xcb!+\x00\xcf\x0f_\x8cM\x88\xd5\xc2#\
Vo\xd1\xc6\x99\xf2\x07\xff\xef\xcb\xf42m\xac,6\
N\x1b+\x93i\xb1<\xb0X\x96on\xc7\x1b\xdc\xbe\
\xab\xfd)\xd8\x01K\x16H\x22\xeb\x9f\xac\x0f\x93\xca%\
\xf2e\xc0\x0c\xc0\xeaO\xad\xc2\xab\x0f\xea\x91J\xf8w\
Q\xac!9\xc0\xae]/\xbe\xf62\xb9\xe6F\x90\x5c\
rqe#\x0e\xb7g\xfe\xfc\xd8\xfe\x9b\x11s\xbe\x0e\
\x17\xdd!\x05\xdfn\x83\x998^g\xcc\xd7-\xaa\xa5\
\x1f\xf1\xdfr\xf58o\xf9\x19\xa1a\x96\xa2prC\
(\x00\x94\xf8l\xd0A\x9b'g\x9d9\xd4|\x9bV\
\xc3\xb8\x89\xbb\xdb\xbd\xa9\xaa\xca\x9a\x9dmU\xaa\x9a%\
U\x9b\xbf:{\xfe\xfd3\xd9\x03\x95\x950\x1a\xf2\xde\
\xc9\x97^z\xfd\xa5\x97\xb65\xbe\xf6\xc9'Ms\xc7\
oP\xb5\xce\x87\x8d\x8ds\xdb\x8e\x7f{4'\xe7\xee\
\xeb\xa5bV\x00\x94\x81<\xb4\x81\xbc\xbc\xd2\xd7\xfe\xf8\
\xcb_>\xd9\xbcy\x87v?E\xe5\x9c\xfa\xe9\xceW\
\xfe\xd7\x0a\x80xU\xd1+\xa3U\xb0W]\x0eV\xaf\
\x8a\x8a\x81)9\xa5\xb52\x1bs\xe4\xe6\xec\xaa\xfb9\
Gs\x8e\xed[\x02\xa1\x1f\xbc\xbf\x5c)\x8fVf\xe3\
V\xe5D\x95J\xaa \xda:\x0a\x95\x5c\xa9\x94J\xe5\
\x8a\xec\xe8\x9d\x9b~\xb4\xe9\xdf\xdf\xa5(\xea\xcb#o\
\xea\x0b\x8b\x8a\x1c\xf9zV\x8fe\xe0\x0fI!\x14r\
\xd0\xd1\xd1Z\xe2\x96\xc7=\xf1\x1b-oa\xa1\xcf\x17\
'ce\xc9\xc9\x90\x0a\xea\xd9\xc5\xd7cD\x90%\xb3\
\x16\xb7\x89\xe15E\x7f\xdb?q\xb6\xef\xc8VK\x5c\
BBB\x5cr\xb26.!6!6!!!a\
y\x9c\x0c<}lBy\x9cV\x1b\xa7\xb7X\x00\xff\
\xd3\xc6b'(a\xf7\xcb+6=\xb6\xeb\x0f\xe0\xc1\
\xdbw\xedz*Q\xa5L$R\xf0d{\xa8\x02\xff\
\xde1J\xc92\x09\xec\x18\x17\x89\x81\xb8X\x045#\
U\x92h\x85\xfa'P\x04n\xdb\xb6\xeb\x0f5\xbb\x0b\
C\xb0\xee\x1a\xb8\xc1.\x17\x953\xa2\xb3\x0c-\xb8z\
\x9c\xb3\x9ed\x94\xd2\x01UL\xb3 \x98\x1d\xbdW\x17\
n\xcd\x17\x81\x82\x02.\xc1\xd4\xd1\x1a\x87\xd0\xdb\xd2\xeb\
\xee\xa4\x8d\x0dW\xb8Z\xeaf\x84\xb6\xe9\x02\xa1\xe9\xe9\
\xe9\x8b\x9df\x9a\xf7\x9f\xa0j\xa9i?O\x9b\xb5\x83\
\xb0\x8a\xec|\x95\xbc\xb99;\x1b\x96\xd8[\x9b\xb3\xad\
P\xc9\xd5\x0dTVVVb\xc1\x879\xe1\xe8\x9e\x8f\
\x9cN\xe7G\x7f\xb9}\xff\xfe\x97\x1f}waj\xea\
\xf2\xc3s\xe7\xee\xdeh\xec\x02t(o\xb1[P*\
\x06\x81\xbc\xbc\xbc\x7fP\x9cs\xca\xb7\xc3[U\xf5\x81\
\x8b\xa3\xf6W\xee\xfc\xdb\xd9\xf7\xf7\xbf\xbbr\xc92%\
$?\x08\x83\xc5\x00aP._-\xcf\xcc\x5c\x16\xf3\
\xab_\xad\xday\x9f*s\xfe}\xfd\xaa%\xcb\xe4J\
\xb9t\xc9\xd2%rp\xfd* Q\xc3\xbd\xb1J\x95\
\x99V\x85\x04\x22\xa7\x5c\xd9\xacP,\xd9w\x8c\xa2\xa8\
\x89y\x8a\xa2.\xed~\x99>\xed\xe4(\xdf\x11\x1e;\
\x05,\x0b\x94A=1\x00\xb4\x03\xad6N\x16\xcb8\
t:&\x16\xfc\xb8L\xa6\xb5\xc8\x92\xe3\x921y\x80\
\xdb\xad\xb7\xb0&\xfc\x868\xb0\x16\x99\xdb\xed\xd6\xc24\
\xf8\xd6\xad\xb1\xf0\xdaX\x8c\x01p\xfc\xb1q\x09\x09\xcb\
\x13\xb6n]\x9e\x00\xaf]\x9e\x80Y\x81ly\xc2\xf2\
\xe5\x09\xbb\xb7\xbe\xfc\xcc&X\x0f\x1b\xf3\xf3]/\x12\
 `\x17R\xc2D\xe5\x0f\xfc;GEK3\xa5 \
\x0e.\x91(\xa5R\x85B*\x7fd\x01\x22%$Z\
\xa9zr\xdb\xaem/\xbe\xf8\x22\xe4\x000d\x99\x14\
\x0aM\x0a\xbd\xbd##}\x01\xbb\xce\xd37?3?\
R!\xe0z{\xb3\x86\xef\xac\xee\x9e\x99\x89L\xbb\x0e\
\xbbf\xfd\xb4=\x1f\xd5\xd5@x)_'\x08<\xe8\
.&\xa5\xa6w\xd8\xfa\xe7\x9d\xe7\x9d'@a\x18\xa4\
\xf6L\x1b\xf7v\xcf\xcc\x08IF\xb3@\xb7\x5c\xb92\
\xfb\xf9\xd6\xaaJ\xc8\xb4\xa06\x83\x0d\x06`\x00\xd6\xcc\
\xca\xca\xcaV4\x82\xbaV\x10\x96\xde\xfb\x11\xe7\xe4>\
\xdb\x0c\xab\xa7\xee]\xe0\x9c\xb5\xdc\xfd& \x8e\xe6u\
\x15\xe3\xa1\x97\xe6=\xea\x16\xa2=\x94\xdc\xa6\x9c\xdc\x94\
7\xbb\xaay\xd3;S\x14wz\xf3O\xafQ.\xea\
\x83}\xcb\xe4\xd0\x05\x94\xc3Lt\x0cx\x80\x98%\x95\
\x95\xab6\xbd\xfd\xc5Wo]\xaf\xda\xf9\xf7\x8cw\xdf\
}\xec\xcc\xb1c\xc76[\xb3\xab\x8e\x1d{\xf7\xdd5\
\x900+TV+\x80\xc6R\xa9R\x02\x91D\x8a\xff\
bJ\xe5/\xd0\x00\xca\xbc\xff\xba\xef\x95\x17\xd6l*\
\x1f\x83\x99\xcd\x8dn\x91\xd2\x05\xadb\xf4\xf1\xc4\xaf\xcb\
\xb4\x16w\xec\xe4\x09\x8a\xa2>\x1f\xdcj\x91\xc5%l\
}b+\xf4\x80,z\x19`{P\xc9\x93\x96Nl\
,$\x04Z\x8b\x16\xea{\x996!V\x0bg\x9b\x10\
\x1b\x9b\x90\x10'\x8b[\xbe|y\xdcr\xb8\xef\xe5\x09\
\xb2\xd8d\x04\x86bc\xf5\xb2\xb8\xe5o\xfe\xf4\x99\xcd\
\x9b\x00\xa7\x90C\xbboC;\xe4\x00\xed\xdb\xb6\xed\xfa\
m\xb4\x94L\xfd\xa3\xf7\x8fV\xad\x5c\x19\x03h\x07,\
\x92\x96\xa0H\xa8\x12(\xe2\x04\x13\x07\x084Z\xa5Z\
\xa9Tm\xd8\xf6\xe2\xae\x17\xff\xb0\xed\xc5?\xd4\xbc\x89\
d{\x10?\xd7\xc0|} D\x87h\x18\xa8\x06\xa9\
,\xc8\xef\x8c\xa6!\xdc\xd4;s~\xec\xec\x82\x07\xd5\
\x15\xe0;\xf2i\x1a\xa4\xf14F\x1d\xc8\xb0\x08\xb4i\
h\x81\xebq\xde\x1a\xe2Q\x93\xc5\xa8\x01\xed=\xde\x08\
 `\xa4\x9b\xea\xe1\xce\xeeQg.SX\x11\x83\x85\
\xba;\x1b*\xef\xca\xaa\xaa\xca\xaaJke%\x9c\xfe\
\x94\xd3\x99\xf3\x81o\xc7\x8e\xca\xd1?\x8f\x8ez\xff\xe7\
\x02\xc7q\xce\xf7ac\x1d\x08L\x90\xe8\x0f A^\
\xde\x7f\x95<\xe2\x0c\x1c?\xfe\xa0j\xd9\xeaf\xabt\
\xf5\xd3\xaf\xec[\x9f)\xf9\xfb\xb1co\xaf\x8a\x96+\
\x95`kh\xf2\x00\xfd\xca\xe5\xf2%K\xab>\xa4z\
r\x5c\xae\xf3\xaf\xec[\xbf\xe9\xccQ.\xe7h\xdd\xd3\
r\x1f\xac\xca\xdd\xf4\xb8\xd5\x8a\xf2YX\x10`-\x15\
%%!\x04\xb0\x95\xc7_y\xe5\x95W\xd6\xa8%\xc0\
\xaa\xab\xda\xbc\xe3\xeb\x977U\xbd\xfc\xa6\x8c\xb5\x98L\
\x88\xec\xe8\xddnK\x9cE\x8fN\x80\xd5\xba\xd3&g\
]\xb5\xdc\xe7\x93\xbbc\x7f\xb3wx\xf8\xfa^\x9d\x16\
\xdb\xfcX\xbf\xc5\xcadp\xe6,\x82:Z4\x0a\xc4\
v\xa1\xc0\x83\xe3\xd7\xa2\x13\x80<?9N\xbf\x1c\xe3\
=\x96\x84\xb2\xd8\xado\xbe\xbcb'\xf0{\xa4\x0a\xb4\
L\x89\x5c\xaa\xfcy;x\x80\x17\xb7A\x12\xa8\x22\x12\
qQQ\xa0\x12\x1e\xbdR\x85\x08P\xb4R\x1e%\xc9\
\x86\x85b\xd6L\xc2\x0f\x8f\x96\x10\x03P\xae\x8c\x96\xaa\
\x7f\xf2\xe2\x8b\x7f\x80\xb7?\xd4\xbc\xa9\xa3\x05\x90N\xd6\
A\xd9f\xb7wx\xfc\x1e\x1b\x9c(\xe0{Iv\xda\
\xa8\xd3\x84\x17\xce\x8f\xed\x9f\xf7\xc3\x0a\xc5$1,$\
\x15y\xfcC\xa9\xdd\xdd\xdd}\x9d&\xa39\xdf\x98o\
\xa4\x8b\x86\xe7\xc7\xe7\xfb\x067\x82\x94\x8e\x19Uvh\
#\xaf3\xd3\xe6\xce\xbdW/^|{\x93d\x09\xe2\
\xed\xaa\xc4\xc4D%\x08\xd6\xa8\x14\xc4\x04\xf0\xd1\xbaj\
\xcfY\x8es~\xa0\x1e\x1d\x18E\x90\xf8\x81\xf7\xd8\xe5\
\xa9\xa3\xe7J`\xbc\x14\x11\xe2\x12\xc4\x00J\xb7\xbd\xfa\
\xcbmy]\xff\x05fPR\xdcU\x92\xf5\xea\xff!\
\xebm\xe0\x9a:\xd3\xf4\xe1srr\xbe8\xa40\x18\
L0\xd3\xb2\x0adO \xe5h\xec\x96\xc5\xc6I\xa7\
\xfd'\xef\xf4P\x92\xb1\x8eK`\x9b\xa6\xeb\xe8\xac\xe0\
\xd6\xa1\xd0\x81\xc2?M\xaae\x97t\xa5\x0c\x1e2\x0a\
\xb4\x99\xd6\xaf\x95q\x95\xae\x8e\x0e\xd4o[Am\x15\
i\xc7\xaa\xad\xdf\xd5v\xd4\xf1#\x9d\xed8Z\xb5}\
\xf7zN\xe8\xec\xef}\xd3\xfaY\xa0\xc0\xf3\x9c\xe7\xb9\
\xef\xeb\xba\xee\xeb\x8a\xc75\x07\xedP\x1de\x8e\xb8\xa5\
,\x1e/\x8bk\xac*\xd3\xa0\x01\xf4p<\x9au1\
n\xb3yZ\xf0\xe2\x8e\xab\xa7?\xe1wNO\x16\x07\
c\xd7w\x9c\xbe\xeer\xbb\xd8;\x1f\x5c\xba\x13\xac\xa6\
\x00\x0d\xd3\x12M\xc9\xb2\xccTwe:K\x83\x82H\
\x93\xd9\x0a\xb0\x85&\x91r\xbb\xa9`[oo]\x05\
Lv\x04\xca\xe4q\x96\x0efC\x18b\xcf\x9d\xf2\xf8\
\xaf\x9fy\xf4\x01[U\x01d\x02U\xd6\x82YE\x85\
\xf6\xc2\xaa\xd9\x83\x1b\x91Wy\xadvv\xa4\x0a\xecq\
\xb6\x01\x07\xbc\xa1\xc0j\xb5\xe16\x00\xa0WR2\xb1\
\xc4`G\xcf_B8\x9e,R\xde\x95,(\xc9.\
\xc9\xcf\xce\xb6\xda\x89\xc8\xa0~0\x9aY\xe7\xe1TJ\
b$\x17\xbc](\x91\x8c\xfb\xb3\xd4\x93o\xb4\xb6\xe2\
\x08\x7f\xe1\x8d\xe7LFl\x00\x11;\xc0\xe5b$F\
UI\xcb'\xd2F\x5c\x01H\x17\xa6\xc0\x8b\xb2\xba8\
\x1c\x94\x91@y\x9el%\xaf\x85[\xfeupR\xcf\
\x94\x09\x93j&M\x22&\xf9\xb5Gy\x9f\xf7\xf3\xda\
\xaa\x09\xe4\xcf\x13\x90\x970i\x02\x02\xee\xb0'&\xf4\
<0\xa9\x08\x13\xf8\xb9\xaf|\xc8\xfb|>\x18u\xd6\
f\x17\xe6\xea6\xf9E\x85S\x0bf\xe5\xe4\xcc*\x9a\
\xd03!2a\xc2\xdf}\xef\xf1\x1a\xd8\x9cFJ\x9c\
\x0eK\x99\x83VeM\x15X\xd5aQY7#Q\
&\xce$\xa8\xfe\xb8\x1aW\xfd\xcd\xfe\xe6\xd8\x86\xf0\x86\
={>\xd2\xd1\x81\xedzw\xb8j\xc3\xaa\xbe\xedw\
\x7f\x8b\xe6\x7f>\xb1\x1d\x9b\xb7\xb4\xb2\xf2\x1fb\x1b\xfe\
\xaa\x19\x98?\x7f\xde>\x95\xd6\xd4\xb2\xc7\x1e\xb3\xa8\x92\
\xa3Y\x93\xcc\x92\xa4j\xb2\xca2\x12\x03\xc8\x83\xe0\x1e\
4;s\xe6\xb3\xee\xbd\xa0\xfb\x1f\xf1;\xb7\xf2\xbco\
gr\x9a\xaa94\xcd\x1f\x8b!Z\x01\xad?\xc52\
\xac\xaa9$K\xcbiE\xf1\xee*u\xf8M\xfa\x1c\
\x8dh\xcc3\xc9qGj\x87\xcf\xc7oMZ\x18\x81\
\xd5d\x99\xe3\x04\xd9\xef\x09\xa7\xa2\xf5%\xeb}>\x85\
\x08\x81Q\x04dg5666v\xd776\xd6o\
\xbc\xec\xf3*[k\x1a\xed\x86,\xdc\x11\xfa\xd3\xad?\
\xf7Y\x06r\xc9c\xd9'\x1a\xb2K\xca\xd3\x17\x84\x15\
\xff=+;?\x1f8`I\xf9\xe0\x0cg8h\xa2\
\x05R\x98\xaa\x94\x8bAo\x8fO\x14,?k|h\
\x19\xd6\x1f\xa7\xc0s\x22\xf2\x1f\xb0\xb0(\xef0\x1c\xc3\
\x00\x01\xa0(p\x01\xc0\x82eYNk\x01\xd1/\xea\
\xad\x8e\xe7\xc9\xd6\x17\xb6\xb4\xb6\xb6\xbe\xd0\xfa\xafm\xc4\
X\xf9{o\xbf\xfd\xca\xeb\xbf\xfe\xdb\x9e\xff\xfa\x8b\xaf\
\x9d\xbf\xf2JD\x0f=&\xd8>\xdc\xb4\x1e\x9d\xf2\xbd\
\x9e\xdf\xfdn\xfd\x84\xa7#p\xce\x9e4\xab\xf6\x1a\xbf\
\xae\xdd{\xa4A\xf9\xf2\xdf_\xf9\xaf\xda\xa7'L\x99\
\xa2ge\xa7\x9d7\x22\x93^\x7f\x87\xe7\xbd\x9bW\xda\
\x0b\x8b\xa6\x94\x04%\x19\xea,\x87&$w]<\xb7\
)(\xc75\x952\x89y\xb1\xeb;\xaf_\xfe\xa8n\
\x83\xdf\xdf\xac\xc6\xfb@\x00>o\xc6\x16\xd8\xbea{\
\xf3\x9b\x9b.\x1c\xbb\xf9\xe6\xc8\x1f~\xfa\x22\xb4\xe3s\
\xd6\xcc\x9d7\xf7g_\x07\x0e}\xf0\xe9\x1f\x1co\xed\
\xff\xe7U\xff\xf7E\x92W9o\xcbO\xcdf\xff\xde\
s\x177}\xc4\x95\xb1\x8cYUUI\xc27\x8aq\
\xa3\xe5G{,p\x8e\x8a\xd1\xbd\xd7\x0e\x9f\xe2\x15\xe5\
N\xc5\xb3\xc5\xc3\xde\x00\x7f\xec\xe1\xb8\xac\x9aU\xb3\x9b\
\x12\xfd~\x8e&\xf5\x11\xc5\x0a4EY,-;y\
\xc5\xbb\xab\xc5\xe1\x87f@$\x9e\x0aFJ\x9b\xd9\xb6\
\x83\xe7}[{-\x14+\xcb,b\xf8hV\xe0\x04\
\x96\xae[t\x08\xb6^\xb5\x1b7\xd6d\x1b\x0c%\x86\
\xecF\xeb\xc4\xfa\xac\xc6\xd9\x8d\xf5\x05+\xb7m\x8b\x5c\
}\xef\xbd\xa3\x85\x0b&\x82\xc9\xb3[\xad6\x8c\xfe\xd4\
d[\xedY\x13\xb3\x0c\xd9\xdb\x0e\xd4>SS^^\
\x9ee(\xd1\xa1\x1f\x83!\xdb\x90?\xb1|0\x9ar\
\x06\x83\x1e\x93\xc0\xb0d\xb6\x87f]\x92\xc40\x0c(\
]`z\xb8\xcc\xb1\x01\x16.\xd4\xcf\x80\x1f\xe6a\xf4\
W_a\x912B%)I\x0cJ\x18\x095\x00\x82\
E\xd3cB\xa4G\xa0\x18\xc6(r\xfe'\x17.[\
\xb8\x05;\xe8\x8d\xc9\x0f<\xfa\xfd\x7f{\xf4\xd7;\xbc\
\x8a\xb2\xf6\xf5\xaa\xef\x7f\xef\x17\xbf\xe8\x01\xa4\xfb\xc0$\
=\xf6\x1af\xaa\x93\x1e\xfdU\xce+;\xf8ve\xed\
\xdb\x11b\xb2\x9d\xb32\xe7\xdd\x0f?A\xcc/Xn\
e\xc5\xdf\xf4L\xea\x99\xa4\xa7\xe4\x10\xfb\x95\x9e)\xff\
\x08w\xf3\xcd\x8f\xdasss\xea\xfdT]F\x8b3\
f.\xab\x88\xed\xf6\xf9\x02{\xdc\x8f\xc55\xdaHw\
-:\xd4\xbe\xce\xb7\xb77\xde\xdc\x1c\x8f\xc7\xcd\xd3\xca\
\x9e\xdf\xbe}\xc3\x86\xe6U\xcd\xcf\xc7\xb7\x87\xb7\xf2\xef\
\xf0;\x7f\xba\xf4L\xe5\xbc-s\x87\xbe\xfd\xf6\xdb\x9b\
\x03\xf3;\xbeV\x94\xc0\xee\xdb\xe6\xb76\xc47\xbc\xb5\
\x05\xcb?w\xcb\xbc\x1f8\xa6-\xba\xaa\xbc\xc3\xefM\
Z4V\xf6sh\xea\xfd~\x8f\xc9\x04\x84\x9f\x93e\
K\xb27\xb9\xe0\x98\xef\x1d\xfehoqW\x05\x1d7\
\x17'\x93\xc5\xc5\x0e\x96\x85`\x9cF\xb7L\xa9D?\
!\x08\x14K\xabj\x5cK\xf6\xf6\xb6\xe4\xb9)2\x5c\
IJ\x16A`X\xa9:\xd9\x9bL\x16\xbb-nA\
0\x12\xbd\xb5N\x22\xd0\x123\xfd\xe1\x96m\x7fQ\xbc\
\xca\x97+Cm\xf5\xd6\x92\xaclk\xe3l\xd2\xc7O\
\x1c\xdc\xb6^i\xf7\x1d/\xca/\xcf\x02$h\xcdz\
f\x87W\xf1^\xd9\x18\xad\xcf6,\x18\xdc\xf8\xb9\xa2\
\xf0\x9fm\xaco\xac\xaf\x9fXR__?\x18M\x85\
\x9cA\x8f\xc9Ds\x08y\xa1\x09\xabc2\xea\xac\x05\
\xc5B\xd8\xa9\x12\x89\x0bh\x1e\xda\xf8\xd0\x1bX\x7f\xd2\
\x05T\xe8\xfd_\x1e\x82\xe3(\x97\xcb%\xa1\x08\xa4\xf1\
\xecS4a99\x0e\x10 \xa2D(\xa3\x09P\x98\
\xe0\xf7<\xd4\xffB\xeb\xc2\x85/,[\xf8\xb3\xd0\x03\
\x08\xd3\xfa\xe5{\x8a\xcf\xfb\xe1\xebV8lM)\xd2\
\x03K\x1fH\xc7\xe2\xc2Pq\xd6+W\x95\x80\xf2\xee\
\xdbS\x1eH\x87d\x15\x91\x98\xdf\x0f\xe1\xe9\xea]\xf1\
8\x09I\x22\xefPS3%\xa7hBON\xcd\xc6\
\x03\x07\x8a\x22=\xb9\x85\x85\xdd\x9a\xe7\xb4\x8f\xe7w%\
\xcdT\xf1\xc9\xa3G\x8f\x8e\x85c\x8b\xfa\xbahZ\x8e\
\x9d;x\xf0\xe0\x9e\xba`\xb0\xcb\x1f\xdf\x10w\x8d\x0e\
\x0f\x8fn\xa0\xcbd\xff\xe1\xe1\xbd\xa3\x1f\xdd\xbb\xbe\xf3\
\xe4oa1\xf0\x87\x9b\x8a\xe2\xf5\xf27\xce\xac\xa9\x1c\
:\xfb\x87\x91}?{\xab9\xde\xb7\xfd\xccR\xe8E\
\xceT\xbe\xd9\x1c\xef;\xb9\xf3\xf2\x9d\xe1\xa0'\x1c\x1a\
\x7f%R\xa1P\xa8t\xb0\xbc$\xda\x97:\xea\xf3\xf9\
\x02\xe7\x8f\x07.<2\xcdlf\xcdnI\xd2\xf0=\
t\x90\x05'\xcd\x11~\xc7R,\x05\x0a\xb5\xda\xedj\
\xe9\xedm\x89\x09\x14\x82X\xd3\xe6\xcbFJSi\x93\
&vMo\x8b\xd6Q,\xe1\x12\xf5\xdc\x15#\xcb\x08\
\xb2\xa0\xb5]U\x14\xe5X\xb29\xd6\x17vF\x07\xeb\
\xcb\xeb\xb3\xb2&\xd6\xd7\xd7\x97/(?\xbcv\xf3Z\
{vvy\x09\xf8B\xdb\x81\xf70@s\xa0\xdbZ\
?\xb1|\xf0\xc0)\xf8Kl\xec]0\xb8\xa0 \x11\
3\xc9\xa4\x973\xba(\xca\xe5\x02\x8d\x8fy.\x01\xc6\
\x1f\xe3y\xbf4N#\xa2\xf2f)A\xcb\xc3\x15\xb0\
e\xe1\x0bo,[\xf6d\x85n\x0d\x80<Pl\x14\
\x17C\xab,\x8d\x81\x19\x86\x82*\x92\x93\xf15\x8a\x02\
\xea[=WL4r\x9e\x07\xd35@\xeb\x1b\xe1W\
\xae\xf2\xbc\xf2\xd9\xbf\x1f\xa8}e%V1gJ\xda\
H\xf9\x81)E\xa4=\x80\xc9\xce\xafz\x1e\xfd\xde\x81\
\xd7k\xbf\xff\x00\xc9A\x9d\x84Y\xfd\x7f;p\xe0\x95\
\x0f\xbf\xfc\xf8\xca\xbf\xbf\xf2\xf63\xaf\xbf\xf2\xf6\xdb\x7f\
3%\x87\xe4\xa2\x8eg!!\x04\x15\xb6FU\x99\xe6\
\xf0N\xf4F\xc1\x99\x16)\xee\x98\x96\xbc\xa8\xf8\xbcG\
2],\xa5\xc6\xe3\xab\x82\x9b\xbc>\xe5h\xf2\xb1\xb8\
1\xbe\x9bW\x1a\xf6\x04\x1f3\x8d\x06\x14\xe5\xfc\x9e\xf8\
\xdd\xbb\xfb~\xfb\xfe\xfb\xef\x0f\x8c\xdc\xf0\xb6\xb7\xb7\x07\
n\x9eY\x83\x96p\xee@\xe5\x0f\x92\x15\xcd\xf1\xff\xe9\
\xfd\xfd\xb1X8\x1c\xee\xeb\xf3\x9b\xba\xc2Ng\x9d3\
\x94\x0a\xa5J333\x9d\xa1P\xd8\x19.\x1f\xf5\xf2\
\xdeO\x12\x83Gy\xde\xbbi\xd0\x99\xe9\x0c\xc6\xfc\x1c\
k\xa6$7\xc3\xb0\x0e\xda\xe1@\x8d\xc8\x12O-\xe4\
.\x0a4eV\xd5\xb8\xc5\x1dD\x8c\xfbp\x97*\xe3\
{\x89\xef\x96Qw\xda\xd3\xcc\x8fl\xf2z\xbdW\x13\
\xaa\x9f\xd3k*\x8a\xc8\x8dd\xcd\xcf\x99\x92\xbd\xc9\xde\
\x8a\x93'/lB<\xa3\x9b5\xc5\x82\xe1\xba\xb0\xd3\
\x19\x9a\x91H\xa5B\xd1hi4\x1a\x1d\x8cF\xdb\x06\
\xb7m\xdb\xb6m03\xb34\x95\x8av\xa6\xa2\xd1\xc1\
Rgp\xc6\x11^\xf1^\xabS\x890\xcd\x84F\x94\
\xa6UV\x9f\xe4O{\xbf\xe2\xffC\xc0iAw\x00\
cY\x8e\x16\x1eD\x0d\xd0\xfa\xc2\x0b/,{*/\
O\x0f\x87\x07\x22H\x89\x22C0.\x9aR\xa1\x87`\
I5\x00\xb5\x18\xa0bJ\xdfUF\x91\xf3<\x84\xc5\
\xc7\x8fe\x09\xe8\xfa|\x7f\xf9\xcf\xc8\x84\x09\xb3rt\
\xeb4\xb2\xfa\xf0R-\x22\xc9(5(\x03\x89\xd3\x12\
\x1e\xf4\x07H\xc5\xd7\xf3hQ\xc1\xd3\xbf|OQ\xde\
\xfbe\xee\xca\xf5>\x9f\xaf\xe1oW\xea\xa1\xa7i\xbf\
dX\xddEr\xab\x1e]\xf1\xfb\xdf\xaf\x8dOn\xeb\
m)\x9einvh\x9a\xe3\xbe\x8b<\xef=\x9d\xa2\
9\x7f\x85\xa0m\x08\xde\xe0\x95\xf6c-\xd3\xd4\xe2\xfd\
\x97\x8e\x1f:\xb4\xc7S\xe6\xdfs\xe7\xf8\xf1\xeb\xdb7\
\xc8\xc3\x10}\xde|\xbf\xe3\xe6\xa1C\x87\xce\x7f\xfaU\
\xe5\x1a\xfdUyOi\xf8`\xaf\xe5'\xcd\xcdf*\
\xb6(\xb6(\xe1t:\x9d\x89p\x22\x94pb\x0fL\
\x8e\x96\x0f\x0e\x86B\xce^\x82\xcb//m[\x90?\
\x98\x19-\x9d\x1eM\x05\xc3A\xbf\xa9B\x94e\xd6\x81\
F\x1f\x83c*\xcb:\xccn\x1a\x1eZ,\xc3Jf\
\xb5\xac\xcc\x89\xcd:\x9aT\xa1\xac7\x99\xf0\x1d\xa7U\
@\xeb\x8c\xa5\xed$\xafxw\x86\x18#\x94\x16*K\
\xdc\x19A\xc3\xfbE!\xa61\xc5c\x81v\xdf\xeeD\
\x97L\xb4\x88\x9a\xc3\xa1:\xcc\x1a\xeb\xf07\xcb\xaa\x1c\
\x1b[\xb2\xa8/\x98g\xd2_F!\xe6\xf7\x10\xed\x09\
\xa7i\xa6\xf0j\xde\xeb\x1dvj~\x0e\xa5%\x0b\x1a\
O\xa2\x04V%\xe8\x8d@\xe1ifY\x8eciZ\
\x1f\xf6%\xa0\x8e,s\x0f\xbe\xd1\xaa\xdf\x01\x0b\x01\x05\
\xe3\xac\xca\x83\x04\xcc(0\x0cC\x89\xfa\x91!QD\
\x04\xc6\x22:\x90\xf44\x1c\x97\xdeU\xa2\xe7A\xd4\x0f\
\xad\xad\x0b\x9b\x96\xa5~\x01\x00\xe8w\xcf@\xd4\xf1\x00\
\x09\xca\x80\x9b\xf6\x04\xf0\xfa5E\xbac.\xb1\xc8\xd7\
#S\x88wr\xd1\xa4\x08\xc9\xb1\xfc\xc7w?\xbcr\
\xe5\x97\xb3W\xae\xc7=\xf0\xab\x95(\x01\xd2\x16Ki\
\xf3\xd3\x9e\x9e\xda\x8f\xf9\xf6\xc0\xa6:\x87F\xb1fM\
\x22\xaf\x8a\xfb\xa2\xa1\xa0c\xf2\xae\x86\xf3\x0d\x07\xc3\xd3\
\x8a\x93\xc9\xa4'\xaeJ\xaa\xec\xf1w\x05eG\x5c.\
\x8bk\xea\x86\xf8\xf3}\xd8\x00\xbb\xbf}\x7f\xcb\xd2\xca\
\x81\x81\x01\xdd\x80|``h\xce\xbc{|\xbb\xef\xcf\
\xc1\xe6\x0d}\xcdr,\x1cNu\xa6R\xd1hw\xb4\
;\xeaL$\x12\xce\xba\xb6c\xde\xe3\xfc\xa9\xf2\xb0\xf3\
\xbe\x92\xa9\x0bf\x94\xe2^\x88\xce\xa8/)\x1f,/\
\xcf\xeaNe:\xc3\xe1\xa0\xc9h\xc6\xa8\xb0$\x99+\
\xf6\x0f\x0f\x0f\x7f\xc4q\x82\xaa\xaa@W,3\xcb\xb4\
\x8a\xde\xde$\xa5\x99UM\x95QW\xd3\xe4\x92\x90\xcc\
\x0e\x95\xaek\xab\xcfr\x9a\xb8<N\xe6\x04\x81\x96Q\
#\x90\x5cvA\xe04K\xf1\xe8\xeeC\x0d\xab\xfb<\
\x92\x8c\xef5\xdaPJ\x93PB\xb2\x0e\xcfZE\xf1\
\x9d\x0f\xfbUV`\x898\x13\xc3\x19\xb8\xa6eJu\
\xc4\xc2\xe1\xccR\x8f \xb2\xb2_\x10E\x1az>J\
\xe6Dl=\x0a\x09 \x8c\xa0\xd1\x14F\xffY\x94u\
\xb4\x11O\xb4\xc9$\xa67@\xeb\xc2\x17\x16>\x85\x88\
 !}Y\x19E\x8c\x08\x0b\x9cI\xd6\xd5\x9f.\x11\
{]\x16u+I\x22\x81!\xf6\xe1\xe4\x0a [`\
\xd9\xe0\x03EE=E$?\x01A\xe8$\xee\x16\xf5\
|\xcd_-\xd3\x8az&<^{\xa0\xf6\xe9\xc2H\
\xda>12\x89d\xa1\xc0>\xdaZ\x90\x9bS\xf3\xf6\
\xdb\xaf\x1f\xa8\x81y.6I:\xfb\x12\xee\x0bS\xaa\
\x9e\xfe\x92\xf7\xf2\xbbZh\x8e\xa2$A\xa5h\x87D\
3.\x17EYZv\xf9\xd6y/\x17\xcf\x1ck\xd6\
4MU5\xae\x19^w2\xa7\xa9\xb4F\xb9\xcd\xcd\
\xe1X,\x11\x8a\xf5\x85\xc3\x1b\xb6,&\xceR\x95k\
:\xee\x05\x02\xde[g\xbe\xda5<\xba=\x16\xeb\xcb\
\xd8sq\xed\x95\xb1D01cs\xc0\xab\x9c_\xee\
\x0c'B\xa1\xe4\x82\x8f\xf9v\xfe\xf3ma\x14\x02\x19\
\xe1\x903\xe1\xac\xdbvY\xf1*\x7f9\xce\xf3\xfc\xe1\
\xc1\xffi\xddR\xa9\xb0\xd3CKnI5?q\x91\
_\xe7\xfd,ZWgr\xbb\xdd\xb2C\x8d\x97\x99\xa5\
\xb8\xa6I\x9e\x903\x1c\xac\xe0d\x0e\xa3\x95@\xd0\xb0\
\xc8\x02MK\x8c\xa0Qy\xa0\x911p\x09On\xd1\
/\xd2~YE*\x9f?\xe8A\xddI\xe3\xab\x10\xd3\
\x85%\xc3\xb2\xd4\xcc\xe4h \xd0\xf0A\xcc-\xd1\x0e\
U\x07lQ\xa7\xb3,\xed\x87\x22\x01O\xbe\x9f\xf6s\
F\x86\x15M\xa6<#r\xa0\xd3d\x0e\x81o\xaa]\
\x98\xf4\xa2E\xd1\x04v\x97\xa5T\xcah\xe2h\xee\xd9\
7\xc8\xfaa\x03T\x88\x1c\xa7'\xc2\x10\xb9+\xd8m\
\x08\xe0\xc0\x10b\xdd\xb1\xed\xe0\x0a2>\x19\x88\x0d`\
J\xd7\x00\xe8\x02\xa2\x0f\xa0\xee#?\xa6\x90\xeb;R\
\x84\x5cKb\x9e\xa8\xa7\x1d\x16M)z|\x87\xe2\xf3\
]9`\x9f\xf2\xd7`$\xe2\x8c\x19\xe9\x81\xc9\xe5T\
b\xc1:\x09 \xf0\x94\xa2\x82\x82\xdc\x88n\xa5TT\
4\xe5\xef~\xf9\xcb_\xfc\xddT\xa7\x9fr\x08\xe4\x98\
b)\xa2\xd4\xa4(\xba\xcb\xb3k\xf8\xca\xc1\x83GO\
\xee\x17\xcc\xa0\xdd\xf0m\xf3C\x96#s\xcd\xcd\xcd\x89\
\x9d>\x9fo\xd3\x13\xb1p\xa8s\xd5\x9cyH\x22\x9c\
?\x7f\xce\xd2[\xbcW91\xf0\xfe\xaa\xe6\xe6\x98?\
\xbc\xc8z\xd0\xbbN9W\x15\x8cE7\xf3\xbc\xf7\x83\
\x97\x82\x09g\xe8\xa5h[\xef\xe1\xe5c\xcb\xa3\x99\xa9\
PF(\xd3\xe9\x0c%R\xce\x05\x97\x14\xc5\xf7\xe5{\
\xbc\xa2\x5c[\xb0h\xe7\xea\xf3\x1f\x8cu'B\x09\x8f\
\xa9\xe2\xb1\xae\xad\xdf\x9c^\x1d\xe0}\xbec\x09sq\
quu\xf1\xf0\xc1\x0bG\x87+\xba\xb6\xf2<\x7f'\
)\xf9M\x82\xc8\xd1\x02MLV)\x9aSQ\x9dk\
\xb2,\x88\x80\xb4\x05\xd1\x9fg2\x11\x80M\x96)\x01\
\xf43\xcdi\x9a\xac\xd1\x82\x0eC\x82V&+mL\
\xd6\x05\xbb\xdcdR\x91\x16\x19Q4J\x80\xa8\xf11\
0\xb2\xcbt%+*8\xa4\xfd0y&\x8f\xc7\xcf\
\xc9\x88x\xc55\x00\x85'\xebv\x1b\x11\xf7!\xfbE\
\x93\x09\x1f\x94\xa1T\x96\x96\xb9g\xdfhjmE'\
\xdf\xfa\x94h\xe2\xb8<}\x00\x9c\x94\x01\xd0:\x93A\
1\xcc\x80\x99\xd2\xfa\x17\xd1o\x22\x821\xe8\xe1(\x93\
\xf8\xdd\x06h}!J\xacqs&L(\xaay`\
\xc5\xaf\xfe\xfe\x99\x95\xbae\xben\x93\x97\x0e\xbc\x88\xbc\
\xbdCQ\xf8\xb5\x1bs\xbfK\xc2Ko\x84I\xe9G\
~\x16f\xa9\xa7D&L\xf9\x9b?^\xfd\xec/\x87\
W\x1a\xc8\xfa\x1b\xfe\x13\x13\xc3\x7f\xdc\xe8\x91\x05\x81`\
\xbf2\xda\x1a\x91\xb1\xb8\xf3\xba\x82\x15e\xc2G\xc7\xdb\
}\x0d\xfb\x8b5M\x909\x93L\x9c+8\x8eL\xb4\
\xbft\x95\x0f\xf0\xe7J\xbfP\x1a>\xb8\xd71w>\
q\x1a\x9a;w`dd\xa4\xe3\xccO\x7f^\xd6\xbc\
hQ\x22Q\x7f\xb4a\xc7\x077o\xaf\xd9\xf2\xa7\x98\
\xcd\xd66#\x18\x0c;\xc3\xceT\xc8\x19\xee\xecL\x84\
\x9c\xa1\x94\x13\xa7\x7ft0\xd5mx\xfa\x95_\x7fo\
Rc\xcf\xaf^^2c\xf3q\x9e\xdf\xbd\xbe;\x95\
JDw\x06\x8e\x1f\xdf}\xfc\x8b\xa7\x8f\xf1^\xe5h\
\xe8\x22\xd6|\xdbg\xfc;\xfc\xb9\xb6\xae]|\x03\xbf\
3\x03\x92!Y\xa6\x01\xa6b\xf6\xce$\x00L'7\
)\x04\xc6P\x9c\xa0\x96\x80\x15\xb3_ \x1d\xb7\xc4\xd1\
,'k\xb4Q\x7fxuD^\x05D\xcbi\xb2&\
\xcb\x1aE\x0b,\xc3\xa0\xb6d)M\xd3h\xb4y\xc2\
\x8c\xd3\xfc\xa1\xc0\xae\xa4\x99Mn\xdd}\xa4\xe1\x5c\xaf\
\x19\xe7\x07\x8bHp\x81\xd3\xa8\xf0\xa5\xc0\xeeC\xb1b\
\xec:x=\xb0\x0c#\x09\xac\x09\x1b\xa0\xb5\xb5\xb5\x1f\
\xd7\xc0s\xb0\x07\x10\xf2\x04\xe2\x01Kxa\xe2\x06\x09\
p\x982\xe5\x11\xb3\xb0<Q\x87\x8a\x19\xa3n\x16\xc3\
q\x9e\x07\xfbq\xfe\xbf\xb0\xb0\xf5\x8d(1\xcd-\x02\
\x81\x87\x99\xfb\xcfj\x11\x89E\x82\xd2r\x0a\xa7L(\
$\x81\xd5S\xb3\x1b\xd7\xafX\xb1m\x9bn\x83\xf8W\
\xe7\xe5\x9e\xb4\x05+V\x1b\x96f\x8fF\x0e\x5c\xc7c\
y\xc0PUTX4!\xf2\x9f\x9f)\x8a\xf7\xe8\x81\
\x96\xa0&\xa3\x89!\xc3K\x22C\x09\xc1\x9d\xbb\x0f\xed\
\xde\xeb\xfa\xd3\xa6\x93'\x8f\xc5\x82\x1a'sb\xfa\x9b\
m\x82J\xdf\xef7b\xca;\xd8\xf61\xbf\xcew\xef\
Gs\x91K\x0d\xdb\xc1\x81\x81\x01\x18O\xee{-\x96\
\x08;\x13\x89E\xdb\x87\x86\xd6TV\xce\xaf|\xe1G\
?\x9c\x19\x0c\x85\xb7\xffi\xd5[?\xff\xf9c~g\
\x22\xe4tf8\xa7\xd7\x0d\x1e\xf4\x06|\xc7z\x8e\xfa\
|\xfcg\xf9~g*\x9aH,\x19;|\xf8p\x22\
\x1c\x0a\x87_\xbe\xaa\xackh\xe7W/\x8a?\xf9\xd0\
\xccg\xfd\xa7x\x9e\xbf\xbc`\xd7\xe5\xeb\x97\xb6:\x1d\
\xb1PK2\x89 v\xdc\xf5\xd8\xb7\x84S\xe7L\xa2\
n\xb4%\x02:Fi\xc0\x19]F\x93h$v\xfc\
\xc4\x8e\x03\x7fK\x83WRi\x94\xec\x1c'\xf89\x16\
\x87\xba,s\x94\xc9\x84\x96S \xc1\x1e\x22%\x8a.\
\x97K\x14Y\xaa\xee\x13\x9e\xf7\x0e'U\xb6m\xab\xb2\
\x8e?\xdak\xc1D\x07>\xbeI\xf6\xb3y\xa9\xdd<\
\xef\x1b\xebR9\xa3\x11\x1c'M\x03\x0b\xe68\xfa\xc1\
7\xfa\xd3e\xfc\x8f\x11\x07%\x90\xbe4-\x0d\x86\x00\
V?\x0c\xf2L\xe4\xb3&\xc7\xbe\xcbe$jA\x22\
\x1a\xc4\x06 }\xe4\xc27\xa2\x93\xf4#\xbdpj\xed\
\xe7\xbew|_\xd6\x96\xf4L\x88L\x82C>\xd2\xef\
^\xa9]Y\x14\xf9\xc7\xcfw\x5c\xdd\xb1\xf6\xd1*d\
\xd7\x8e\xe7\x1b\x8f\x1bj\x8e\xfbjN1\x1c\xb8\xf2\xde\
\x8e\x1dW\x95#\xef\xad\xbe\xf6Jm\xed\xdb\xc4w\xa1\
\xe6\xc0\xeb\x076\xd6\xd4\x87e\x1a\x04\xbbJs\x90'\
\xd1\xd5uG\x14\x9f2\x5c\xfcXYY\x99dq\xb3\
8@9Z\x96\xc9\xd1\x85d\x13Y\xd6\x04\xbf\x9f\x8e\
\x8d\x8dm\x1e\xcb+\xae\x16b\xcd\x9a\xdf\x1f\x8c\xc5~\
\xb4t\xe9\xd23\x95\x95\xaf\xf5\x85c\xcd\x9b\x17\xc5W\
\x0d\xe9\xd940\x9e\xdc\xb7\xea\xe7[\xc8H\xd1\xff\x13\
&}\x81s\xfa\x13-\x0b\x90?q1r\xd0\xb7\xdb\
{\xa7\xfb(\x86\x06\xea\x17\xf5\x8d-j^uw\xcf\
\x9e\xc4lb\xd7\xea}\xe7\xf2\xd5/>RW\x95\xc5\
\xf7{\xb8j\xf7c\xd5e\x92\xd1\xcf\x117\x05\xc4.\
\x13\x1c\x85eY=\x92\x95#\xaaR\x01\xd0!-0\
8\xc6\xf1\xb3QdeU\xa5\xf5)\x13\x1a4\x04M\
S\xa8*Y`\x04\x98N\x14\x09\x0c\xcb\x88\x02\x8bA\
5A\x00\xf9@,=8\x17%s.a,6\xe6\
\x89\x99\xdd\xc5\xfbw\x0d\xef\xda\xdf\xc5\xaa\x9a\x06\xbaG\
\x10TA\xe6\x82\xf1\xb1\xe6\xb1\x0a\x86EG*\xcb\x9c\
~\xb4\xc82\xf7\xd0\xb2\xa6\xd6\xfe\xfe\xfe\xfe\x85\x0b\x9f\
\x83~%\x8fL\x88\x02\xb9\x14]\xc0\x10\x8c\xa2\x88\xbf\
\x82G\x18\x11\xc6@\x06\xcd\xb2&2'\x94\xde\x00[\
\xf4\x1a\xf2_\xa3\x93r\x22\x93\x22\xe4\x09\x9e\xf0h\xee\
\xacY\xdbj\xa6\xe0^\xcf\xc9)<\x80\xf0\x02\xfe\xcb\
\xdaY\xff\xfe\x99w\x9d\xf2y\xad5\x02\xfb\xac\xdc\xa2\
\xf1\xa4\xd3\xbf\xe6\x9a\xc3b\x0b\xc6\x89\xeb\xd6)\xca\xda\
\x1c\xfb\x0a\xb8 \xfe\xa6\xa6dj\xcf\x84Y59\x85\
\x05\xf6R?\xe4x\xac\x00\xd8\x15 \xa5\xe9\xa3\xe1=\
\xa3\x9a\xdb-\xb1\x0e\x07\xa3\xa9\xe0lh\xda\xa4/=\
%RR\xda\xdc\x5cP5\x99\x964?\x90\xc2\xb8J\
\xab\xc1\x7f\xc2\xb8\xd0\xd2\x81\xbb\x8b\x12\x87\x0f\x9f:\xf9\
~+\xd4\xa4k0K\x80\xb4\xda9\xc4\x99\xbe\xff\xb9\
\xbaP\x22\x951=\x94\x19r>\x91\xb9|\xfd\xb9/\
\x0fn\x9a\xd1\x16\xedL\x1d\x0c4xw\xa5\xfa\x12\xa1\
P\xe6\x83g^\xfcC_\xe7\xf5\xf3\xab\x0f\xadn\xf0\
\xae[\xb7{\xaf'\xde\xdcl\x9e6\x0d\xcd\x81\xc6\x19\
Y\x0d+\xcd\x08~\x93\x0c\x8d0\xc7\xd1\x08e#6\
K&\x9a\x12$I \xec\x0az6U\xc5\x0e\x10h\
?\xd1\xa0`\x03\xd3\xb4\x8cjKfY\xdaDN}\
V`\xdcy\x15]]\x15\x92D\xe3\x11\xc5V!\xe1\
>XO\x0cs\x09\xb4\xdbA\x0b\xb4\xbf\xb9Y-\x9b\
fq#\xff\x052\x15\xd2\xed\xd14C\xab\x1a>\x96\
H\xb1\xb4\x89\xe3\xd2<5->\xb8\xac\xa9\xa9\xbf\xb5\
\xb5\x7fa\xebs&.\x8f\x18A\x1a\xd3V\xe0\x04\xbe\
\x86\x1c\x06\xcc\x1f'\x90\x8e\xd3D\xe6\x86\xf0f\x18\x1a\
\xceC\x11\xb8\x05\xef\xbc\xac\xf5gQ\xd0w\x13\x9e\xa9\
}\xfb\xf5\xd7'\xf5\xfc\xc7\x87J;\xbclr\x90M\
X\xfb\x9e\xd2\x0e{f\xdf\xea\xdf\xac]\xbb\xb6{[\
\xa4J\x8f\xb2\xc3\xea\x13\x93,\xfd\x08 \xb9w\x05S\
\xec\xaf\xc0\x07G\xf1\xfe~R\x04\xa2\xf0\xf6\xf559\
\x91I\x8f\xaf\x5c9\xab(R5\xd8\xa5\x07V\xd2\x94\
\xdb-UW3\xb4\xdbb6\xab\xac\x03\xd50E;\
h\xd6\xac\xaa\xe8VM\x90\xb0\xd0\xacD\x0b\x82\xa6\xc9\
\x14+\xeb\x8e\x17\x1akV\xc5Ew\x8e\xbf\xf7\xc5\x9e\
\xceh(\x14N\xbc\xfa\xeaq_\xc3\xf9\xa1\xca!b\
3\x05i\x00\xb8B\xb2\x03^\xec[>\xbd\xe5\x91\x19\
\x19\x04\x1dH\x84\xbb\xdfS\xda\x03\x89\x87\x13\xa1\x87\xc9\
\xd9\x9fx\xf9:\xef\x0d\x5c\xff\xa7\xa1\xa5\x95?\xfb\xe7\
xsb\xe2\xa9K\x97.}\xb1'\xe6\xae\x96\xe2\xf1\
2\x8b\xaa9\x5c\x02\xb4e\xa8\xd0p\xe9#\x89\x93\xf8\
\xaf\x91\xa3S\x90h\x8aM\xcb\x05p\xc4\xd3P\xe2\xd1\
\xaa`4\xf9e\x99\xb0\xcf\x1c\xaam\xb4\xdc\x04}S\
\xf1%\xaa*\x15<Bt\x0a\x16R\xa0\xe9\xac=\xe4\
9\xb2\xcc\xc9*Gs,+\xa8\xaaF\xb3\x0eZ\xd3\
p\xe1\x98\xcd\x16\xb3\x86\x1d\x85\x82_\xe6\x88\xb97\xfe\
\x0f2$\xab*(\x02N6=\xb9\xac\x89\x90y\x0b\
[\x9f2\x11C\x18\x82\xf1\x10\xc7P\xb0\x06d\x00\x86\
\x05\xe3\x22\x92\x18\xe1<\xc1D\x14c\x08\x92E\xc7\xe0\
\xf9a\xeb\x96~\x5c \xfdo\xd7\x0b\x91\x5c\x00\x00 \
\x00IDAT\x94\x227\xe3\xedw\x15\x9fo\xc7\xc6\
\xfaW\xae\xf1\xed\xfc\xc7\xb5U$\x9e\xf2\xdfV+\xed\
\x81ve\x9d\xef\xf4\xd3\x05+z\xa6\xe6W\xf5\x900\
\xcb\x9cq\x87-=\x02\x17;\x808_\x15=\xfd\xcc\
\xdb\xbf\xf8\xc5\xe3\xb3l\xb9E\x7f\xfb\xf6/\xfenB\
$\xeb\xed\xab|\x03\xff\xf9\xca\xc1\x05\xf5\x9du\xe1\xee\
\xc1\xe9&\xd1\xcdR\x8c\xc0\x9a%Z\xe6@\xd6\xd1\x18\
Z\xa3X\xaa\xee\xc2\xf5\xa3\x9f}d\xbe\xdfa&\xfa\
f@\x18D\xbfB N\x13\xe7\xa7\xa5\xb8)q\x88\
o\xf7~>\xf8\xf9_>\xfb\xec\xd4\xcbK\x8e]\xbd\
|\xeb\xeb[\xb7n\xdd\xec\x80\xcd\xc8\xdcys\xe7\xcf\
Y\xfa5\xf4C\xc1p\xa8~\xe7\xeaK;S\xb3\xd7\
/Iu'\xda\xf6~~\xea\xd4#\x99!g(\xe4\
\x0c9\xc3\xe1\xc4u^\xe1o-]3\xb4fn\xe5\
o\xff!\x06\x00\xa93\x1ck\xd62\xce\xdd\xb9|g\
W\xc5c\x16\x96\xa6\x1d\x92\xcb\x13\x0b\x87c\xb4 \x80\
B\x15E\x14RFR[\x1b\x19\xa3\xd1\xe5B/\xe3\
\x22[\x9aU\x89\xf2R$\xac\x11K\x90X\x949b\
z&\x91#\x86\x15\xd5\xd3?\xe0\x95\xc0h\x9d\x86b\
\x82\xc0\xbbx\x9c\xc9p\x02\x0bQ\x22+h*l\xde\
\xc1Ph~\xd6\xf3\xd1\xb1s\x07w\xd5\x99\xe3\x9a@\
\xb1F\xd1\xc80.\xe3x\x1e\x98\xc8R\x94\xc4\x18i\
\xcd\xf4\xe0\xb2\xfe~\x1d\xcb}\xca\x84Q/\x92\x10c\
\xc4\x9eC4\x0c&\xc00\x06\x8c\xee\x00I\xf2\xb0\x8b\
\x10\xc6\x9bE\xec#\xcf\x838>\x08\x14\x1c\x9d\xd23\
!\xf7u\x84x\xec\x98\xb4b\xc2\xec\xdf\xfd\xe67\xb3\
kP\x07F\x8a\x22\x7f\xfb\xeb\x95\x07z\xae\xac}w\
\xed\x03h\xeb\xa6n\x9b\x8aah\xbd\xcbOG\xe1L\
\xd1\xc30\xa7V\xc1\x1ayvU~\xb6\xd5j+,\
\x84\xbb:\x1cR\xdf\xfeD\xf1\xf1\xd7\x1e\xe8~\xb9\xfb\
\xe5\xb5\xbc\x97o\x08\xe7\x99Y\xa9\xba+\xf5R\x02\x0f\
\x19d\xfa.\x8ab\x5cLu\xddi\xdf;\xbes\x07\
\x8f\x5c\xba\xf4QR\x93)\x1a\xee\xe64+\xa8\xba\xbf\
!\xe4\x8d\x92\xabb\xcf\xb5k\xd7\xfaj\xe0\xd2p\xf0\
\xe5\x91\x8e\x8e\x81\x91{\x81w\x1a\xeeu\xac!6c\
\xf3\xe7\xcf\x1b\xb8\xa4\xac\xe37\x95\xd7\xd5\xbd\xbc\x83\xf7\
\xb5\x9f\xf6\xfa\xf8\xab\x0b\xc2\xce\xba\xbap\xd0\x19\x0a\xa5\
\x12\xce\xe9\xce\xc1]W?{\xef\xcb%{\xe20\xa4\
\x98\xf3\xf5\x9dK\x87.d\xd5\xa1 \x8c\xc9}`\x94\
6\x15?Y\xa6Z,RY\xefQ\xde\xeb=\xd9;\
M\x80\xd5\xaa)\xcfD\xda:ZH\x8f\xd9\x0a\xf0\x9d\
\xc1wX\xa0\xf1\x0f\x1a\x00\x99\xf4\xb7jp\xf4\xce\xce\
\xd3\x17\xea\xcc\x0c\x99\xcd\x919\xbf\xa0j*\xc7z\xfa\
\x96l\xde#U\xb3\xaa\x0c\x8e\x91\xe3\xfc&\x8a\xa2M\
D\xc5\xc1\xea8\xb3&\x90\x01V\xd07\xe6\xde\xcf\x95\
w\xbcG{\xcd\xcd\x1a\xa8_\x92\x07\xae\xcf\xfd\x19\xc9\
\xe4\x17K\x1b\x05U\x10\x1fZ\xd8\xd4\xd4\x84C\xbc\xf5\
\x87\xa0-\xfd&R\xfe\x93a0:\x8d \x08,\xa5\
OA\x92\x9b\x00{OO\x15@~\xac\xe7\x87\xfd\xfd\
d\x03\xf4/+-\x8a\x80\xbf\xff\xcf\x7f\xff\xafZ[\
\xf9\xca\xcf\x1bv7\x9cz\xbc \x1dy\x11)\xea\xe9\
\xa9ZQ\x05\xf3\xca\xaa\x95\x87\x8f\xbf\xf7\xde{\xab7\
\xc3v7\x9dyI\xc2P\x88\xd1\xb5\xdd:\xe1\xd1\x09\
\xcf\xbc\xfe8\xfc\x8ct\xb3U\xbc\x1e\x88\xacX\xbf\xfe\
\xef\xd7^;\xf5\xf9l\x98\xfb]\xaas\xb9\xdd\xd5]\
\x0d<\xaf|\xd4%\x89F#-\xb8\x8c\xc6\xeaj\x8a\
\xeb\xbap\xfd\xe4\xc9\xbd\xf0\xf9\x18M\x9ai\x86\xa6P\
\x1e\xb3\x14\xad\x92I'\x1c\xbej\xb3\xdc\x1cN,_\
\x12:\xfc\xe1\xe7\xff=|\x97\x04\xd7\xdf\xb8u\xf2\xd6\
\xcd\x91{'N\xdc\x82\x01\xf5\x9c\x81{;\xaf\x1f\xdb\
U\xea\xac\x0b\x1d\xbevx\xf82\xef\xf5\x1e\xeb\xae\x0b\
:\xd1\x13L\x9f>\xdd\x99\x11r\xce\xfaRy\xc7\xbb\
sI_\xdf\xbe9s\xe6\xbcxKi\xf7\x9e\xac\xea\
\xecLE\x07g\xa4\x12\xd7\xcem\xfar\xef\xc9\xebG\
O>_\xe6\xf7d^\xe7\xdf\xf1]hq\xab\x1c\xda\
/\xd4&i\xc6\xd8\x98\xb6]ga?\xc6H\x12*\
AV\xa05\xd4\xd9\xac\xe6xb\xab\xef\x1d\xefug\
\x99@\xbb\x18\x96\xa69\x91\xa6e\x98\x14\x08\xfef\x82\
q\x98\xf0\xa0\xb3FR\x10\xe1\xc9\x07\x03%\xd0\xac*\
\x0b\xaa,\xb9%\x96u\xb0\xb2\xabx\xf4\xf2\xd1\xcb[\
\xeb\xcc\xfae\x8ek]L\xaf(\x19\xf8\xd1\xa9\x0b\x81\
l\x80~\x9c\x02O\x99\x88\xd8\x97\xa2t\xb4P\xd7\xc1\
\x18\xb1\xffpF\xe9,\x01%\x123y\x13\xa0K\x18\
\x8a\x0b\x9e'\x9b\xfa[\xf1\xde\xfd\xcbJg\xa1\xe4\xd3\
\x7f\xac8pQY\xe7\xbbX[P4%RDR\
\x8a\xe0\xb9\xdc\x93\x9b[\x98_\x7f\xe0\x0a\xdf\xde\x8e$\
V\xfb\x94\x9ct\xee=\x06\xde\x88\x93jQ\xc4^\xbb\
\xc3\xe7\xf3}~\xa01\x17C\xb2\x11\xe4\x9f\x14TU\
\xf5\xac\xa8Z\xb0\x99\xe7}\xde\xb5\xb3g76\x86L\
~\xba\x9a\xf2\x5c\xf2)\xde\xd1.\xc9dr\xb9\x04Z\
\x92\x5c\x14\x1b\xdct\xfa\xf4\xce\xfd\xd5\xa3\xbbvm\x8d\
\x9bT\xcdA\xe1\x16C#\x84z\x91x[\x89\xb1\xe6\
\xc4\x92\xf5\xd1h\xf7\xe3[\x8f\xbcwh+\x96\xbf\xa3\
\x83\xc4\x14\xfea\xb7\xd2~~(\xedB\xff\x03O0\
\x1cJ$:;;\x13\xdd\x8d\xd1\xe5\x89\xd9=\x91\xc1\
h\xa7\xb3\xc5\x19r\xa2(\x18<|\xf1\xf3\x0b\xa7^\
\x8a\x05\xff4o1*\x86\x81\x8e\xa15k\xf6\x85v\
\xf8|\x1f\x84\x13\x8b<\xc9\xc3\x01\x9f\xaf\xe1\xa5\x8b>\
\xc5\xf7q[]\xb2\xda\xac\xb2\x14\xab\xf9e\x8d\x06\xb8\
C\x11\x02\x80\xb4\x81\xb8\xfdY\x80\xbd\x0cK\xb9$Z\
\xd0P(\xd0\xb2&u\xfdi\xeb\xdeM\xb7+\xcc\x1c\
\x99\xccc\x89\x1e\x0b\xad\xa2H\xcaD\x99\xa2e\xb2\x92\
\xb4L\x13A2\xee\x00\x95\xa6\x18\x8a\xe2\xf2b{\xc6\
64\x07U\x99\x13\xfd\xb4\xd9\xe1\x80\x91\x05\xd1\xef\x92\
\xb07A\xd7+\xe2\x9d\xf1\x7f\xa6h\x87\xf0\xe0\xc2~\
\xec\x00\xfd\x0a \x9aP\x8a0\xc64\xd9!(\x08L\
\x1c\x0d0Y\xcc#<\xa3 \x9a0\xfa\xc6\xe9\xc2\x10\
\xce\xf3\xc34\x19\xd8\xbf,3\x87\xb4\x00$\x94<\xf2\
\xf7\xcb\xd7\xfe\xfe\xdd\xe5+\x09\x92\x0f?4=\xfd\xb0\
0\xd7f\x9b\xf8\xcc\x87\xa0\xfe\x95\xdf<n\xcf!9\
F$\x0d;\x073\xaf\x1b\xa7\x1a\xecY\xb5\x10L\x9e\
\xaa\xb5\xc2<\x87\xf8'\xc2F\xa50?\x7f#H\x19\
\xefo:/_\xfd\xcb&\x8f\xdbb\xb1TW\xb48\
\x9d\x02\xcd\xb1.\xc6\x13\x0auU\xe4IL\xe9N_\
;\xbf7y\xff\xfe\xb223\xe4\xd8\x02M\x9am\x94\
\x03,-\xcd\x94\x1858\x16\xe0\xf9#\xb3\x8f(\x0d\
\x01EQ\xce]8\xf1\xc5\xad\x9b\xd0\x0bV\x0e\x0c\xdd\
\xb8p\xab\xe1\xd6\x17'\xbe]:w\xee\xc0\x9b\xc1\xba\
:\xdc\xf6--u\xce\xe5/5\xee\xe4\x1b\xf8M\x0b\
\xc2\xa1\x843\x1c\x0c:\xc3\xa1\x90'\x06\x061\x16\xfc\
\xf9\xe2\xf4\xf4\xe1\x9c9s^\x8b\xad\xe6\xf9\xd5\xe1\x96\
D\xc2\x19\xdatn\xd3\x85\x04\xec\xec\x8e\x0e\xba%5\
.\x83\x82\xa5\xd1\x08\x88\xc6\xf1\x17\x95\x06\x7f\xc8\x0a\xb3\
(a\x8c\xa8\xe7T\x19= \xa7\xc5\xe3\x16\x0bl\xf9\
\x84q\xa6\x193Y\x90\x9a\xe8x\x1cJB0\xcd\xc6\
\xb4}\x97@c^\x99\xe5\xe4\xe40\xef\xe3/%\x19\
N\x14d\x0ar4\xbf\x8e\x8d\x08D\x94\x04\xbaG\x92\
$ \x8bF\x08\x18(\x8e~hY\xbf~\x02\xf4?\
\x97\x07\xe1\x0a\xc9\x04\xc5\xb9\x99>2u&\x99t\xd5\
\x90\xdf\x91\xc2@\x80)\x06\xf9L8\xcf\x93\xfd\xad:\
\x1f\xb8,\xb3&RTT\x85P\x8cHaa\x81\xdd\
n5\xd8\x0b\x89\x87-\xf1\xce\x8b\xa0\xf1\xcb)*\x88\
TM]\xb9\xb1\xf6\x95W\xde\x9ed\xcf),\x88L\
XY\xb3m[OO\xcf\x7f\xbc\x0b\x03\xc9\xef\xe5\xce\
\x8eT\x1d\xa8=p\xa0f\xea\xd4B\xd2\x14\x14\xea\x06\
\x899\x85\xf6HQm\xed3\x7f\xf3\xb7\x9bw\xaf\xf3\
\xadv\x16\xbb\xdd\x92\xc4\x18\x19\xca\xe1\xa0\x19\xa6x\xcc\
\xc7\xf3\xe7\x83nu\xd1\xf0\xe1\xd1\xe1\x87\x1e{l\xe6\
c\xd3\xdcf\x96r\xb9$\x86\xa6\x19\xa3\x91\xf3\x1b\x05\
\xbax\xd3\xce\x9dw\x86\xc7\x8e(\xde\xd5+\xe0Dw\
u\xed\x22\xe4-x\xef\x8d\xc0zv`h\xa8\xb2\xe3\
So\xe0\xd0MD\xd2\xbc\xafM\xaf\xab\x0b\x852S\
)\xe7\xe0\xb6\x9a_aOnZ\x10v\x06c?]\
C\xba\x84\xa5?\xef\x0a\xd6\x95\xfd\xec\x85\x17\xd3.$\
x\xedK\x84\xa3\xb3\x1b3\xdb\x06\x07\xa3\xc1\xb8\x1a\x8f\
kyO<r_\x9dIc\xfdP\xff\x10X\x8fM\
\x1b\xb0\x88\xc0bU]g\x0f]\x16\xa9`Y\x89Q\
\x05\x8c\xdd\x89&\x93F\xe2y\x04\x98S\xe9z|\x12\
\xd7@\xb89=\xd3Q\xc0\xdb\x8do$QU)\xe8\
w\x18Yv%G1z\x10\x9cVfv\xb3~\x90\
S\x90\xaa\x89B^z\xd5\x04\xd2/\xa9,\xe9\x03Y\
\x1c9\xcf.lj\xeaG#\x88\x1a\x00C!&\x0a\
\xe5?#\x8a\x0c9\x0d`|a\x22\xd1\xf1\xa8]\xc9\
\x11 \x8c'\x0bR\x94\xe0\xf9!\xb9\x02\xfa\xfb\x9b\xb0\
\x01\x229\x91B\xfdDG\x861I\xcc!\x8e\xa6\x84\
\xd6E\xf9WTH2\x8bs\xe1m\x91\x93Sd\xa8\
\xfd\x9co\xe0?\xdeh\xadz\xfd\xf7\x88\xb59`\x8f\
 I\x05\x1401]\xd5\x83\x0euc\xeeB[A\
\xa4\xd1:k\xf3\xb9\xff\xferS\x92b\x90ol\x92\
YQ`\x197$\xd7\xca\xa7\xcd\xd5e\xf1\xb2i\xd3\
fV\xbbG\xf7\x8f\xee\x17\xcd\xd0\xea9\x9b\xc31\xb6\
z\xa6\xdb\xdc\xec\xa8N\x9e\xe6\xdb}\xbb\x06\xbb\xabj\
\xa64N\xf9\xdd\xef\x7f\x7feO\xdf\xdd\xa1\x1b_\xdf\
\xb8\xd9104@\x88\xc2\xca\x1b7n\xde\x1c\x98?\
\xafr\xe9O\x85\xc9\x99N\xa73T\x17*?\xe7\xf5\
*_\x1e(_\x10\x05O\x1c\xfb)Q\x97\xaf\x99;\
\xef\xa7\xfe\xf0\xaa\xa5\xe9\xc5\xc7\x0f\xf2\xd7\x95\xf1\xbe(\
\xc8\x87\xad\xc9\x99\xeejVf\x89\xc7\x9a\xaai\xac \
\xeb\x8b\xa8/\x99\x91\xe58\x8a\xb0\x86\xbaf\x1c\xba+\
\xa85\x01\xcd\xcb\x1cE\xebw\x16Q\x13\xcb\xe4\x92\xa7\
\x8cP\x99\xc0\x92G\xe7\x06\x8c\xba\xf6\x98\xa8se\x0e\
H\x11\xcb0\xe8\x85\xc0\xe1%\x93\xbd\xf1M\x176]\
8\x19\xf7\xd0&\x99\x16\xd2\xf8\x1e\xcd\x81\xc3\x11i\xb4\
v\x02D\xfe\x14K\xea\xb8g\x17b\xf5\xb0\x03\xfe\xaf\
I\x14\xf30\xed%\x18E\x9aq1P\xfc\x18Q\xba\
\x02\x1b\x22\xfd+\x0a\x7f\x13'\x0a~N\x97:\x1b\x05\
\x8e\xd4\x00M\xad\xfd\xadM\xcbJ\x0bI\xfc\x01\xae{\
=\xe8nj\xa1\xee\x94\xacG&\xc1\x0a\x7f\xd6\xcag\
V~?B\xcc\xee\x0bsr\xa7\x16\x1a^9\x05\xb8\
\xe0\xbfz~\xd5\x93\x83\xac\x84\x9cHUU$\xa7h\
|\xd9\xc7\x83\x10\xb1\xa3p\xaf\xd8\x0dU\x93\x96\xf3<\
\xffA]\x1e\x11\xa53h\xa1Y\x0b\xeb\xf0D\xeb\xa3\
\xd3Mb2\xd9\xe5g\xa5\xde\xa3\xbc\x0f\x0e?1m\
Z\xef&\x80\xb7\xbd3-\xac\xa7.\x98\xdc\xbbu\xeb\
\xd6\xbeD\xa2sr\xaa{\xf6j\xa5]\xf9\xeav\xc7\
\xd9\xa1\xa1\x81yKG\xee\xde\xbd{\xf7\xcd\x8e5\xba\
`\xbcr\xde\x0f\xfc\xce\x94\x13\x0c@\xc8\x19^\xb0\x95\
W\x94\xeb\xe5\x89\xce\xcep8\x98\x08\xdf\xddw\xf6\xab\
\x9b\xdf\x0e\xcd\x9b3\xe7\x85\x1f\xfd\xb6\x7f1\x96\xbe\x9f\
\x04[n\x99\xbff\xcd\x9cy\xcd\xe1\xd0i\xa2\xf9\x8b\
\xcb\x14\xa5\xc9\x02I\xdf\x96UY\xe5\xf4\xc7X\x7fn\
\x88\xb8\x9e\x1c\xe1\x82>m\xcd\xc8\x02\xc1\x04\xe0\xc2\xa8\
j\x10\xbd\x13K>\x91\xbc\x85\x98\xd6o\x91aT\xc2\
\xea\xa7\xabx\x9c\xd24\x8a\x03\xf4\x808\xd9\xd1\x1d\x08\
\x82_\xeb\xdd\xe4ko\xf7\xed\xde_\xa7\x22\xde\x836\
qB\x1e\x01\xc7\xf2\xf0\xa7\xb4\xce\x9d#\x183\xcd\x0a\
O.L\xaf\x7f\xeb\xff51\xc6<}4H\xef\xf2\
\xf2\xf2P\xf5\x09@\xaf\x10 \x8d\xcfH\xf4\xfbE\x91\
\x02\x99\xc0\x88\xa2\x8b2\xf9=O5\xa1\x0d\xec\xef_\
\x8c\x1a '7m\x83_X\x98\x93N\xad\xd7\xeb|\
\x1c\x05=+V\xa2\x8e\xf3\xad\xaf\xc9\xd5MSsr\
r'E6\xaf\xdf\xbc~\xa5\x0d\x8a\x1f\x9b\xad`\xdc\
\x01\x9d\x84\xa3\x22\x1b\xb3\x90\xd8\xda\x12\xa3c\x98\xa9\xda\
\xeb7\x8e\xf1<\xbf\xba.\x0fZ*\xf4Fe\xf7\xdf\
\x7f\xff\xaa\xfd\xcf\xee\x1f\x1b\x9b\xb6\xe7\xd3\x86@`\xb8\
\xf8\xb1\xe4\x17\xc4\xd2\xd9BK\x96\x8cM\xbc\xe2\xbd\xda\
\xfbX\x12\xac\xdc\x8e\xaeU\x1b\x9ew\xc42S\xa9T\
\xf4\xd5c_\xec\xbc\xf4\xd5\xc8\xd9\xb3\x1dCCg*\
\xef\xf6\xf5-j^t{\xcd\x9a\xb9s\xd6l\xf9\xed\
\xbe7c\xce\xf2\x9c\x05\xe5Q\xa7\x13\x9d\xdd#m\xe5\
\xf5\xd0\xd5v\x05\xc3\xc1\xe8e\x1f\xca\x97\xc0\xad-\x7f\
\xbd\xfa\xe7\xcc\xb9\x17ho\xf8\xfa\xc5y \x9aV\x85\
\x9d\x83\xdb\x06\x1f\xeeb)\xb7*;$\x86\xd3gX\
8Z\xa3\x09\xc4\x07W\x15=\x90\xd3\x882+\x9d\xcd\
'P4|xe\x1as\x08,!\x80M\x82\x8b!\
\xfaM\x9d\x08\x22\xbd8ES\x94\xcc0\x14d~z\
e\x0b\x84\x8f\x168\x1a4>\xad\xaa\xb4\x91V\x05J\
r\xf7\x9e\x04\x92\xc6\x0f\xd790\x9e\x08\xdc\xf1\x89'\
\xdaR]\xd5\x94\x8e2\x91\x83\x88\x96\xc9\x98/M\xe9\
5\x00:\xb9\x1f\x8b\xc6<c\xfa_\xb2Q\xe1\x93-\
\x82\x05\xa2(\x01\x1d'e\x12D?\x89\x152R\x22\
#1.\xa3\x8c\x1a\xa0\x9fT\x91Mh\x03\x09\x90S\
\xa8G\x1b\x15\x8e{\xa5\x93\x0d\xd0\x93;\xabg\xc23\
\xbf\xe1\x89\x072\x1a\x038\xe0\xe7\x14\x16E\xec\xb0/\
*,,\xb4O5L\xc5\x90\x13\x89\xb9\x8f\x90\xc8\x1c\
\x84\x1b\xe9\xe3\xd4\x98\xa3\xc4,\xbd\xb5\xaa`\xdb\xcag\
\x1e\x9f\x12\x8d\x0e\xb6=\xe1W\x1d\xe6\xf8\xf3\xfb\x7f~\
w\xffX\xdf\xd8\xd8\xfe\xb1\xc3\xc7\x03\xbcr\xd8\xe9w\
.\xd8\xb6qA\x9d\xa6\xd1\xaa\xc3\xeci\xe9M&\xab\
\xab\x93[}\xbcwu\x85#\xeeh\x0e\x8723\x9d\
\x89E\xb7\xcf\x8e\x9c\x1d9\xdb1t\xef\xd8\xbd\x1bC\
\xf3\xde\xdf\xf7\xda\xdd?\xdf\xbbuo\xa0\xb2r_8\
\x18l\xdb\x8f\xcf\xf3\xf0\x8cp8\x1c\xac\x0b:\xeb\xea\
\xea\x16%\x12\xdc\xb3\xaf\xfd\xc3\xfd_\x9c?\xdf\xd0\xd0\
\x10\xb87\xf7\xbb\x9b\x1f\xa7\xff\xd77n\x0c\xcc\x9d7\
g\xcb\x9c\xc5o\x85\xc2\xa1P\xca\x19\x8b5\xfb\xbb\x9c\
uA\x8f\x09\x0f3\xa7\xaa2*i\xb4T\x12\xe3\x92\
\xe8q\x15\x18\xb0~#\x0c\x87\xc8h\x03'\xd3\xa2\x89\
\xdc\xf04f\x8f\xc9\x986.c#\x0dFW\xa5\x04\
M3z\xee{\xb8\xb7\xa2\x1a\x5c\x00%\xb1\x02\x05\x1f\
{l\x1aU%\xc2u\x00\x88\x94\xca2\x15\xc9:g\
(\x1a6\x19\xdd\x14\xd8\x11Q\xec]\xcd7\xf0\xc3I\
U3\xb2\xe3/\xdd\x03\x8e\x15 \x09km\xeaoz\
aa\xebS\x15y\x04y\x22t\x05\x0ex\x93\x1f\xc0\
0\xa1$\x04Z\xa61\xf5\xa4\xcf\x04b\xac\x80\xa3\x18\
d\x0c\x01\x07\xe8omjjZ\xbc0\x94\x13\x19\x0f\
4.\xd2\x0d\xf1\xd3\xe6\xe9\xb0B\x8e<\xbd\xde\x87\xef\
\xea\x95_\xac\xf8~\xce\x94\x08Blq\x04\x00)D\
\x9e\x06\xcc\xd0a\xa2Cz\x05\xd8d\x10\x0f\xc5B\x9b\
]\x1f\x90&\xa6\xc7\x98\x9c\xb4V\xcd\x9e]__\x1f\
\xf9\xc4\xeb\xf5\x8e\xe6\xdd\x1f\xdf\xbf\x7f\xff(f\xf6y\
\xc5\xe7\xddy\xf8\xf0\xe1\xd1\x99-[y\x9f\xef\x8bb\
3\xeb\x96\x1c*\x89\xb9\xd0\xfc2\x9bL&\x93\xc53\
\x9f\x8f\xc7e`9\xa1\xc4\x12}\x03\xdc\xbe\xe9]\xc7\
\x7f\xd3Q\xb9\xe5\xcc\xc0\xed;\x81\xf6CCs\xd7\xbc\
\xdf\x9c\x08\xb7\xf5\xed\xf6z\x0f\xdd\x8e\xd6\xa5\x96,\x0a\
{\xc2~O\xd0\xe3\x0f\xf7\xed{a\xe9\xc8\xed\xbbw\
\xef\x8et\x0c\x8c\xaf\xfc\x9c\xff\xf5Z\xfa\xd6\xaa\xe6\xe6\
p*\x14*\xcd\xcc\x0cjB\xcbe\xaf\xcfw!i\
q\xd04\x0d\xf4U%\xbd5M\xbb\x18\x17KS\x00\
Z\x8d,\x9b\xae\x02\xf5$\x06\x1c\xe42\xa1\xea\xc9\xe0\
\x06\x9a1\x11g<\xde\x06$\xbf\xc0\x99zw\xf2\x8a\
o\xd3\xc3f?\xd1n\x09\x14K0Y9\xadG'\
E\xa5\xbb+\xd9\x9b,\xce\xf3\xd3,\x17\xf3\xcb\x1c\x0d\
\x81\x97i\xfa\x11\x05\xbe\x06\x0eZ\xd7t\x13(\x02\x9f\
\x0c:\xc8'\x97\xf5\x93&`a\xebs\x15y\xc4\x00\
\x89\xa3\x18\x8ah\x18I\xa7G\xe9\xc0\x15y7A\x14\
\xf4TA\x12\x1f\x83]\xc0y~\xd8\xb4\x05'\x006\
@\xa1=GO\xa6\xa8\x22A\xc5\xdf\xa5%`W\x10\
s+\x9f\xcf\xbb~\xe3\xec\xc8T\xa0;9\xb9U\xf0\
\xd4\xad)\x9a\xf0w\xbfz\xb4&\xdbf+(L\xdb\
\xe6\xdb\x88W\xae\x9e\xb2\x966\xd0\x80\xf3\x01\xb1\xbb\xaf\
\xb2fW\x19\xb2\xf2k\x8e\xf0\x0a\xbf\xa7\x22\x1e\xdf\xb0\
j\xfb\xe1#|\xbb/\x10h\xf7\xee\xdc\xfe\xf3\x0d\x1b\
\x9e\xaf\x03\x1f\x7f\xfd\x09M\x104\x86a\xaa\x05\xbf\x1f\
\x1a\x1bM3y\x82\xb1x<\x1e\x0b93B\xa1\xc4\
K\xfa\x06\x189{\xec\xd6\xad\xaf;\x06\x86\xce\x9c\x1d\
\xf8\xf6\xde\xbd\xaf\x87\x86n|\xfb\xedo\xf7\xbd\xf9\xa3\
\xb7:;_\xba}\xef\xd6\x8d\x0d{\x8f]\xb8p\xe1\
\xc2\x8d\x0d\x9e`\xf3\xcf\xb6,\x1d:\x14\xe0\xbf\x81\xa8\
L_\xfao\xbf\xfdv>9\x07\xe6\xce\x9f7ga\
^8\xectN\xcf\x0cedf8\xfdZ\xf2\xbaO\
Q.\xf4\xaa\xe4\x0e\x90\xf5\xecm\x10\x99\xe8\xbf\x05V\
\x86%5\x11\xde\x00\xbbG9\xc6\x8e\x0b\xb5er\x17\
\x98\x08\x1c\xcf!\xac\x85%\xfd\xbb\xa6qrq\xdbe\
\x9f\xe2\xdd\xd4\xcb\xa0'\x17\x88\xc4\x97\xa25\x0d2\x22\
\x9ah6\x05A\x0d\x12o\x9b^:\xe6\xf7\xcb*\x89\
\xf4\xe0\x8c\x82\x98\xec}\xa4\xc5\xe8\xe60\xdc\xa3\xcfw\
\x02n\xd4@;\x89\x80\x82\x9b\xfa\xfb[\xb7\xb4>\x97\
G\x91X\xd8<\x17\x18`\xc6\xc5\xe8\xf1Q\xa4U5\
\x91\xe8\x18\xd4\xffi\xc5\x08.\x02\x81\xe0\x00M8@\
\x9a\x9a\x16\xb7\x86\xc8\x8ac\x1d\xd1\xb9\xc1\x06\xb9\x88\xa8\
y\xd1\xc9\xdbm\xb9\x85\x9b\xe1\x02\x995\xd1\xd0C\x02\
,I\x8f\x97[\x80\x8c\x04\xfeb\xad5\xa70\xd7P\
P` \xae\xd6pP\x9a\xfa\x9d\xf3\x1dq\xdb\xd6M\
\xb0\xe0\x9e\x02\xbf\x9b\xecY+_\xff\xc5\xdf\xf7\xba\xcb\
\xcaV\xad\xda3\xb6ZAtb\xbbwGb\xd5\xfd\
e\xd3\x9e7\xb7\xb4\xf5\xb6\x98\xa8j\xc6\xd3\xdb\xdb\xd2\
\xc58h\x11UU\xdd7^\xef\xeeQ\xe34\xbf3\
c\xb0\xbeqI\xfa\x04H\xe3@\x04\x09\x1a\x19\x19\xb9\
{Si\x0f\x9cx\xb1\xbfr\xdeoWU\xb4\xbd\x7f\
\xef\xde\xd7o\x1e\x03\xd5\x1b8q\xf6\xee\xaa\x17a<\
\xf3\xcd\xa7\x9f\x9e8\xb3\xb4\x92\xb4\x82\x8b\xbf=\xcf7\
\x9c@#8\x7f\xf1\xbc-\xf3_\xe4\xeaB\xa1Pf\
fFFf\xa6\xb3\x8b\xb3\xe0\xd01I49\x82E\
\x13AU@\xc6\xa1\xbe\xc2\x91\xad\x0adz\x14\xcf6\
\x19\xd1C\xc9\x07\xbe\x9f\x06\xff\xc7\x02d\x15\x050B\
\xe4Q\xe5tc\x1e\xa3\xab\xee\xe1G\x1eI\xba\x8c\xf0\
m\xc3\x5c\x0e\xb8D\x9a\xcc\x9f\x93\xb4W\xd1\xc8Y\xea\
0\xb1t\xb9W\x82\xc8@%\x1d<\xeb\xa6\x1d\x16\x8b\
\xdb\x88Z@ $\xa4$\xe8:vJ\x95\xc1\x054\
\xe9;\xa0\xf59D\xc6\xa0\xe63\xe6\x19)\x17h \
\xec\x10\x1d\x07\x00\x90l\xd2E,\x02\xf97=\x1c\x8c\
\x0d@N\x10\x9c\x00\xe9\xd0\xda\x5c\x82\xe1?^\xfb\x8b\
\xd7\x9f\xce\x8d\xe4\xe87@N\xa4*2{vU~\
\xe3\x8a\x15\x91\x1aD\x98\x92v1'7\xf2\xca\x97\x8a\
\xc2\x7f^k-\x9cZ\x88\x90\x0dC\xc1\xd4\xaa\x82\xc2\
\x82*\xb2\x01\x0aH*B\xd5\xb8A\xb2n\xa8\x03o\
4[An\xa4\xd1Z\xdfe)\xdb\xbej\xff\xd8{\
X\xa3u\xeb\x94\x9d\x9d\xf7?\x1fo.\xb3$w]\
8\xb9+\x1c'\x85\xdf\xe5\x16Lw9\xa4<\xff!\
^i\x18\xf3\xc4c\x89#<\xaf\x1c^\x81\x0dpv\
d\xe4\xac\xbe\xfc\x1dg\x07\x86\xbe\xd9\xddp\xe7\xab\x13\
'N|\xbdt\xf1\xbc\x91\x13\xca\xee\x86\xbd\x1b\xee\xbe\
\xb9\xfd\x96\xb2\xce\xdb\xce\xdf:s{\xfb\x8bK++\
+\xd7\xcc\x99\x7fcwC \xc0\x7f=gM\xe5\xd0\
7\xdf|sk\x80\x98\x0el\x997\xefg1g(\
\x94\x11\xca\xc8\x0cM\xce(\xad\x13\x05JbY3\xd6\
\x92\xe5\xf4f\x8et\xf0\x22\xc5\x909\x00\xcc\xdeQ*\
\x95F\x5ci2\xad#P\xacL\xd3x[\x8a\xd3H\
\xff\x8d\x1e^\xef\x09\xd5tV/\xca1L,\x13A\
\xa6\x91\xd3`\xde\x069\x01\xcb\xc1\xd5\x03\xfeD]3\
\xb2\xda\x92\xd5\x02'\xa8\x9cJ\x09\xb2Q\xac\xf0\x1c\x1e\
\x1e\xdd\xbb\xbf\xd8\xed\xca\x13\xb0\x91\xd0.\xe8\x83\x01\x14\
\x06\xec\x09\x1d\x8c*\xb0\xe9\xb9\x0a\x81hS!\x03\x13\
\x81M\xe0\xfaI\x9b\xc6\xfa9N\xd5UL\xd0\xad\xe8\
\xdb\x80 \x81\xa6\xa7\xf0\xeeM\xfd8\x01\xf4\xbcc\xe4\
\xa1\xf6Lx\x06\xe1/\x9bWVEt\xb3d \xc4\
\x11;\x01\xf3\x02U5\x91\x1c\xc8\x04rIF\xfa\xf7\
\x7f][;5\xbb\xa0`j\xe1T[!\x89M0\
 \xd1\xb6\xd0\xa0\xdf\x04\xc4;\xb1\xaa\x8a\x84a\x91\x8b\
E\xbf\x10l\x86\xfc,\xfbD\xf6\xb1\xe7\x9f_\x15>\
\xba\xfa\xbd#\x1f\x1c\xf9\xe0\xc8\x17{\xe2\xd3\xa6=\xd6\
r\x9d\xe7\xf9\xe3\x7f2\xed\xaf\xdb\xc4\xf3\xbecu*\
c\x14hU\xeb\xda\xff\xd1G{\xba\x1cZl\xd1\x11\
\xc5\xeb\x1d~\xf5\xd4\xa9\xb3_\xa5\x97\x9f\xec\x80\x81\xa1\
\xdd\x8aw\xf7\xd0\xdc\xa1\xb9\xf3\xe7-\x9e\xd7qGQ\
\x94\xe1\xee}\x03\x03\xb7\x1av7\xecn\xb8\xb5\xf4O\
\x1b~\xd6\x84\xd8\xba\xca\x8e\x1b\x0d\x81u\x81\xc0\x8dq\
\x0c\x00\xeb\xbf\xcf\x1f\x8f\xfbcu\xceP\xd8\x19\x9a\x9e\
\x919\xb9\xb4\xb4\xce\xe8\xb6H,Ns\x81\xfd\xeb\x8b\
\xf8\x0d\xbb\x8c\xd5\xd5P\xf0\x08\x84\x12\x10h\x1a\x1d>\
a3\x89\x06H\xa6D\x95\xe5h\x11\x12sQ'\xdc\
\xb0\xfeh\xf4p\x1b\xc0\xb53\x8d\x06\xb0\x02%\x22\xcd\
\x15\xa7\x00%0.\x92\xe0\xc1\xf9\xfd\x22\xcc\x13\xa0\x8b\
C\xc6\x05\xe7\x97\x01\x0d\xb5\xa3-\xaafL,-\xa8\
\xc0\xc7i\xdaD\xd3PI\x08\xfeg\x176-&\x97\
x\xebs\x152\xcd\x11+\x18\xcc\xfd3\x8c\x8bfq\
\x15\x01RD3H\xcb*\xc1\x01\xb1+\xc9)@\xca\
D\xcfS\x8b\xfb\x1775-^\xbc\xb85TD\xcc\
\x8etn\x97\xa4\xec\xad\xad\xa9\xb7f\xd9\x10r\x98[\
X\x10\x99\xd4s`3\xdf\xc0\x9f\x7f 'R\x84&\
\x81,%bS\x10b\x8eKa\x16n}=\xe4\xa6\
\xaa\x0a\x9e\xe9\xb0\xce.\x80a\xba\xa1\xca6\xb5\x003\
\xd4\x06b\xa9F\xcc\xb1\x0b\xac\x1b\x0f\x1fY\xddp\xbd\
EU\xdd3\xcd\x8ei\x18\xe8\x8d\xb3\x8f\xb5]\xf5\xb5\
\xfb\x8e\xf6&\x1fn\xebM&\xeb\xba(\x9a\x80\xdaf\
\xcb\xcc2\xd5bv\xb0rpt\xcf\xe1\xcd\xaf.9\
\xef\xf5\x9e\xc7\x0e\x808P\xdf\x02CC\x1d\x1d$`\
B\x97\x8c\x9d=\xdb\xe7\xdf700\xd0\x01\x90\xe0O\
\xf7\xc7bq\xb9\xb9\xf9\x07\x95\x03\x03_\x7f\xaa44\
\xec\xbe9o1A\x81!$\x9a\xf3f,\xe1\xac\x0b\
%\x80\x1cdfL\xbfori\xa9\xd3\xe5\xb6\xb8%\
#D?D\x5c\xa7\xcb0\x8d\x14\xc4\xd8,SM\x22\
9\xc0\xb8\xb14\x81e\x09\xa3\x8dqM\x99\xe0\x05\x00\
\x00U\x81\x96\x05\x91\xf3\x0b\xa2\x89\xe2\x88C+ C\
\xa0:\xe8\xeaui\xbfI\x10e\xe0L\x82\xc3\xe4\xa9\
\xc83\x92\x0d\xa3\xf9e\xb8\xd6\xc9\x1aXE\x01\xde\x85\
-\xbb\x80\xa1\x1f\x9dnv\xa1{\xd4\x15\xb5\x0cl\x0f\
\xc0\x05\xc8\xa6\x9f,$WxS\x7f\xd3sx\xbe)\
\xbd\x96\x00\xcc\xc30\x82\x00-\x93\x88R\x12\xfe\x88&\
\x82)\x91\x02\x80\x14\x01\xc6<?)\x02\xf1\xfc\x93\x13\
 W\xcfL\x87\xd2{jm\xed+\xb5\x13>\xfe\xec\
\xe3\xcf^\x9e\x95m\xcf!a\x97\x85\xb6m\xdbjr\
f\x11\xbc\xb0P\xcf\xb8B\xad\x00k\xa4\xc8\xb6\xc6\x9d\
\xab?9\xdd\xb3-[\xf7?!>\x8a\xf9\xf0\xb8\xd3\
\x0d\x15a\x8cD\x1c\xcf\xe0\x83WP`\xb0Y\xed\xf6\
\xf2\x03W\xbc\xeb|\x97\x92\x16\x87,\xab\xb4\xbb\xa2\xae\
\xaeN\x93\xb5\xe2\xea\xd1\xb1\xd1\xe6\xbe\x00\xcf{\xf7W\
[h\x89h\x99Y\x87\xc3!\xa9\x1a\x93\xbc\x108\xd4\
\xb0+\xbch\xc9\x92\xeb\xe7\x0f\xdd\x02\x0c\xf0\xcd\xa7\x9f\
~zsd\xa8c`\xa8\x92P\x02\x95H\xa3%\x11\
\xa5/X<\xafU\xce\xad\x1c\x1a\xb9\xe3\xf5\x1e\x1a\x0e\
\xc7J\xcb\xab\xb6\xfdd\xdf\xbeO\x15\xe5\x93\x0b\x87>\
\xfd\xf4\xd0\x09\x14\x83\xf0\xa3\xef\xdf\xf2f8\x11\xaeK\
u\x86B\x9d\xa10\xfa\x80\xb6\xb6\x05m\xbd\xc5nU\
\x82}\x08\xcd\x12\xe4\x84cu\xe0\x1e\xda\x00I\x0f_\
6\x1aM\xa2\x8bfq]\x93~@ \x03\x1d\x94Q\
\x82\xe4\x12\xc26\xa8\x83M~\xc8\xc8\xf56\x9f&\x0f\
(Im2\x89\xfap\x88H\xcb~\xcd\x13;\xd4\xb0\
\xfb\x83\xb8\x0bs\xa9\xe4C\x09\xb2f\xa1\x92\x15yd\
\x0a\x90\xaa\xe8mk{\xa4K \xef\xcb\xa6\xef\x00\x96\
\x9c\xef\x8cQ\xc8{h!\x1e\xe0~l\x80\x0a\xa8\xc9\
\x8dFc^\x9e\xbe\x0b \x0a$\xc1\xa1\x02e\x82\x87\
$+s\xe3\x9aa\x02\x0d\xe7\x99b\xfe\xe0\x93\x8bQ\
B45-^\x16\xca\xa9*\xc8\x99R\x08\x08\x18\x81\
\xea\x11\xfb\xca\xdf5(\xeb|+6Z#\xa0\x88\x22\
\x91\xa2\x9a\x9aYx\xea\xadU\xc4\xb7\x1c,O\xa1\x0e\
\x0c\xdb\xac5+\xbc\x01\x12\xe0hK\xdb\x22\xc2\xed\x12\
\xee\xb7\xba'\x9a\xdd`\xc8\xce\xcf\xb7\xe5\x16\x10\x83D\
dc\x18\x22\xd95\xcb\xaf]\xdbu\xdb\x84/\xc8\x5c\
\x01\x08|\xf7*K\x99\xc3avX\xdc\x1e( \xf7\
'%\x22\xbb\x83\xf1\xb5\x83\xc1\xb4c/b\xb9N\x95\
\x84\x13K\x96,\xd9~\xf6\xec\xd9\x91\xb3\x87\xbc\xdeC\
_\xe1\x10\x18\x18\xa8\xd4#\xe8\xa0\x0b\x9c\x8bq\xc1U\
\xe1\xf8\xfb\x95s\x87Fp\x1d\x5cy)v\xd2\xcb\xf3\
\xfc\xce\x0d\x7f\xb8=\x1a\xdb\xaa\xb4\xafS>\xf9\xe2\xc4\
\x89\x13\xa0\x8e\x16/\xfei\xcc\x99\xe8\xce/4D3\
\xfbN\x1e<z\xb1\xdb\xf6\x99O\xf1\x1dK>\xdfG\
\xb3\x0e<\xba\x90\xf7\xe1\xa8\x06T\x83\xd2\x89f\xf5\x0c\
.\x96\xd6Gu]\xb4\x0a\x1eP\xd54\x8ep0\xe4\
)5\x1b=]\x1e\x13\x0b\xe7>A\x00\xdd\x8d\xa2\x5c\
\x00\x1f\x8bC\x98\xa4\x1bB+*\xf8\x85\xea\x8aE\x01\
\xc5w<\xe8\xd2T(\xc7\x00\x19\x98\xcc-\x9b|\x8a\
rt\x86\xea\xe7D?\x0c\xab\xf4\xa8'A\xc6\xa5C\
b\x11\x05X+\x18\x85\xe2\x87Z\x17\x132\xa8\xbf\xff\
\xa9\x0acZ\xeb\xf9\x9d\x05\x22'\xa6s\x041Y\xa2\
k\xc9\xd0\x04\x92\xe8 \x94\x03y\x5c\xd7S\x8b\x17\xa7\
\xdb@g\x91\xf5\xd7\xd7\x1a>8\xf4\xe5F\xdbT[\
AU\xa4`V\xc1\xc9?\xfe\xf1\x5c\xf7,;\x9c\x90\
\xed\xd6\x03\x9f\xf3\x01~\xc7\xf7\xadVr\xd1\x1b\x0a\xf5\
\xc0\xab\x5c8&\x17T\xd9\xa6\xbeKr\x8d\xf3\x89\x97\
f\x15z\xc1\x92l{\x81\xcdJ\xa6\x9d\xed\x86\x02[\
~61D\xb7\x12\xbf\x8b\x02\xe2\x9ed\xcdZ\xf0\xb0\
G\x935I2\x17\xff\x89W\x94C}~U\xe3X\
\x17\xcdR\xc9\x96d\x85\x99u3\xb0q\x83\xa6\x09Y\
\x904+\xc5\xf7\xec\x19\x0d'\xc2\x09\xc4P\x8d\x8c\xdc\
\x1e\x199{\xf6+\xbd\x17\x18\x1a \xafJ\x12A6\
o\xde\xbc\x1f\xc4\xc2\xe1Px\xd5\xdd\xd7\xee.Y\xd4\
\xf9\xee\x8e;\xd7\xef\x04\xbc\xed\xca\x8e\xb5\x1f~xq\
\xc9\xdec[\xbf\xbaq\xa7\xe1\x9d\x86\xf6\x86{K\xe7\
\xcf\x99\xf3\xdbX,\x8a\xee\xf3h\xf9\xe1\x86veg\
g\xe4K\xaf\xcfw,9Su\xb3\xaa\x03\xb3\xb5&\
]\x12\x0aQ%Cx\x1cZV\x89\x22\x94\xd2\x95\x00\
\xaa~\xa7\xd38\xf8\x01\xe6\xd1~gh\xf4\xe4\x91\xdd\
\xc7?\x18\x9e\x1a4\x99\xa1ts\x94\xcd\xb4X\x1cx\
\xfa\xd0\xab\x939\x13\x8aR!\x07\x945\x93i\xf8\xf0\
\xdeQ\x0f\x05)9q~\xe0\xfc\x8e\xdeM\xbcO9\
\xdaf\xe1d\xda\xaf\xa7\x80\x00l\x82\xc5\x07\xd4\x114\
IH\xc2\xb5D6\xc0\xe2\xc5\xd8\x00\xcfU\x00\xf7\x17\
\x89\xda[/\xf1@\xa3\xc1\x10\x9f&r\x0a\x82\x05\x9b\
\xd2i\xa2\xd0\xb9\xa1\x22\xedz\x0a\xa7G\x7fS\xff\xe2\
\xd6P\x8d\xf5\xc0)\xe5\x1d\xdf\xc1\xda*2\xd9\x99\x9b\
;\x0b\xb1\x04p0\x8fT\x15\x14X!\x16o\xdf\xf1\
\x0bx\x1cU\x11s\xab\x02D\xe6U\x11W\x9c\xaa*\
\xfbl\xfb\x94\xc7_9PS\x00g\xc3\xaa\xdcB\x83\
\xa1$\xdf@\xbc\xeeH\x1c\x8a-\xdff\x80Y\x16\xc6\
\xe3\x91\x8dj'v\xa8V\x83!\x1a\xd6\x04\xb4\xc2\x15\
\xc5\xc9`\x10\x954\x08\xd4\xea\xba#\x81\xf3\x1f\x8c\x16\
\xc3\xe8\x91T\xcc\x8c\x16\x1ckn\x8ewm8\xbcg\
O\x22\x14z\xe9\xa5\xce\x97\xff\xdb\xabx\xaf\xdf>{\
\xb6c\xe4\xaf\x95\xe0\x99J\xddpv^e\xe5\x8bo\
\xbe\xf5\xdakq?|ic\x1b\xce+\xeb\xf8\xab\xe7\
V\xf3\xed\x0d\x0d\xeb\xda\x1b6m\x1f\x19XSy\xf3\
|C \x10\xf8\xfa\xcc\x9a\xca\xb9\x7fh^T\xf29\
\xee\xd9m\xe1S\xa7\xae\x1c\x8e\xa62\xda\xca\x1fNV\
\xab\xaa\x0cM/$I\xf8\xb6Q\xb4\xc0P\x82J\xaa\
B\x99\x90\x00\xf0\x9d\x82\x8f 6)`yP\xf7\x9c\
\xe0\x08F\xc7N\x1e\x0f\xf0|\xbb\xaf\x9do\xd8\xdc\xe6\
\xf4\xb0\xb2\xb9bx\xe7\xf5\xab\x9b\x92f\x8c\x08\x09\xe9\
I\x01\x8a\xcc\x0bAO\xa2i\xb4\x99\x86\x959\x8a<\
\xe2[\xc7\x8ae\xcd\xe1\xe6\xb8\x87\xc6\xb2\xa3C\xcc#\
\x93\xfd:\xb1\xcc\xb2\xa2\xee\x10c\xe4\xb8\xe2gq\x05\
4m\xe9\xefo\xfa\x97\x0a\x82\x03\x11%0\xec\xcet\
k`\x9a\x86C\x18\xa8\x00\xdd\xe5\x04W\x97q<C\
\xd8\xc8\x9a\x9eB\x05\x80+\xa0\xd5Y`\xdd\xb8\xfe\xca\
\x95+\x9b7\x82\xcf\xc9A\xcb>n\x82\x06\x1f\xfc\x92\
Y\x91\xcd\xeb\x7f\xb3~\xa5\x0d\x09w\xe4\x96/\xd4\x93\
T\x0c\x00y\xac\xd9\xf5\xb5\x7f\xf4\xf9\xf8\x8f7\x0e\xda\
H\x98.\x1cn\x11\x84A|Um\xf9\xc4>)\xdf\
\x80\xa4\x9b\xb4\xdf=)\x15\xaa\xac\xd9\x83aM\x93\x05\
\x8a\x81\x10\x86D\x1cP\xa2jl\x01<x8i\x16\
\xc8\x9d\xabr\xb2)\x0c7]\xcfU\x10\x82m8\x03\
\xaa\xbeT\x14\xef\xb1\xbb:\x1c0\x92\xde\x00\xe4\x1e@\
\x1d0\x17\xf2\xd0\xf9[\xb6\xfc4\xde\x15k\x8ewn\
\xbd\xf5\xcd77Gn\x04\x14\xef\xee\xdd\x0d^\xaf\xf2\
\xc5\x082\x0aG\xeex\x95\x13g\xe6\x0eT\xfe\xa99\
\x96\x1a\x5c\xb0mA\xdb}!\x0c\x17G\x83~\xda\xed\
fiB\x03R*\xdc\x839\x96\xd5\x1c\x10\x01\xd32\
E\xc35\x0cu\x9f\xa4\xb3A\x92\x05\x16\x14\x98\xdb\xa7\
0\xe7\x1c\x1e\xfb\xb8\xc1\xd7\xee\xf5\xb5{\xbdHJ\xdd\
\xbc\xed\xbe:\x8a6\xb7\xecR\xdeQ\xae'\xdd\x0c\xc4\
c\xd4wp.\x08\x02\xf4k \xf01\xee'\x90\xb1\
3\x89\x15\x00\x22\xbb\xc9\xb0:\x91\xff\x80\xdbs\xa1\x1a\
\x12\xf4:\x84\xb8_\xca\x98\x15\xcc{\xa85\xad\x08B\
\x0d \xe4\xe5\x91\xa9\x90\xbc<\xb1\xc2\x98\x0e\x0fG\xd1\
O\x11\x09*\xa6\x9b\x04\xd2*R\x94\xee$(\xd2\x9e\
\xa7\xb0\x7fPC\xb6&\x0a\xabr\xa6\xce\x8e4\x96O\
%L\x1e\x0ew[\xae~\xd7\xdb\xd0\xc3\x97\xd8\xaat\
\xebJ\x83\xdd\x96[\x85\x98Ch\xc1l\xc4\xc5\xbe\xc0\
`m<\xf0G\x9f\xa2\x5c\xac\x1d\xc4\x06\xc1\xe5\xf0W\
\x03E\xbb\xcd\x96\x9fo\xd0s\xf1\xb2\xd2.\xd8\xd9\xd9\
0\x5c\xcf\xb5Z\xad\xf5aB\xa0\xa8\xd48\x1c*\x08\
R\xf1\xfe\xfd\x1b\xf6\x84\x8b\x19\x02\x8f`\xe6\xd2(|\
\xc07\xac\x1e=wz\xc7\x07{g,\x0a'\x12\x9d\
\x8d+z~\xf5\xea\xdd\xdb\xb7oc\x03|\xd7\x0b\xe8\
\xf7\xc0\xc0\xcd\x1b_\x7f;4\xbfr\xee\xbc\xa5?(\
\xf37\xf7\xddE\x8d0o\xe0\xe6\xf0\xfa\xf5\xff\xf1\xa1\
\xb2N\xb93404w`\xe8\xc47\xdf\xdc\xeb\x18\
\x1a\xa8\xfc\xd1k\xab\x12)L\x14\x97F\xa3\xa9hj\
\xb2\xa9LE\xfe,\x03\xfeG\xd3X\xaa\xb9n\xf8\x8b\
\x9d;7\x05i\xca\x08Z\x08\x22\x1d\x93_\xc6\xec\x97\
\x03\xb1Kp\x1a\xe5h\x86D\x0c\x8c\x9d;\x12\xf0\xf9\
\xda\xdby\x1f\xefmW|\xfc\xa5\xc6\xb6\x87\x83\x92Y\
3\xdd\xbf\xeb\xd4\xae\xd1\x0aZH\x1bxS8M\x88\
\xaf'#\xe9\x83\xbf4\x91\x18\x10GW\xec\x12\xd4\x17\
\x04E\x16\x81)\xc1\xf0\x13p\x81\xaaQ\xac\xa6\x09*\
m\xc2\x9c'\xa0\xe0\xbc'[\x17\x93\x12`a\xd3s\
\x1e2\xf4O\xaa\xc0<\xe2\x07FP_\x92\x1c\xca\xe9\
l\xb0\x89T \x1c\xce\x13#\x83\xbf\xe4L\xcfa\x03\
\x90C$EX\xbe\x9cH\x8e>\xd1\x99\xab\xbb^\x17\
\x10\x03\xd4\xdc\xa9\xf9\xb3\xd0\xc4\x15\xda\xe0wWe\xb0\
\xd9\xb2fM\x9a\x04\x9d\xef{\x00\x00 \x00IDA\
T5kA>\x9ed\xb8\xa7\xe7Z#\xf6\xa7kk\
\x0f\xd4XI\xd4\xa5}\xdc?]?AH\xfc\x01L\
\xb2\x0b\xec0\xc1I{-\xc3P\x0d\x97G4H \
qH\xe0ul]e\x5c\x1a\x17\x8b\x85E7\xc5\x1a\
%\x86&\x16O\xb2\xc7\xcfZ\x18\xc9\xcc\xf9c\x18\x05\
Ou&:_]rH\xf16\xdc\x1e\xe9H\x9f\x01\
d\x0f\x0c\x0d\x0cT\x8e@\xe6\xf7\xf5\x965\x95\x95\xf3\
\xe6\xf7\xcf\xfd\xf6\xc6\xd77\xcf\x0c,\xad\xac\xbcy\xde\
\x1b\xb8\xb3\xf6\xfa\xa7\xab/\xbc?\xaf\xe3\xd6\xa7\x9f~\
3TY9\xafr\xde\xbcy\x95\xef\xc7:S\xa9T\
f*sri\xb4\xd4\xe3(+\x8b[fZ\xcc\x0e\
Z\xa2\xd8\xbc\xae\x0aSr/\xff\x8e\xb2\xd3\x19oF\
\xdbNxx\xe2%\xe1iy\xc2\xe9qQ,\xab\xd1\
\x14\xad\x9a\xa5\xf0\xae\x9d>_\x00O>\xaf\xb4\xfb\xbc\
^\xa5\xdd\xfby\xcd\x8cL\xbfC\x95$\xcc\x9bZ$\
\x86\x85\xaeD\xe0\x88\x88\x18s\xfe\x14\x8cH%\x91\xb4\
\x92\xfa\x0f\x0c\x84\xa3\x89\x10\x04\x15\x9aX\xdd\xd4Z\x14\
uM\xa4H$E\x82\x06\x1d\xa5L\xcb\xac\x91\x22\x1b\
\x80\x94\x81M?\xae\xf0\x13\xbd\x0aEx`Ag\x03\
\x11&\x0b\x22\x0bx\x00\x11\x05\xc1\x08\xd1H,\x85\x09\
m\xe4\x7fj\xb1~\x04,n\x0d\xcd\xaa\x82\xb6+B\
\xac\x0fs\xd3.\xb8$*\xc9Z{P\x09\xf0\x9f\x1f\
\xa8\xb7\x91@\x1b\x94\x00\xb9\x8f\x7f\xe2U\xbc\x9b\xb7\x0d\
\x92\x00\x0b+\x10\x81\xdc\x82\x92\xf2lk\x96\xb5\xc4@\
\x0a\x03\x12nB\x0a\x04;\x8c\xcf&N\x9c\x98\x85 \
\x14+)\x0b\x11\x81h\xc7\x8f\xec\xac,\xbb5\xe51\
\x11\x9a\x02*+\xa0*.\xc6\x91q\x8c\xf7\xf2'\x93\
H\x84eT\x95\xd2\xc8\xbd\xa9BZ\x0bM\xa5?\x9c\
\xc8\xe8L\x85^Z\xf1\x89\xa2\x1c\x1a?\x02\xf4{\x80\
\xbc:n\xde\xbauk\xcd\x1c\xc4\x94\xcf\xdfr\x83\x0f\
x\x8fl\xef\x83\xe3\xd0nE\xb9\xf4n\xbb\x8f\xbf\xf3\
~\xc7\xd9\xdd\xbc\xf7\xfcPeee%\xf0\xa1}\xcd\
N\xa73#\xb3433\x9a\xaa\xa3\xcc\xf1\x99\xae\xe1\
;\x97v\xde\xd9\xefo\xee:\xc6\xf3\x81\x93u[O\
\xed\x1a\xaep\x00\xf4\xa1P\x84\x9bY\xc9=\xad\xed(\
\x86\x09\x1fQ\xfd\x22\x0cY<\xe1S\x98;\xf6y\x15\
L\xc3(\xed^\xaf\xaf]\xf9\x8b}p\x86Ir8\
\x80\x1d;TV\xc5\x8c\x00\xf4\xff,\xad\x09T\xb2\xf7\
\xe1'*X\xc6\xe2v\x03qf\x89\xeb\x1f;n\xe6\
Hs,\x19\x1f\xa6e\x1dB\x84\xd8\x9f\xcc\x1b\x91\xac\
/\x94\x0e\xa8\x0a\xc1\x06\xb6\xa6\x1fa\x14\x81\x10\x84\x90\
\xa1\x10\xa3\xa8\xa3}\x1c\xa0(\xd9A\x99*\x80\x02\x12\
=\x18R\xb2\x04\x92\x22h\x84I\x14\xae\x00\xf2\x11Z\
\xeb\x0al\x05\xba\x1c\x80D\x9a\x12\xdb\xc3*,\xa0m\
A-1\x08<\xd0\x08\x897b\x8c\x0b\xaa\x0c\x1b\x11\
\x13\xbc\xb9\xa6\x1eF\xa6\xf0\xc5BXFV\xcd\xf2\xcd\
\x9b\xd76N\x9d\x88t\x1c}\xfdawX\x02\xc3\xd3\
\xf2\xec\x92\x89V\xdc\x15\xe4L\xb0g\x1b\xf2Q\x17Z\
K\x16,_\xb1bI\xd8C\x91HC\x93\x11\x11\xf7\
\x92\xc4ZZN*\x8a\xefB\xd74\x07CD\xf6~\
\x9a\x98\xde\xe3\xd2U5Y\x8e\xc5\xc2\xa1T*\xf5\xd2\
\xab\xb3{~\xf5\xea\xf6\xdb\x1d\x1d#\x1d#\xb7Gn\
\x8ftt\x0c\x91=\xa0\x87\x0f\x10#\x915/v\x9c\
\xf8\xe6\xce\xc5\xc1p8\xd1\x99x\xb9\xe7\xd5W/(\
J\xe0\xc4\xfb\x1d\x1dCg\xbf\x1aZ\xb3\xa6\xf2\xdb\xa1\
\xa1\x81\xb9s\xd7\xcc[\xf3\x7f\xc2\x19\xa1\x8cP*\xe5\
d,e\xcf\xff\xa4y\x97\xb2\xce{\xfc#iZ\xf1\
u\xde\xc7_\xe8}\xde\xec0\xb3\xaa\xe6G3\x85\x8e\
\xde\xa1j\xe6\x87\xafz\xa1\x197s\xb2\xcc\x14\xef?\
\xf9\x09\xef\x0b\xf0>\x9eW\xc6_\xed\xca'\x9b\x1b3\
*\x18YV\xcdfI\xe58Zb\xaa\xab)\x18\x90\
R\x02m\x99qYQ\xda/\xf4ZH;\xa1\x0f\xc3\
\x199\xe2\xe8K\xe6\x86\xc8e!\x88D\xe1\x81\x88O\
\x89\xc1\x08!\x0d\xaf0\x91`\x87d\xfe@\x10P\x04\
.&e\x004\x81&?\x99\xff#\xfe\x13\xe4\x06\xc0\
\xb6!\xc1\x91\xe4\x00\xd0g\x82\x88\xc6^\xd4\x13d\x83\
?l\xea'\x1f\x80\x00A\xb9i\x15@\x01\xcc\xcf\x89\
\x0d:\x08\x1d\xc3\xc4m\xcb\xaf\xac}\xb7\xbe\xc6ZU\
\xa0\x87\x22\xe5F\xacE\xb6\xee\x15+j\x0a`\x9a\xae\
{\x1a[\xad\x86\xfa\x03\x9fy\xdf\xe1\xaf<\xd3H<\
1\x91~\x91\x95E~\x22.\x970E\xb4\x93\xcc\xa5\
l\x83!?\xbf\xa4$?\xdb^U8\xe1\x13\xde\xc7\
\xaf\xad/\x13\x8dF\xd8z\xe2\x89wW3\x16\x89\xca\
\x0b\x86\xfd\x9aFK\xeej\xf4\xbciQ\x1d\xe6\x5ch\
U\xf6\xfbcA\xdc\xd9\x19\xce\xce%K\xf6\xfc\xf9\xcf\
\x17nn\xbf\xe8U\x94\x13\xe3\x17\x01\xae\x81\xb9\x03g\
\xc8\x1f/(>\xe5Nwby\x22\x1cJ%B\xcb\
_]\xf1\xf2\xcb\xdd\x9e\xed\x1b\xb6\xdf}\xb3r\xa0\xa3\
\xe3V\x00\xd1\xb5k\x86\x86^\xd4\xa2\xd1P\x863\xe4\
\x91\x1de\xf4\xd8\xc9\x8f?\xdb}\xf4\xdcp\xdb\xf4f\
\xb3\x1a\x0c\xfa\xf5V\x04\xd8\x9b\xa6Q\xaaF\xd3*\xc5\
6kjW]*#\xa6r\x82+9\xbc\x93\xdc\xfc\
\xed\xdev\xd4\x7f\x0a!\xb8\xdb\x95\xdd\xd7\xba;S\xa2\
)\xd3\x19\xf48$\x96\x91\xdc\x98\x83\x92\x18\x8a\x93)\
\x95u?\xfc\xb1\xe2\xe5/\xb4X\xfe\xb7d\x88\xd6\xc8\
\x97J\xe9bbA\xe7\x1ft\xe1\xa0\x11^&\x02\x05\
gM\x01\x83\x89\xf0\x0b\xa3Y6\xef~\xd2\x06B\xd7\
\xf5\x94\x07\xc0\x8f\x9e\x0c*\x10\xae'\x1d\x82\xc0\xc9\x94\
\x1f8\x12L\xc2\xc0@q\xe3\xa6G\xa6<!8^\
\x03,nu\x82\x07\xcc\xd5s\xcds\x0ar\xe1\x7f\x89\
\x0c#\xe2\x88\x1f\xa9\x9aX_\x92m\xcb%P.\xce\
nk\xc4\xde\xd8\xd8H\xb2\xaeakG\x82O\xed\x13\
7~\xcc\x7f\xb2\xfb\xda\xac\xfa|\x83\xbd\x00\xb1\x18\xd6\
,[~Iv\xd6x\xc8\x15n\x7f=\xf0.?\xdb\
\x86\xb6\xd0\xd0h}\xf44\xefU6g\xf9AM\x12\
y<\xe3\xae\xae(.\xf64\xc7\xcd\xc5\xd5\xc5\x15~\
\xda]MP\x0fV\x96\x8d\xb4PQ\xdce\xb2X4\
Yn\x0eOn\x8b\xa6B!\xe7\xa2\xd9\x1f\x22\x85t\
\xd1V\xaf\xd7{\xe2\xbb2\xa0\xb2\xb2\xf2\xcc7\x01E\
\xb9\xb9o\xdf\x05\xe8G\x1bS\xa9\x16g~w\xea\xa5\
s\x17_\x8a\xbe\xbc<#q\xc4\xeb\x0d\xec\xea\x18\xe8\
\xb8w\xe8\xd3o\xbe\x067\xf8f8\x95r\xa6BA\
i\xe6\xcci\xea\xd8\x11\xa5}\xf7\x18\xc2\xe6O\x06\x9f\
/\x9bi\x06\xe8\xca\x9a\xe1'df\xe9\xbc\x8a\xbcb\
\x8e\x83NY3[\xccn\xf7\xcc\xbc\xd1K\xbc/\x10\
\xf8\x9f\xc7\xbf\x9d\xe7Q\xfa\xc3\xcc\xca\xe7S\xdaO\x0d\
\xa6\xc23\x0e{y~ws\x9eY\xd54\xa9\xe5\xe4\
\xa5;\x97\xf6V\x98\x89?jsp\xf2\xe0}A\x97\
\xdb\xe8\x12D\xdd\x9e\x0a\xc8\x10\xa7{\xf9\xa6\xe9>\xca\
H\xe9\x0a\xb0\xf1\xe8\xdf\xef\x94 \xaa\x8a*\x92\xe6\x8c\
\x0f}W\x03<\xe5\x11u?+\x90\x0a\x94H\xe3,\
\xd1\xf1F\x8e\x12\xf5i0\x9d\x07\x14\xc9\x90\x1bH\xad\
\x0a\xb1+\xdd\x05\xe0\x04\x98J\xd4\x00$)qVa\
a\x81\x1eg\xaa\x17\x82\x91\x5cR\x0bT\xe9\x81\xe6\x80\
\xf4\xf1{\xbb5\x8b\xb4\xf6V\xfc\x95\xdd\x9aU\x7f\xe0\
b\xfb\x91u\xa7j\xb2H\x88.\xf0_{\xbe-\xbb\
\xbc\xbe~p\xb0\x1c\xff=\x8b8\x9ef\xc1\xf8\x94\xc4\
\xeb\xa1~\xa8\x9f\xf5\xe8\xa3\x93\xec\xf5a\x96\x12H\x17\
\xad:\x92[\xf9\x00\x7f~\x8fs\x17\xef\xe3\x03\xcd.\
\x8b$0fV`1\x5c\x15\xfbT\xf1\x1d\x1a\xf3\xd0\
\x949z\x81\xdf\xad\xecj\x0bu\x86\xda\xae\x9d>\x7f\
\xe8\xde\xed\xdb\xb7\xef\xde\x1e!\xaf\xb3_\xdd\xbcq\xb3\
r\xce\xc8\x09\xde\xc7\x7f\xd5\x1d^>\xf6\xd2\xe6\xb1h\
\xb8w\x17T\xab+.\x5cx)3\xa3{y\xea\xa0\
\xd7\xfb\xc1\xa2\xd7\xfe\xe9\xfd\xf7;::\xbe\xbdq\xe3\
\xdb9\xfb\xfa\xb6\xf7\x05M\xb4yZ\x99%\xf9H\xe2\
\xdc\xc1/.t\x1e\xe3\x15e\x93\xc7,\xb3f\x22\xe8\
D\x04=mq\x1d\xf6z\x03\xe7\x83\xd5\x12\xcd\xaaq\
\x87\xa3\xd9\x11\x1c=\xca\xfb|\x01_\xc0K\x1e|\xf2\
R\x14\xc5\xc7\xfbN-p\x868\xf7h\x03\xaf4\xf4\
\xe5\xb9\x05M\xa8\xee\xbd\xee[\xe7\xdb\x9at\xf8\x05\x81\
\xd29$t\x7f\x8cN5S\xc4\x0c\x04\xa3\xd3\xaa\x8a\
f\x91\xe8\x0f\xa0\x1e\xa5\xbf\xdb\x00\x82\xcc\x09\xe9\xbdA\
f\xc9\x04\x9a5\xe98\x00\xf0\xdc\xe7L\x84k\x22$\
\x1f\x11\x90\x92x\x00\xb8\xd8\x08\x98\x0d$\xed d*\
\xc4\xf4\x08i!\xe8\x15\xba\x9e#T\x109\x01lp\
9-\x9c\x8ahK\xd0\xc2\xe3)hU\xe3a8\x04\
\xe3\x03\xd5cG\xa2\x09\x16\xd7\x8a\xdc+{v\xb6\x1e\
\xa4bm\xfc\xf5\x1f\x95u\xbes\x1bqU M\x0d\
$P\xfe\xb6%\xe7.\x1e\xbcVS^\x92\x9f\x9d6\
\xc9\xd7\x0d\xf4\x89B\x04\xf1x\xd6\xc6*\xbb\xbd;\x08\
\xd5\x85I4\xd2\xe6\xde]<\xef=\xbf\xe7\x11p \
\xabc\xe62M\xa6\x1d\x02\x0d\xf8\x9b\x0a\x1f\xe7\x15\xfe\
pR\xa5-\xa9\xcf\x14\x9foko(\x1a\xca\x0c\x95\
F\xbb_]\xb2\xfd.i\x09G:\xee^\xf0\xeen\
?12\xf0\xd6\xe0\xd4m\x0b\xda2\x13:\xc9S\xd7\
v\x8d\xe7\x95\xcb6X\x09E3B/E\x17L\xed\
\x0e\x87\xfb\xee\xde\xdd7\xb2\xe7\x1b\x9eo\xf8v^e\
\xe5o\xcbf\x96\xdd\xff\xe4\xf3~\xcc\xb1\x0dW\xcct\
S\xc1\xceh\x17KlL\x04Z\x05\xbfN\xd1\x8e\xe4\
(\xafx\x8ftY$\xd5l.\xb3L\x13\xc7\x8e\xfa\
|\xed>\xfe\xff\xf3\xf2\x05\xbc\xfc\xe7m\xa1PPu\
0\xc9do\x0b'\xb9\xdd\x0c\xcd:wm\xbax\xee\
\xa3\x0a\xc9%R0s%)\x05\xac\x04\xdb6\x0c\x90\
\x92K\x86\xccs\xe2%Hf\x9a\xa2A<\x83x\xd4\
\xd3\x9e\xc0\x12\xd1d\x5c\x15\xf4#\xc30\x0e3\xfb\xe0\
B\xfd\x11n\xed\xff1\xf1\x03\xd1\xd9\x00\x01b\x10T\
\x10y\x22<R)\x13\xa4`\xd8:\x14@\x07\x18Y\
\x00\x0a2\xf9\xfd\xe4\x04 |\xe0\x16'R\xcess\
m6\xbbm*Y<;I\xac\xcfE,\x16\x10\x1d\
;\x81\xefH\xdc\xc5Tl\x80*\xdb\xac\x9a\x95S\xac\
V{\xae\xcd\x96\x9bk\xb7\x1af\xcdzf\xf9\xa9w\
\xaf\xcc\xd8f- \x19\xb8\x88\xd7\x8ad\x1f\xf8\xb0}\
\x9d\xf7\xb3\x03\xf5\x86|C>9\xf9\x0b\xf4\xc6\xc1\x90\
kCb\xda\xc4\xa95\xb3\xb6\xe5\xdb\xacN=\xd2\x82\
\x134\xa1+\x9c\x99\xf0\x14?V\xcdic;?>\
zt\x7f\x9e\x99\xd6TF\xa2$\xd6\xb3\x7f\xcfX\xac\
\xc2e\xf2\xfb9\x7f8\xb6\xc7\xd4\xe5\xcc\x98\x9e\xd1\xd2\
2=\x14z\xf5Z\xc3\xa1\xc0\xa7Kn\xef\xb9\xbbh\
\xeb\xf9\xf3\x87\x8e\x8dt\xbcU:9\xb3\xb4\xb4tr\
F\xc6\xf4\x10F\x02\xa3\x83\x0b\x16D\x9d\xa9T\xc8\x19\
\xcaH\x84\x12\xe1p\x22\x11\xc5 \xa4\xf2\xe1\xa5O\xcf\
\x9f\x189sf\xe9\x99}\xff\xe7\xc9'\x9f|h\x11\
\xec\xc1\xf6tYTUU\x81\x08\xa1(e$\x86T\
\xff\xaaF\x89Z\xa2\xaf\x99\xb6`\xf9\xcb\x9c\xa3\x97\x1b\
\x08\xe2\xa3\x8c?\xf9\xe9_\xbc\x01\xfe\xe2\xb6\xfb\xee\x0b\
r\x1a\x5c\xe8\x18\x86\xb2\xb8\xddn\xb7\x99E\xc0\x95\xa5\
Zb\x89I\x16KCa\x083O\x9aR\x89\xaf\xab\
J\x9cd :\xe3\x8c.\x823\x01\xc3\xe1\xc6\xe9h\
\x01y\xdf\xa4\x05\x05jBh\x08Vx\xb2\x95\xf0\xb9\
[Z[\x9f\xf3p\x84\x0c\x02\xc4\xc0\xe9C,\xc4\xf5\
\x1a\xbc%\xa1!e\xb2\x97\x89W\xa4\xde/r\xa6<\
p\x01\xff\xfb\x04\xb0\xa7\x83L\x89\x80cjn\x15\xc9\
6+ \x11\xd8\xd9\xd8\x07\xa4\xc1\xcb\xb5\xd9\xab\x0c\xe5\
\x1b\x0f{\x15\xe5|\x8f\xddZe\x87\xd9u\xfe\xfa\x06\
\x9f\xafa}~\xb7\x15\x00O\x01\x09\xd7\xac\xaa\x8aT\
m\x5c\xfe\xf1\x7f\x1f\xbc\xb6\xb2~A\x89\xd5N\x9cr\
I\xea)\xf6\x0d\x8e\x97\xc6\x03\xe7\xf8\xe3\xfc\xb9\x8d\xdd\
\xddA\x0e\xfe\x9e\x22\x1d\x93)LO\x9a8\xb99/\
q\x5c\x094\xecI\x9aq`\x12?7(\xabD\xbf\
I\x96a\x9e\xe0\xf7\xcb~\xe2\xf5TZ\x8a\xb5l\xf0\
\xee\xfc\xdd\xf9@\xe0\xd0\xe6W\x97\xbc\xd4\x09W\x98R\
l\x80\xd0\xe4\x8c\x8c\xc9\x99\x19\xa5\x99\xa5\xa9\xcc\xcc\xe9\
u\xceR\x88\xc5g\x0co:w\xae/\x98:\x8c\x10\
\xcf%\x8bn\x8f\x8c\x9c93P9o`\xe8\xd2\xea\
\xdd_\xc4\xfaR\xd1\x90\x1f\x8f\xacX\xe1a\xdc\x16\xb7\
\x9b\x01Z\xc3H\x12\xe0\x1eYS\xe3f\x0b\xe2\xa9-\
\xee\xe0\xc9\xff\xb9\xf6\xdb\xbd\xbe\xff\xff\x01\xe0k\xf80\
\xf7\xbe\x0cO\xb5K\x90\x08+\x07\x16\x975\x9b\xe1\xeb\
B\xb1\x1aM\x86{T\x81H\x08@\xea\x08\xac\xa0\x02\
S\xc6\xec#\x85y\x19X\x802\xd5\xc5u\xbdOT\
0\x02\x99K\x18/\x04\xb0I\x8c\xa4\x09`$\xb3C\
2\xd3O\xeaW\xc0\xe2\xd6\xa6\xe7L\xb2\x89\xd3\x9d\x80\
\x8d\x04\xf2\x05\x05\x04\xf0\x00\xca\x03=\xfeb<Y\x94\
\xd3\x8bDN\x10p\x02\x90#dq\xbf\xd3Ve\xb3\
\x19\xbe\x83p\x10e@\x8e}\x92\x8e\x88\x00;\xbb\x9e\
j\x0b\xd5\x87-\xbf \xeb\xc0Ze\x1d\xbf\xfa\xef\xf2\
\xb3\x0b\x0a\xb2\xcb\xad\x8d\xdb\xd6\x83n[^3;b\
@\xca\x85\x95\xa4\x22\x19\x0a\x0c\xd9\x13\xe1\x9a\x5c__\
>8\x11\x01x\xf0F\xcf&\x11:\xb9\xb9\x05\xb6\xac\
\xf2\xda\xcf\x94w\xbc\xe7j\xeb\xb3B\x98V\x00MJ\
\xcc\x810A'\xb9*.\x9c<wa\x8f\x1aw\xb0\
4\xea#\x1a\xc6A0\xf5\x95e\xbf\xa6a2C\xf3\
{\x9c3J'\xa7R\xd1\x97\x96\xac\x1f^\xbb\xfe\xbc\
\xd7\xdb\xb0$\x94\x08\xa5^Ja\xa5\xd1+\x86J\xa1\
\xf2*\x9d\x5cZ:93\x94\xd1\x92\x19\xcap\xa6\x12\
\xa7}\xeb\xbc\xa3m\xcb\xbb{z\xaal\xddK\xde\x5c\
\xfa\xe2\x99\xca\xca\x81\xca3_\x05\x14\xdf\xe9\xfb\xb4f\
\xce\xc5\xc8\x8e\xe4\xa6\xe3\xc7\x0f\x1d\xcb+s\x10G&\
\x86\x15E\xa3\xaa\xb1\x0eU\x8b\x9b\x1d\x16\x8bE\xa2Z\
\xf6~\xc0\xf3\xde\x00\xda\xfe\xbf\xde\xfe\xf8)\xc07\xac\
5\x94\xce\xf0TK\xb4\xc3ma\x19\x86u[f>\
fQi\x96\x91T\x8deX`\x7fp\x8f\x91tf\
\x81,\x10\xfc\x7f\xa1\x1bRU\xa3\x91\x99\xe9v\x8b\xfe\
Gv*P\x10Z8a\xdc\xf1<\xdd \xe8\x95 \
-P\x92C\xa5\x1f\x5c\xa67\x81\xfdM\xff\x02\x96q\
\xbc\xf8GR\x06\xcb\x10\xb39=/@\xa4\xf4\xf1V\
`\xc2\xc4*N\x9f\x15\xf6<\xf9\x1d\x0e\x80\x13@G\
\xfem\xe30.I\xb1+0\xe81iV\x92[G\
\x82\xf1l\x05\xf9\xf6\xfcm\x8d\xef\xae\xfd\xfd\xe6\x09\xb6\
\x92\xec\xfc\x9a\xa2\x09\x13^^9{\xfd\xfa\xe55\x05\
\xd9\xd8D\xf8H\xc8\xbf\xb1f\x97\x94d\xe7gO\x9c\
\xb5\xf9\xe0\xc1\xa3W\x10z\x95\x0d\xac\xc8\xae\xe7`Z\
\x0d\x06{Mh\xf3\xe6\xc3\xcb\x9f\xae/\x8f\x06\xfd~\
?M\x02\x8du\x03\x1dX(H\x94\xb9b\xf4\xa3\xd1\
\xbdq\x0f\xccN\xb1\xfc@\xb4\x84\xb4\xf6\x96&\x9a\xe7\
\x8a`\xc6\x8c\x14\xdc\x22\xa2\xa9W;_~\xb9>\x0a\
f\x7f\xba\xb3\xb4\xbb1g\xf6\xe0\xc3\x19\x19\xe4 (\
\xcd\x9c<93#\x13\xd3b\xe5\x83\x83\xdd[/^\
\xdc46\x18Mu\xa7\xa6g\x84\x96\xdc^\xba\xb4r\
\xe9\xd2\xa5\x95g\x86n\xfe\xf9\xe6\xcd\x9f\x94\x99\x1dZ\
\xdcl\x99~\x12\x08@rf\x5c\xad\xc6d \x8bp\
i\x02\x02\x95Y,\x92d\xf2\xb4\xf4\xb6D\xff\xe3 \
\x0f\xc8\x0f\xab\xee\xf5z\x03^>\xe0\x85tv\xf7\xe1\
\xfc\xfb\x9c\xa62\x96\xb5X,\x0cK\x9b\x8b\xe3\x7f\xbe\
\xb8ikL\xc5F\x22Zq#)\xec\x00r\xea\xf6\
\x9fF\x171sPUU\x10YU\xf4\xec\xdd\xb5k\
/\xeb\xdf\xc9\xfb\xda\xff\x9c\xc4\x06`\xf1^\x0c\xaa>\
\xc8\x13\x89\xf7\x13\x8d\xe3\x84V\x85\x87\x96\x11I\xd7\xe2\
\xfe\xd6\x7f\x81\x99\x11\x86\x8e\xe0\x02\xad\xaa8m\x90\x83\
\x83\x16\x0a\xc8\x0f%b\x10\x096\xb4\xe3\xf1\xb2\xf0\x91\
\xf3<\xd8\xd4\x9f\xa6\x83K\x0b\xaa\x0al\x05\x86\xef2\
mH\xd4\x99!\x9bl\x8a\x82*\x92Yk\xb0\xc2\xf3\
\xde\x96]@\x12/\xb2\xb3H\xc8I\x81a\xd6\xdf\x04\
x\xbeaE\xfe\xcb\xb3\xb3\xb2\xa7\x82$0 \x0f\x07\
\xcd\x1fR\xee\xf2K\xb2\xcbk?\xf4\xbd\xa3|v`\
\xd0n\xcd\xceB(r\x16\x22\xd0\xe1\x9b\x9c\x9d_R\
^2q\x81\xc1\x9e]\x9ei\x12t\x96\x5cJOC\
\x9bpP\xb9\xea.y\xd7\xf1\xa3-*\x06l\xc1m\
\x9at\x83+r\x8f\x11c\x01\xc6%\x86S\xd1\xd2\xd2\
\x8c\xcc\x8c\xd2Ng\xaa4\xa3%#\xda\xdd\x99\xda\xf6\
\x17\xde\xc7_[\x10\x0ea\xf5\x89spf\xe9\x8c\xce\
\xeeP\xf7i\x9f\xef\x9d1g\x22\x81\xf7\x09\x95\x86B\
\x99N\xc4\x91\xfdv\xdf\x8bs\x97.\x9d[yf\xcb\
\x8bon\xef\x1b\x1e\xde\xb5'\xdc\xfc\xd1\xe8\xf0\x1e\xd1\
\xe2va&\x18\x90\x0a\xed\x10(I2;\x1c\x16\xca\
\xe4,\xbd\xafw[\x18sdh\xfb\x15\x05\x1b\xc0\x1b\
\xf0\xb5#\xb9\xfc\xea\xf2\xee\x19m\xa5\xe1\x18\xde\x94\xd6\
T\xba,y\x98_\xe7\xfb \x163K\x14J7\x81\
Ep1~+\x08\x98\x10di\xfdKfY\xc1H\
\xb3\x94\xd9\x14>\xae(\xabCR|Q\xac\xcfO\x09\
 \xc5\xb1[\x18\xd4!,&\x03a\x10GIf\xb3\
\x99\xa6\xe9g\x17.&\xc3\xe1[\xfa\x9f\xe3hM\xc4\
a/\x88\x22\x10K\x5c>\x10\xb32\x94\x9b\xf2s&\
Z\xc6\xfd\xc0\x11\xebs\x1d[\x00l@D\xa1\xa8!\
\x17/\xcc\x98\x8a4\x5c\x22\xd7\x00\x02@2N\x88\x8c\
\xcbn\xb3\xe5Z\xf1\xb8\xe2\xeaF#g\xb5\x16\x14d\
\xdbHzzn\x95=7\xdb6\xe18\xaf\x04\xd6\xe7\
\x0f\x1a@\xf6\xa6\x03\xd2\x0al\xd9\xa4\xe5G\xf8Qy\
\xcd\xda\xa3_^>5\xab\x1b{\xc8\xaa\xf7\x13V\xb0\
C$\x03\x19d\xa1\xd5j\x88z82\x7fI\xb1\x82\
\x898[\x09\x9c\xdc\xac\xca\xe1/\x1a>9?\xda\xa5\
\x82k\x01\xfc\x0dU\x14\x19\xcb`\x05\xcc\xc2\x02\x85\x17\
h\xd9\xef,-ME'\xa7J\xf1K4\x1aM9\
\xb7\x9d\xe4\x1b\x02\xa3m\xce\x10N\x80\xcc\xcc\xccP\xa8\
\xb44\x15rf4\x9e\xe6\xf9@bF\xaa;\x15\x8a\
\xa6R\x08\xde\x11\x8dy\x15&\xb9\xef\xad\xa5K\xb7,\
\xddrf\xe9\x8bK\xf7]P\xd6)\xc7\xea\xe0X\xdf\
\xf5\xa7/\xbe\xf9\xe0z\x8cV\x89\x94\x82R\x19\xc6\x0c\
\x8d@p\xfa\x8c\xd2\xc9\xe5G}^\x1f\xc1\xfc\x15\xaf\
\x0f\xd8\xaf\xe2S\xd0\x12\x1c\xecNE\xa3\x93\x1fi{\
\xc4\x83T\x04wE2\x99\xd4\xbe\xd8y\xfa\x98\x1f\x83\
\x0e\xbaI\xaa\xc4\xe8\xbf\xe8\xac\xbe\xe4`P#\xbaI\
r\x1d\xebP\xe9\xbe\xeb;O\x1f+\xb3\xb8gZp\
P\xb8\xdd\x92\x1b\x9a(\xdaaf%V\x17\xfb2(\
\x17\x1d\x14\xeb\x10P\x03\xf47\xc1)\xf09N3\x89\
y\x18\xfe&C\x0b\x04>\xc3M\xc1\xe9v\xf1\x82\x0c\
\xc6\xd2O\xf2r\x89C\x18|H\xc5\x18Q\x04\xe1\x08\
Y\xe6\xb4\xd9\xc9$\x8fMW\xf0\x90 {\x9b-;\
?\x1f9\x89\x04\xc57 \xbf\x22\xdbf\xb3g\x8d\x1f\
\x12\xc8\xca)\xb0\xdb\xcb7n\xdc\xb8-\xbb>\xbb\x84\
d`\x10\x1d\x08\xf0?C\x1a!\x9cX^\x1e9z\
\xf5\xe8\xc9\xee\x92\xfa\x92l;\xc2\x10\xb2Ij\x0a\x09\
\xc3\xb5\xdbl%\xf9\x86lk\xf6\xa0\xd3/\x10\x89\x85\
\xc4\xb8\xa8\xb4}\x8a\x0a\xdd\xabG\xe4`\x85\xc0\xf9\xfd\
\xb4\x09\x12A|\xfa\x18w\x81\xf0Ap\xc1\xb3\x93\x98\
\xe2\xc7\xc2\xa9\xd4\x8c\x05\x0b\x16\x0cN.M\xe1\xd5\x9d\
5\x18ub\x8a \x94A\xda\x81\xd2\xd2P\xa8\xb4\xb3\
;\x9au`ew}w\xca\x99\x8a\x86\xbb4\xcdl\
.s\xc4A\xf9j\xaf\xbd\xb8\xf4\x85\x17\x96\x9e\x198\
3p\xfb^ \xe0;i\xebL\x84\xfb\x9e\x18\x0e\xbc\
\xc3\xdf\x89\xf91\x09\x08\xb9\x0e+\x89\x02\xe7qN\x7f\
\xa2w\xc1\xc5\xdd<\x90?\xaf\xb7\x1d\xbd\x84\x0f\x8b\xef\
m\xf7)\xc7\xafER3\xea\xccO\x0a-\x93\xfd\xac\
#^\xd6\x028\xe1rK\xf3\x86f\x87\xd9\xcc\xea\xf5\
\xbfdd\xe0/c\xa6\x19\x86b\x1df\x87\xc3\xcdX\
$\xb7\xdb\x0d\x9eGvHfG<^\xe6@\x9d\xc9\
J\x16\xb3\xd9\xe1`\x1d \x0c\x1c,eV\x99\xe2d\
\x97\x89\xa5%(\xa7\xccn\xb3\x83\xfd\xe7\x85:\x1b\xbc\
\xb0\xe9\xc7\xc4\xf2\x03e\x1f\xa1\xa61\xa6\x84\xd3\x82\xec\
\x03\x13\xd4\x00\xb0\x14\x22\xd7\x84I\xf7\x0a\xcd\xcb#\x5c\
\x00\xd9\x00\xadM\xcb\x9c\xe5h\xd1\xf3m\xd9%\xd9\x05\
Ud#@\xc7\x01\xee\x9f\xccv!\xc4\xdan()\
\xa9\xefn\xcc*A\xfcq\x01\xd2p\xc9\x99`\xc8\xce\
\x9e\x88\x88#\x08\xc1l\x08\xc50 \xd4\xd0j/\xb0\
b\xc3\xe0\xc80|\xef=\xc5\xc7/\xcfo\xac\x9fh\
\x9djm\x5c>{e>\x09L\xc1\x1b\x1aJ&f\
YK\xb2\xb3\xcb'C}O\xeam\x11A\x7f\xa4;\
\xae\xae\xa6h\x88h\xa0\xa2\xf1s4\x8c\xc3\xc0\x8c\x09\
\x84\x1e1\x0a\x82\xc8H4\x8dl\x0c<?\x8e\xae\xc3\
\xc0\x0e\x12uu\xa5\xa1\xa0S/\x02C\x990\x8e.\
\x9d<\xb9\xb4\x14doFF\xe3'\x8a\xd7{-I\
\xc5<~Q \x06\x14\xac \x18]\x9a\x1c\x8b\xc9\xda\
\xfd\xfbFF\xf6\x9d93r\xf7\xcd\xbb\xd7\x15\x9f\xf7\
\xe0\x13\xd5O\xfey\xeb\xa6]\x1e\x0e\xe4\x8b\xac\xab\xb9\
=u\x19\xd33\x16\x1c>\xcd\xb7\xf3\x01\xc5\xa7\x10\xee\
\x07\xa7\x00\xf9-\x7fu,:#ZG\xff\xa4\xacn\
r\x0b\xedP-\x8f9\x0f*\x8ar=#\xae\xb2\x0e\
\xa8K\xf0\xec\xa3\xc8\xa1Y7\xe30S\x02k6K\
\x0e\x07Xa\xb7\xdb\xc2\x12<\x80v8\xe2ef\x18\
\xda\xbb\xddn\x8b\x05\xed#\xc2n$\xb3\xc5M\xc6\x06\
\xf8\x83\xd3\xcb\x18\xc9\xe1p\xbb%3+=\x88+\x80\
0\xc2?\xce#m \xb9\x04H\xc7 \xeaC\xc8\xc4\
 \x02\x89I\xa0\x07!\x08\xc2$\x1b\x18\xa1<Q\xe0\
\x82O\x115Q\x7fk\xd3\x0ba\xc4]\xd9\xf2m\xb6\
q\xc4F\xaf\xf7l\xf9\xd9\xd9Xg\x12c\x9b\x95?\
\xfb\xd4\x1f\xff\xfb\x5c\xf7\xb6\x12[\xbe\xbd\x80D\xa5\xe3\
1\xb6[I\xd0\x95\xd5`\xc8\xc2\xb2fe\xdbI\x16\
VI6\x84\x00\xd9\x86\xffi\x14{\xae]\xb9r\xad\
d\xd0:{\xe2`\xedU\xbe=\xf0\xc7\x03\x83V{\
\x16N\x18\x80\xc36t\x07\xf9\x83A\x8eh\xac0\x00\
A\xe9`\x08'\x9b\x5c.\xa3\xdfTm\x94e\xa3K\
\x140\x18\xfd\xffr\xf5>PM\x9e\xe9\xbe\xe8\x97\x84\
\xe4\xfbb\x0c\xf9\xee>i\x12&'\x97\xcbeov\
b\x08i\xb0\xcb\x9c@H6\x8e\x09\x18\xdc\xa1\x7f\xb2\
\x22\xb8\xb6\x03\xec\x9c\x95X\xa4\x0d\x01\xd6\x06\xcal\xe8\
\xee\xc6C\xba\xd8\x99\x03\xb1\xa73\xba\xe1\x10\xc3\xedr\
\x8eK\xcfY\x9ar\xa8ZEo\xb1X\xb0\xad\xe3\x9d\
jG[[\xc6\x8e\xdaik\xad\xa3S\x1di\xcf\xbd\
\xbf\xe7\x0dv\xf6\xfdP\xe4\x7f\x87y\xdf\xf7y\x9f\xe7\
\xf7\xfc\x9e\xdf\x0f\x80|\xda\xa2\xd5j\xb5lT\xaa\x12\
sx\x5css3\x87\xbb\x16\x1b@\x091%o\x83\
\xf7\xf6+\xd8\x02\xe5\x90\x05\xa9())\xb9=x{\
\xf7\xcf\xca;\xdf\xb7\xdb\xed\xefnv\xbb\xdd\xe4\x0fL\
}vE\xd3\xfa\xfe\xcd\xedE\x8a\xb1\xf3]\xf6\xc6\xae\
\xbb\x9b6y\x06V\xae\xdb\xed\xf6k\xe5\x1b\xddn\xbd\
\xd3\x89\x06\x84\x80:$\xa8\x0e\xb6\x97W\x0c>\xfe\xde\
\xfb<\xda}x\xd0\xf8\xb3\xfb\xa8\xfb\xe3\xf7\xf1\xdf<\
6;X\xe1M$\x12\x92\xfe\xea&\x89\xd6\x19\xb0h\
1\xeb5\x966\xa7\xe5\x16\x80J\xf9+@\x82\xa0o\
\xb1 \xa9\x94#\xafp\xbb\xdd2\xb7\x85\xdc+d\xa8\
\xef\xe4*,\xaf\x1e\x8f\x9b0\x04\x95\xca\xadU\xb9\x9d\
{fx\xbf\xfd\x9d\x0dZ\xb9\x5c\xeb\xa4jTk\xdb\
I|\x0e\x0c\x876@&\x10*\x11\xe4\x7f\xc1\xad\xe2\
\x87\x05B\x1aNx4SL\xe2TJ\xd4Y\xe8\x0b\
\x0bJ%#\x84\xfc\xf2\x1f^\xf8\xa7\x9e\x962\xf2\xb4\
\x14\xc5\xb22#\xeb\x06\xb3\x8e\xad\xb4T#-3j\
\xc4m\xdb~\xf4\xd4\xb1\xbf\xf8\xc5\xb4o\x7f\xd73\xdb\
\x5c\x22\xc0!c\xe9c\xf9\xe2\xc0`\x90\x92\x9b-\xae\
\x09\x0d\xd9\xa1\x15\x8b\xc6c\xfb\x0e\xed\xdb&\x8ab\xb1\
\xa1\xbb{\xf7\xee\xc1\xdd;f\x8b\xcb:]\x87\xde\xf4\
_\xf2\xbd\xfb\xe3\xce\xad\x06\x90\x83YjQ\x5c\x8c\x10\
\xd0Ds\x8c*\x12\xaf\x90\x11l\xc9\x09\x8a\xb1\xc9\x86\
J\xb9 [7\xd9\xbf\x87\xd3\xab\xd2ig\x22\x9eY\
XXX\xc8,d\xe2&\x87\xd3\x82\xc1Z\x8b$`\
\x91\xb9-\x16\x99bhhoo\xd0\xc2\xc1\xcei\xfd\
\xf6\xa1tZ&\xf7\xde~\xf7\xfc+\xdb\xcb\x9bZ\xda\
\xcb[ZZ\xbc\xc1\xb1\xf2\xed\xff\xf8\xfc\x92\xbd\xeb\xf2\
\x85\xa2\x80D\x91F\xdd\xa5\xda|\x9do\xf4_\x9bL\
\x8e\x9d\xf2A\x99~j\xd9\xc7\x8f\xfc\xb1eoK/\
N \xf8\x7f\x10\xee\x02;I^n0TTi\xbe\
\xe1\xfd\x183\xe6G(\x07\xb4\xfb\xe8=\xfb\x08\x7f\xf4\
\xdd\xe2\xd9\xc1r\xbd\xc9\x94\xd0z\xab\xd7\x04-r\x99\
J\xabr\xabTZ\xb8w\x81[\x22\xa1n\x97J&\
\xd7\xba\xe5z7N\xbf\x96\x1e\x8b\xc5b\xd1\xbb\xe1\xa8\
\xa4\x0d\xe8k\xf45z\xbdC\x8f\xe5\xa5\x95W\xa9T\
z\xad\xd3\xa1wb\xbd{\x17N-$\x0a,\x16\xa7\
\x1e\xb6\xe9\x16\xad\xa5\xf6Q\x19\xf8\x9c\xb7H\xdd\x80P\
YP\xa4,\x90\xaf\xce\xb33\x89\x95U4Y\xcd\x06\
\xc7\x89\x18HZ\x11\xde\xda\x7f\xa2\xc9\x90\x17\xfea\xfc\
\x952\xc3Vr=4P\xf4\xa7\x12\xa0\xb8\xb8\x98\x22\
x\xd93[\xff\xe6}?o\xe7\xdf9{bz\xe9\
\xe6\xabO\x19\x88\xddi\x00\x08D\x1cO\x03\xd9 \xa1\
\x82,\xa5\xc0n\xb4\x1a5\xcf~\xcb\xf3\xf6\x0f\x9e\x9d\
\xb5\x8ae\xa2\xe6\xe7\xdd?\xf9\xb4\xeb\xa8\xfd\xd3C\x9d\
;\x8e\x1d+>f\x14\xcb\xa4\xd4\x13 \x934\xa9\xb1\
Xj\xb4Z\xd7\xa8\x95\x12`\xee\x05JN%\xaf\xac\
\xe4\xd4E\xdc\xe6\xd3|\x97\xff\xba79\xf8)\xcf\xfb\
N6%{\x13\x0b\x99\x0b\x99\x0b\xabO\xc6\x94\xc0\xf4\
N@\x22\xd1R~\xadw\xeb-\xe0\x96\xe9oCC\
\xe4\xf4\xd8Bor\xcd7~?\x7f\xa5?\xe9t\xe8\
\xb5XG\xb5\xaaf]\xf2\x92\xdd>w\xbe}H\x91\
6\xcb\x0b\xe4*\xf70\xc0\xbf\x99\xc9dooyy\
K\x8b\xf2\xf89\xbb\xdf\xff\xf5@\xe4\xce\x85\x8dn\x99\
\xaa\xd9\x8d\xcbH\x02\xdb\xe5\xe0\xd0\x15\x7f\xd7\x97_\x1c\
\xa5\x95\xb7\x8f\x8c46\xfa\xf2\xad_\xdc\xfe\xfe+\xb3\
\xc3\xc3\xb7[\x12\xa6l\xd6\xa9\xe8\xdf0\x96vZ\x1c\
\x1bk\x9c\xe8$\x98\xcdP\x9d\xc3H\xbfJ\xa5\xd5\xa2\
\x92\xd0\x92L\xb8E\xae\xa5X\x06\x1a\x98E\xa5\xd5;\
\xb5\x8e\xa6\x93\xd7\xaf\x5c93F\xa7\xdb\xa9\xa5\x06\xa2\
V\xa5W9\xb5\xb8\x01\xe0\x95\x9e\x84\xfa\x8c\x93=Z\
\xa7\x16\x1b\x80\x82\xf8/\x9f+***b\x05\x1e\xd0\
\x14\x05[}\xf4\x82\x98\x8c\x8dD\xc2F\xc3h0@\
\x09>\xb2R\x9d\x0e\xc6 4\x8a\x9f\xb0\xb3\x5c\x87\x18\
\x9e7\xac-\xa5\x0b\xbd\xb4\xac,\xcf\xe1(\xd3\x1d\xc2\
\x08\x97\xfd\xd3\xb3\xae\xc7\xb6=U\x8c\x15\xd7\xc0\xd3\x0c\
V\xe6F8Z\xe2k\x00\x14\x97\x22$X\xe1t{\
\xec\xec\xb7\xfc~\xdf\x17g\x07;]H\x09\xc5g\xdf\
\xf4\xef\xb7\xff\xee\xec0L\x97\x8bK\x8d,E\x10\xd9\
\x7fN*\xc24\xaf\xca\x0b\xee;h\x0a\xe6\xb4\x1b\x8c\
8\xb3e\xf2#\xbb\x8f\xff\xb2\xdf\xb9\xfb\x1d\x9f\xddw\
\xf8\x95\xc4\xf1\x85\x85\x0b\x17 $s\xe6\xcc\xa9w\xcf\
\x5c\xb8\x90\xc9&\x9c\x10\x97\xb4H\x04\x98f\x83\xb0!\
\x13\x02*\xd5\xcfN\xf0>\xfb\xc9\xb1\x1awM\x0b\x1c\
\x1c\x0f\xef\xc1\xf2k1\x85-kn\xaelx\xef\xcc\
{g\xd6\xad\x9b\xe4\xa0\xcf\xde\xe4\xed\x9fL6\xddn\
\xa9t'\x93\xbdzm2\xa9-8~\xe1\xf4\xddH\
\xdbb\xb4\xad\xe7IY3\xdc\x97\xf0\x7f\x99<P\xfe\
\xd5\x1c\xdf\x88C\xffoq?\xea\xfe\xf9\xfcs\xef\xee\
\xd83<\xac0\x99\x12&\x93\xd3\xbb\xb9\xdf\x1b\x0cx\
\xa1i\xf1\x1e\xe7\xd0j\x03\x16\xac;\x81\xb7*\x956\
`\x91XT\xb8\xc2d*9B\x04r|\x8bE\xab\
uk\xb5\xa6\xaak\xbe\xfd\xfcL\xa1\xd3\xa1\xd2:\x9d\
\xb8\x05\xb4n\xbd\x93\x16\x1cN7\xf8\x170\xb4\xd3Y\
\xe3p\xe2\x1f\xad\x8di\x04\xbd\xf0\xc2\x0b\xcf\x15\xa9\x15\
\x0d\xa0\x02\x16\xa8\xb1\xb6$B\x0aE@l\x00\x05\x8d\
\xa1K\x02`\x0d\x12\x1b\x84\xcaA(\xd5\xc5H_\xe8\
\x85\x9d\xbf\xec\xd9\x8e\x80lX\xed\xda\x1a\x8b\x8b\x8b\x99\
\xdd1\x19\x1ek\x5c?y\x1f\xa5\xee\xa7\x87f\x8b\x8d\
\x22Cs\xf3\x0eg\x06\x82\x08\x8cFbz\xa1l\xb4\
\xee~\x16\x1e\xc2\xbf:\xd4\xfd\xe2/\xb6\xbavh\xca\
\xac\xa2\xa1\xdb`x\xea\xc8k\xaf}\xb5\xfb/5\xa0\
\x0b\x1b\xb7n\x95\x92Qr)~\x0c\x90F4\x87g\
\xbdAf\xd1\xa7\x80\x8f\xe4PCspHh\xb0\xb8\
\x17\x1c\xea\xe0\x10\x1c|\xd4\x96\x83\xd9\xec\x85\xe3\x9f\x81\
qCe\xf7\xbb\xa7V\x8e'\x9c\x01\xad\x0c\xcc}h\
\xf8\x0bd\xd0\xc0)\xcc\xcd\xeb&'\xfb\x9b\x11\x0ej\
\xbct\x07\x03\xd9\xb7\x90Ix\xb3[f\xee\xedM\xf4\
\xbf\xe3\xb3\xf3\x9f\x16:\xdbO\xf2v\xfe\xf3\xf6\xa4C\
\xb6p\xea\xcc{B3\xb8`&S\xe2\xe9\x5c__\
\xdfh\xdf\x93z\xc0\x0e\x0as0miz\xfec\x9e\
\xf7\x8d\xf8x\xff\xffo\xf9y\xdc\xfe\xbe\xcfv\xec\x98\
\x1d\x1e\x1eJ8M\x89\xd6V\xc7P\xc9\x86\x02\xb7\xbc\
\xe4\x84\x7f\xbf\xffp\xbb\x05\xe42\x95\x1c\x99\xbb\xdc\xe2\
\xd4\xca\x9d\xe4J!\x09X\x9c\xb4\x86\x0e\xac\xa3\xdeM\
\x0b\xab\xd57\x9c\xb9r\xf8\xe2{\x0dN\xbd\x9e>\x8e\
\x00\x815w\xd2\xaa[\x02\x01\xa0\x90Z}MM\x8d\
\xde\xa9w8\xb5\x96\xd88\x89\x84\xbd\xbes\xe7\xd3^\
\xf8\x0c\xa8A\xfag\x90 HD\x98\x0cRc\x8c\x85\
$\x0c\xd4L\x1e\x94\x82\x00\xe9\xc5(\xbd\xb1\x7fb\xfb\
\xe7\x97=\xe5F\xd4\xf0\xecN\xd6tw\xba\x5cRQ\
4\x00\xb1+5H\x0d\xcfl\x15\xf7\xc1\xbfz[\xb1\
\xb1X*\x22\x000gk\xc6\xf1DY\x0f\xc27\xf0\
b\x94}g?\xf0\xf9\xfd\x9f\xed\xdb\xdd\x898\xa13\
H\x0de\x1a\xc3VMw\xe7\xac\x0e\xbb\x05\xa5\x02\xd8\
\xa0\x843\xa2\x90@\xa7\x18\xa5\x84\xab\xc5\xabV\x069\
\xb7V\xd8;\xc7\xf3\xfb\xdf[\xa7\x87\xeb{\x1a\xfd\x11\
N\xa14\xc3T\xec\xf8\xc2\xc2\xa9\x19J\xbb|>\xfb\
\xdc\xbb\x17VV\x12\x0e\xa7\xde-\x87@\x9f\x19\x974\
Q\xa6\xe4r\xa17\xc8\xa9di\x89\x1b\x95\xb0L)\
\x13$\x16\x8b\x85\xa6\x8c$2\xce\xa2J\xcbQ\x9eu\
\xf1\xd7\xda\x17\xc6N\xf2\xbc\xfdbS\xba\xb2\x01\x8c\xae\
\x0b^\xf7d\xff\xe6\xf6\x02\xbd>\x10\x8f\xf6\x8c\xbe\xfe\
z\xf4i-\x92\x80t\xef\xf0\xe9i\xff\x88\xdf?\xf2\
\xe7\xc0/\x01\x80\x04\x00\x7f|~\xc7\xe0\xecp\xe1\x9a\
5\x1b\xd6\x07\x9d6\x936X\xde\xde\x5ccz\xe5\xca\
\xf2\xcd\xa5\xbb\x05N\xad\xd3\xa2u:-\x16\x95\x5cB\
W>\xbdK+\xaa\xcd\xc7r\x9c\x7f=\xbd\x9ft&\
\x12\x0e\xa7\xcaM\x97<ZN\x10\x8cu:\xf55z\
\x04|\xadE\x12\xd0Z\x9c\xda\x9a\x9a\x1aG\x8d\xc3\xe1\
pjc\x13\xa4\xf1\x04\xa9X/i\x82\xb3-\x80b\
@ A+\x85\xa0Nc\x1c\x05\xea\x80D/\xa7\x11\
\xa3\x225lN8\xe5X\x8cM\x07\xbf\xf0\x0f\xe3\xdb\
\xa9\x11\x00\xea\xefS/~\xf5\xeeW\xefn\x13q\xb8\
\x1f{\x0c\x19\x9e\x86\xcc\xcf\xa5\xa5\x0c\x0c*+3\x80\
\xeca0H\x8b\x19\xb2/\x22\x86\x831\x8c8 \x96\
\x89\xc6}\xcf\x9e=\xf4x',\x11\xc9I\x19\xb6\xe9\
\x08/\xb8\xf1\x19\xd4h\x80m\xa2\x11\x0c!#K\x1e\
\xad\x1a\x83\xe8*\x1f\x0a\x0a\xedg\x0e\xcf|s\x06\xa4\
\xfdScZ\x0e\x09\x98\x5c%\x93[\x02\x8a\x02y \
\x91\xcc^\xb8p\xfcwv\x0c\x947\x8e\xf8\xa6\xdf]\
Y9\x9e\xcd:\xf5M\xe5k\x0b\xdb\xd5\x8a \xee:\
\x0b\x8eT2-O\xa7\xa9\xb4\x82L\xb7[\x06.G\
 \x1d\x80\xc4\x22'\xe1T\xf2t\xdal\x09\xf6\xef\xd9\
\xdck\xee\x1d#\x1f\xb8Jw\xb3\xfc\xc4\xf4\xdc\xdc)\
\xfd\xc1\xa3vh\x17\x04\x82\xe9p[_\xdf\xe8\xe8\xeb\
O\xaa\x02\x81\xde\xe4+W\xfc\xfe\x91F\xbf\x0f\xe5\xfe\
\xa3;\x80\xa1?~\xbb\xfd#\xd7\xf6\xdbk\xd5\xb1;\
q\x8b\xb7\x7fCu9d)O\x9f<y2\x1b\xec\
\xcdW\xf2\x16-%u\x16-\xf5\x11\xe8@S\xeeG\
\x8bK\xe1\xdd\xe2t\xe2\xe38\xda*\xbd\xdc\x82/\xa1\
\xfd\xa1\xd5kWo\xfcDh\xec\xda\xf4\xc3\xe9{\xca\
\xd6O2)e\x00\x00 \x00IDAT\x84\xa3&\
\x91H$\x9cN\x8766\x9e\xd7\x87x\x01\xa6QJ\
Z~\xea\x09\x92,\x041JiF\xac\x88\xc8 \xca\
\xa0\x02\x99B\x11\xd1\xada2\xe5\xad%\x91\xb0\x17\x00\
\x04\x15K\xa5\xa5F\x8dA:{\x08m\x9eK\x87\x0e\
\x9d}\xf6\xecS\x066\xd6G\xe5\xa1\xb1\xccXVJ\
\xe6\xa6`y\x81\xeb\x05\x87\xebR\xe4|0\xbd\xa5Z\
\x11p\x81h\xd4\x89.rB\x94\xe6g\x834t\xcf\
#\xaf\x10A\x0a1\x96J5,z\xe0g\x19\x98m\
ji\x99\xa6\xa4\xdd\x1b\x9c=\xe1?\xea\xfflOC\
\xfbd\xb3@\x08\x0f\xc2\xa5\x16Voi\xad9i\xca\
`\x03\x8c4\xee\x07\xffj\xfa\xbd\xd4B(\x94\xc8n\
\xbf\xe2\xf3\xf9>\x1e\x93\x99\x05\xc1\xdcpaff\xe6\
\x8e\xacF+\xd7\xeb7\xca\xd4r\xd4Wr\xa6\xca\x07\
\x9a\x05\x09?\x93\xd8G \x99\x5c\xff\x81o\xc4\x7fq\
rc\x8d\x9e\x0a\xee\x1aU\x83\xda\xad\x1f\x9a\xe3\xed\x8d\
\xe7\x1b\xb4\x9c9\xed\xf4`\x03\x8cFci\xe7\xf3\xbf\
\xc6\xa0\x87\x8f\xe0\x9e?\x0f\xff>$\xff\xdf\xec\xde\xb0\
\xe6\xf6`2\x92Je2a\x9bwmUE\xb9\xf7\
\x95\x13\xfc\xfe\xae\xd3\x935Z\x95\x9b\x828\x85yK\
\xfe_,8m\x03\xb7\xdb\x99_^\x1cu\xa7\xc3a\
r8\xb1\x07\x1c\xd8\xc4\xda\xd5\xf0\x80\xc7\x91p$\x12\
\xd9=\xbf\xe6\xf7\xfb\xaf\x8d\x85\x1c\x09SM\x8d\xc9\x91\
H$\x1c[&H!h'\xe5\x00T\x06\xd2x\x10\
\xaah\x90C\xc99F\xa0\xe1P\x1c\xfd\x022\x90\xa6\
\x02\x00\xecpE\xd0\x1bcZ\xc1/\xfcr\xa2E4\
\x88\x9a\xe2b\x83a\xc7\xb1\xd7\x1a\xa7/\x9d\xf8\xf9Q\
\x1f\xcf\x1f\xd8\xa6\x81o=\x06\xba\x81\x0e\x17\x97\xfe\x19\
@\x80c\x0d\xbcO\x94\x8a\xc6b\xab\x8em\x01\x84x\
V\xfek\xc4\xe2<\x14H\x9c!\xca\xf6\x89'\x8c\xb8\
`\xcco\x00\x9a\x14\x92\xea\xb6\xfd\xe4_\x9f\xddf\xd5\
\x0d\x96\x8f\xb5\xbb\xbe\xe4\xe7\xce\xcd\xf4\x07\x10\xd4%d\
\xf8\xca\xc9\x8a\xce\x1c><\xb3 \xa8\x02Z\xe4\x00\xa7\
o\xfd\x9a\x9e/\xaf\x9c\xba\xb0\xb2\xb0\xb1f\xe3\xe4;\
\xf6\xa3\xf6\x87U\xcd\xbd{\xcd\x81\xfew\xfcG}\x9f\
\xaeO$\xf5\xaa+7/M/L\xaad\x90\xa5f\
,\x0b\x9a\xd1\x0d0o\xd0t\xa0\xb9\xff\x9d\xc6\xe9\xb9\
k\x9352y:\x8d`\x11\x94\xbb\xb5\xda\xe6\xf6=\
\x1b6\x83Z\x996\x07\x9cO\xdc\xfd\xd3\xd7_\xbf\xd1\
V\x7f\xeac\x18\xa4\xfa\xf3\x0f\xbf\x9a\x06\xf8q\xf9\xbf\
\x7f\xe4XE\xd5\xe6\xc2\x92\xaa\xb5\xcep&\xecl\x1a\
\xae\x18\x88Ne\xf6^;q\xfd\xe6\x99&(\xcf\xe7\
\x0f9\x1d\xe7|\xb6\x87BO\xef\xacq8\x9c\xfa\x7f\
\xb3\xc8\x09G\xc2\x990\xc9{\xf7\x1e\x5c\xd0*\x92\x09\
\xa73\xe1p:\x13\x09'>\xea\xc0\x1b\x17N\x9e\xf9\
\xdd\x05gk\x22a2%\x12NS2\xe1\xa8\xfd\xc1\
1\xa4H\xa9\x10\x8a\xd8\x0d\x90\xc7Q\x04\x92%W\xc2\
/@I\x0aql2\x9c\xa6-\x10\x1a\x0a\x8a\xc6l\
\xff\xf4:\xa4bw\xfer\xa2\x1d\x81\xbc\xd8Xf0\
\x14K\xff\xe2\xa7[\x8d\xdd\x8dv{\xe3\x8b\xdbtb\
\x99XVZ\xfa\x97\xd4\x14\x04\xeek|\x1c\x93}\x8c\
\xe9Gy\x00\xd0a\xa3h\xb52\xc67\x16Y\x030\
@\xf7h\xf5)U\xd4\x184:+p\x06\x00\x0c\xd4\
&\xa0?eR\xc3\xd6\xceC\xdf\xf0<\xff\xdbC\x83\
\x83\xe5\xbb\x1f\xfa\xbb\xe6\xde\xed\x07\xb1\x85\xcb\x8fZ\x09\
\x82\xb9\xfa\x04\xbf\x9f\xff\xa8)a\x0e$\xb3\x0b\x17.\
\xdc\xb9\xf0\x80\x9e\x0b\xa9\x05[\x22i)\x9a\x1c\xfe\xc8\
?b?\xd7\x1bL\x0e\xa5\x87\x0e?<qsf\xc8\
\xa1\xb5\xb4L\xdbG\xf8;\x93\xda\x80\x5c\xc5\xa9\xb8J\
\xd4\xc12\x90c \xb6\xa8P`\x22GV\xb4\xae\x92\
\x13,\xe9\xb4\xd6\xed\x06\xda\x8aL\xd2\x0d+\x1e\x15\xa9\
\x80*\xd2\xda\xfe_\xf3\xfb\xed\xdfM\x9d\xbeI\x8cO\
\xff\x0f;`\xf5\x0a\xe0?~\xedP!t\x85\x0a\x0b\
+J\xaa\xca\x9bZ\xaa\x87[r\xff\xb1\xef\xea\xd5\xf9\
p,n2\xc1\x96V\xaf\xff\xb3\xbb\x9e\x85{,6\
[\x7f$\xf5,\xbcc\xb5M\x08\xec\xa6\x9a\xc4\xb4\xdd\
n\xbf7\x19\xca&\x13\xf9\x07\x9f3%\x12\xa1\x96\x19\
_\xd7\xc85o(\xe1\xa81\xe5?c\x9b\xc8\x9b\xfe\
\xfc\xc3s\x0d\xf9\x91c$~\xb4\x01\x90\xe6\xa3\xad\x9a\
f\x061JR\x8cV0\xae0\xa3\x85*\xc7\xb6\xfc\
\xf2u\xa6\x15<\xb1]c\x00\xf2[\x06/{\x00;\
\xc7\x0e\x9d=\xf4\xe3\xc7\xad\xa2\xa6L\xd4 \xf3\x03\x95\
\x87z|\x80\x87\xe9\xf8\xc2\x04\xdb\xa0\xb3\xe2\xb4\x83\xf7\
O\xe1\x00^\xc8Vk~\x00\x0c\xd0\xa2\xb1\xb4\x0c\xc8\
\x80\x86\xeaE\xabU\x14\xc9(\xdb\xb8\xea\x92\x8e\x84\xc2\
\xf5\xec\xb7v\xbf\xfd\x83C\xbb\x7f\xd6\xf2\xea\xfb\xbc\xdd\
\xfe^\xbbJI\x95\x8c\x99\xaa\x17e`\xf3\xb5\xa5\xeb\
\xd7\xdfkP\x05\xcc\xc1d2iZ0-,\x9cZ\
9~|!dJ&\x8af\xba\x1a\x7f\xf3eW\x97\
o\xe9g\xc1^\x85B\x12\xe0\x9ep\x9f\xbe4}\xe9\
z\xd1\xc9\x93\xa7O+\xe5\x12\x85\x19B\x99\x18\xdf\x93\
\x11@\x16 \xa5?\xd2\xf5\x91\xa4\xb9t\xda\x22\xd1\x8e\
\xbdw\xf1\xca\xcd\xc3\xed\x10Q\x92\x082\x0c_\xca\xc8\
\x01*\xddt\xf8\xfa\xe7\x0f\x0f\xcf@\xa0\x1e\xb8\xff\x0f\
\x8c\x8f\x91\x11\xbb\xaf\xb1\x91\x7f\xeb\x88\x0b\x1d\xc5\xf25\
\xeb\x015\x97\x14\x0e\xcf\xce\x0e\xb7\xdf\xe9y\xbdgt\
\xb4/\xd7a2\xd5\xfcP\xb0;jj\xf4\x09\x87\xa3\
&\x7f\xd8\x1dN\xa4pN\xec\x0e\x87\xd3\x94pb1\
M&g\xc2\x94M<Qt\xd3\xd7e\xbf\xd7\xd4\x8a\
5\xa60O\xdfQ\xe3L\xb4\x96\xdf\xb3\xfb\xed\xd7\xda\
m\xf8`M~\x03\x8c\xd3\xf1\xdfI\x8e!\xc8\xf2I\
\x16\xae@I\xbe\x90\xd0\xb3\xe30#\x12T\x83\x13\xc8\
\xe8\x00EJ\xba\x0eh\x03\x08c\xb5\xff\xc0\xacC_\
\x18/wi\xca\x8c\xb8\xa0\x81\xe9jD\xab\xd5\xe5r\
\x89\x8c\xc0\xa1\xb3\x02\xfd/.6\xb2e\x15\x8d\xab&\
\xd8\x22\x22?{\xc4b\xba\xe9\x0dx\xab\xb8X,\xc6\
Z\x1b\xd97\xb0\x04@C\xb4p\xec\x1e+q\xc5q\
]\x00o@\xe6\xb9\xefo\xfe\xf3\x7f\xfe?N\xff\xfa\
\x9dw~\xb7}\xa8\xa5\xa5\x81\xa3D\x15\x22K\xa4k\
]$\xc0\xdc\x9b\x147\xa8\xc9)\xa4\x03\x16\xad%`\
\xb1H\x02\xbd\xda=\xff_v\xc6\x7f\xd3\xfd\xfcKM\
JY3\xc7\xc9,\x5cM\xfb\x19\xde\xce\xdf\x5c\xa7M\
:-f%\x071\x17%\xda\xa8\xa0\xc3\x09d\xa3\x95\
\xa7V\x08\x01\x19\x07\xf3-\xd5\x86k\xfcQ\xfes\xb8\
\x0e\xe3\xdaQ\xc9\x94\x98O\xe1,\x96\xde`0\xd8\xfb\
\x8f\x87\x81\xf7\x10\xf2\xf7\xc3\xfa76\xda\xfd\xfe\xe9\xd7\
\xa4\xd5k\x87+\x9a\x12\xa1dSIIIU\xf5p\
Uuu\xf5\xf0\xf0\xd0\x9d\xbe\xbe\xbe\x9eh_O.\
\xa6\xd5R\x95\xe7p`yMPE\xc4\xaa:\x11\xea\
\x93Ig\xe2\xdf<\x0eS\xa2u\xa3\xc9\x94\xc8\x9a\x84\
&\xafZ\x9bHd\xb3\xd8\x15,\xdc\x9bL\x89\x90)\
\x91H&\x9f\x7f~\xaf\xd3\x940\x85\x807\xe0\xbbb\
\xcc=\x1c*aJbQ\xa0\x0ad\x17=\xe9KC\
\xa0:\xc0\x15(\x82\xca\x22%\xf36CQ\x88\x89s\
\xf2D'\xbf\x80\x9d\xe4\x17P.\xe6'7\xd1\xdd\xd1\
\xe94t\x8c\xad:\xabU\xaa\xd1\x94=~\xe8\xec\xd9\
CF\x91j8\x91z\x83h\xe9Q\xf2\xa6\xa3\xdb\x9f\
\x0a<\xc4tzWZl-\xb6\xe2\x12(%8\x19\
\xa8O\x99\xc1\xf0\xf8\xa1g\x9f=\xbb\xc3\x8a\xb1\x10\xca\
\xfe\xc4\xb2\xb2\xad\xe2\x8e\x1d\xc6\xb2\xad\x86g\x0c\xb3\x87\
~\xe7\xdf\xcf_\xe9\xdf\x08!\x13\xb3Y!!e;\
\xa5\x22 \x91\x08j3\xc6&*%y\xadf\xcc\xc6\
2\xd5\x1d\xb96\xd0\xd0\xf0\xde\xc2\xe9DsM\x8d\x1b\
b\x12\x82\x5c\x10\xdc\x95\xc13gN\xbe\xb7.@>\
~\x02\xac\x08\xd0O\x07\x1dGR@\xddrdG\xd8\
\x01JH4s2\xf7\xba\x85\xc3\x9f}vz\x1d\x88\
\xdf\x1c\x84\xfa\x00\xd6\x06\xe4r\x05\xa7\xf4zg?\xe3\
\xed@\x7fx\x80\x0f\xf6\xd5\xbb\xdf\xe7\xf7\x7f|~G\
\xd5\xe0`E\x10\xa19\x91\xd06m\xd8\xb0aCu\
UU\xd5\x86\xeavE&\x12\xed\x1b\xed\xeb\x19\xed\xeb\
k{\xaeu\xa3\xc3aJ$j\x1c\x09gM\x8d\xc9\
dr8\x12\xd9d\xaf\xb7\xa5\xa5\xa5\xa57ir\xb0\
\xd3\x8f\xbf5&S\x88\xe2\x80\xc9\xd4\xda\x8a\x9d\x92M\
\x84h\xedC\xa6P6dZ\xb8p\xea\xd4A'\xdb\
A\xf45l\x0b\xd4\xf6\xc0\xf5\x09\xbeo\xcf)\xf3i\
?L\xc1\x15\x04\xfb#\x1dDo\x80#\xcb(I\xde\
;N\x80|$\x81\x84\x0a\xa5\xb7\xf6\x85\x9e\x9d\xf9\x0d\
\x00\x10\x80\xe2\xb6\x06\xd5\x1c\xcb\xf5\xe9\xf8\x96uo\x83\
Fh\xd7O\x8b\xa5F\x1dJv@\x03\xa5\xac\x92\xb3\
\xeat\xf4e\x08\xfb\xd8\x1bR\x96\xdcI\x8bE\x9d\xa8\
\x13W\xb3@\xa0\x09\xba\xc7\x9fi\xe4y\xfe\xc8S\xae\
R*%D\x88\x05\x94\x95m{j\xc7\x0e\x97\xa1\xbb\
\xbb\xf3\xa9w\xbf\xfd\xe0\xd6\xcc\xa4\x1e\x09\x98`\x0e\x90\
<\x9b\x99\x88\x8c F\x82\x08@\xb3S\xa4\xc9\xc7\x05\
\x02\xf4\xc7,IKTZ\xad\xde\x82\x1a/\x9d\xa6a\
J\xb9*\x9d\xf7\x16\xa2\xec\xbf\x12w>\xc7I\x0ad\
\x02L\xb8\xf1\xe3@\x8c\x84\xce\x9a\x84tT\xb4\x92\x80\
Y\x00\xea\x9a6\xc3\x95\x87+\xc0\x04''\x97k-\
i\xb39Y\xfe\xd5\xb4\xdf\xd7H\xd7>\xcd{a\xea\
\x13\x1b\xe0\xe3W\xb7\x0d\xee\x1e\xde\xa0\xce\x9f\xe9D\xc2\
\xe4l*,D\xd3\xa9\xc9\xect:M\xce\xac\xa7o\
\xb4gt\xf4j_\xdb\x93Oo\x09\x85B\x09\xd3\xc6\
\xd6\x8d\x0e\x93)n\x8b\x9bL\x81w!\x8d\xd8x\xe2\
\x15\xba\xe6MlE\xe9X\x9bZm\xf1\xd6\xd6'6\
\xb2\x8f\xe1o\xc8d\x8ag\xe3\xf1\x96k\xbc\xdf~\xb1\
)\x9b\xc8&\xb1\x8d\xd8\x93H\x98\xc2\xe3,\x07\x18\xdf\
\xf9\x9c\x92\x5c\x81\x99>\x00mt\xca\xf8\x0a\x8a\x10\xed\
\x05\xd2\x87+\x22\xfb8%\xa3\x05\x91-\xba\xb7\xb6\xa7\
\xa7\x87\xf6\xcfx\xb9\xd1 \x1aQ\xb1#\x8f3h\xa4\
ee\x1a\xa2\xf0IK\xcb\xacO\xfd\x82\xe7\xfd\xef\xff\
o\xa2\x94\x029\xb4\x1d\x08\xf8\x95J5:\x8dh\xdd\
\xe1\x1a\x9c\x9d\x9dE\x7f\x08\xc9\x81\x0e\xc9\xbfh\xb5\xea\
D\x9dF\xcc\x03\xc9\xa5\xa2\xb1l\xeb\xb1\x9fC\xe2\xfd\
\xc8!Wi\x19#\x86K\x8d\x8f\x95\x1ez\xd8ui\
\xf9\xd5\xc7;\x01\x13\x0d\xae\xb58\xdc$\xa5\x85\xd9l\
\x14k\x9cD\x917\xce$\x87,u\xde6\x9bD\xb9\
\x89LW \xa4-r\x89\x16\xd9=Zi\x98x\xa6\
F\x88\xca\xdc\x1bH[\xcc\xe5\xeb\xf7\xf4\x17\x09\xe64\
\xd2:j\xfc\xaa\x95J\x0c\x9b\x05\x02r-I;H\
8\xb9J\x12\xb0(\xd2C\xc14\xb3\xe9\x05\x98\x14@\
_\xce\x12\x90\xcb\x93-g.\xf1\xb4\xec~\x82\x9e\xfc\
\x04\xfa\xd9\xed\xdf\xbch\xd8=XUQ\x9e6\xb5\x86\
\xf0@\xdf.a\x0a\xac\xd9\x5c\xb8\xb9\xbc\x97\x227\xb6\
\xa0'\x1a\x8d\xf6-N]\xf7=\xfc~&\x10\xcaf\
m\xc1\x8b\xe7n\xde<\x93\x0e\xd9\xdc\xef5\x8e4\x8e\
\xf0\xb7\xca\xf3\x9b'\x9109L\xa6\x90-\xde\xfb\xe0\
\xda\xcc\xcc\xcc\x8a3\x81\xc0\x90\xcd\x86\xb2\xa6\x9a\x02\xb5\
W\x9d\xcd\x86\xf43s]\xbe+c!\xb6+\xe8\x09\
\x85L\xa1D\x18\xce\xa1\xb8\x05\xc6\x9f\x03\x99\xae\x80l\
\xe3\xd4\xb4\xf6\xe8\xf6\x09\x5c\x01\xae{\xd2\x06bR\x81\
\xd0\xae#\x91#\xe8\xc6\x05\xbd\xb5;w\x8e\xd3\x1d2\
\xd1\xa4\xa3Q~\x0c\xf0\x22k\x93\x96\x22\xbeKu`\
\xf1\x8a\xd6}\xbf\xf8\xeb\xbf\xfe\xc5_\x80\xe2\xa5\x03\xc9\
\xcf\x98\x9f\xf1\xc7\xd4o\x99\xd4\xb8\xefw_\xfc\xeeW\
\xcf\x14[\xa5\xc6R\xb4\x8e\xa4\x08\x08\xd8\x1d\x8c\xfeE\
\xa4\x80b\xab\xb1\xf8\xa9\x9f\xfc\xeb\xbf\xfe\x87\x9f\x8ab\
1\xa9\x06\x96m-}\xac\xac\xf8\xa9\xa3<\xdf\xf8\xf2\
\xb6n\x8d\xc1\xe5\xea\xbe\xadVq\x08\xbe8\xfb\x00*\
\x8b\x82\x82\x02\xf3\xd2\xe4\x92\xa1`\xc9+\x9a\x1a\x0a\x8e\
l\x13\xa8\x9c\x0fpp\xd8\x80\xea\xaa\x1c\xe2\xcc\xa0\x12\
\xcad\x95*K:\xed,\xff\xc8\x07\xa9aw:-\
qN\x9e\xbe~\xfd\xc4\xb51\xb7\x0c\x16\x1f\x94\x0d\xcb\
\xb0\x03\x18\x07\x1fnp\x05\x98\xd8\x0d\x08\xaaJ\xf0\xa8\
\x81\x22\xa0\x01?t\xfe}~\x84\xb5~\xd8\xbc\x8f\xaf\
\xb1\xd1\xfe\x9b\xcf\xb6\xde.\xaf\xaa(o\xd9^U\xbd\
\xbe<\xe809\x12\x0eg6Y^5;XU\xb2\
~}U\xf9P\x92*\xb8\x84S\x1b\xabo\x8b\xae|\
h\xb7\xfbf\xb4\xa1P6\xf3\xfcC\xfb~\xfb\x8c7\
\x1eO\xbe7\xd7\xd8\xd8\xe8\xbb\xd5B\xc7\xd8a\xc2\x0d\
`\xd2\x9e><s\xf7\x16zL'\xbd\x0b\xeb\xae\x9d\
[^\xbeg\xce\x84\xce\xf0\xbc\x7f\xae\xf7\x09[6\x91\
L\xa6M\xad\xad\xad\xa6P\x22\x14\xc2\xea\xe3\xb5\x89m\
\x80\x9d\xf0\xfd{\xae\x92\xa8\x7f\x1c#\xfb\x11\xfaC.\
\x01\x8c\x1dB9\x15r\x02&v%\x0fH\xa8%\xe0\
\x8d\xed\xec\xd99\x0e\xd70\x5c\x01\xc8\xf4\x8d\xac\xfdC\
\xbdz+\x91z4RC\x99h\xd0\xa1W\xa8\xd3\x00\
\xe1\x01j'\x1aI\x05\xaaL\xb4\x1a\x8b\x1f\xff\xebi\
\xfb~\xff\x7f;VV&\x02\xe6\xd3tv\x13\x83L\
\xa4\xc2 \xdf_d\x08\x90X\xac3HE\xab\x88\xb0\
\x02\xd1\xf9\x9fj\xfe\xaa\xfb\xd5\xf3G\xca\xb6v#s\
p\x95+\xe4\x9c\xac\xb9\x12m\xf3u\xbdKss\xd3\
\xbd^\x881\xc0\xb3\x93L\xd1\x99Tv\x81R\x01\xb3\
M\xa5\xda\xcc\x092A&\x97\xb9-Z\xbd\x9bS\xc0\
\x92E\xc2\xb9\xd7M\xaek0\x03k\xd7Cj\xd0\xf7\
e\xa1\xbe\x97\xb3$\xf7\x9c\xe4\xf7\xfb\xbe\xacv\x0b\x12\
\x95L\x22p\x8a\x00@&\x8bJF\x1c\x1d\xcc\xe3\xb0\
\xa9}\xc6\xd7\x92\xcbA\xc4\xe0\xf4\x05C\x9f\xf34\xed\
\xe7\xcfo\x81\x11_\xe3\x89W\x8f\xcd\x0e\xcfnh*\
P6y\xbd\xde\xa6\xc2\xea\x0d\xedJ\xad3]><\
\x5c\xe8M\x97W\x17\xae-\xa9*))i\x0a$\xb5\
\xc9\x84S\xebLd\xe7\xdf\xb8{\xf7\xee|OO[\
*|\xfc\xf4\xcc\x99\xd3\x0b\x89l6\x1bR\xc9\x87z\
\xbd\x5c<\xb4\x9a\x15&\x12\x96\xdei\xbf\xfd\xe8\x9b@\
\x96f\xca\x17\xda/\xf2\xfb\xf9\xc3M\x03\xa1w\xc1<\
>_\x13\xa7H\x13\x0fa\xe1[[[\x9fx\x22\x94\
5e\x13\xa1lv\x80\xce\xef\xce\x9d\xe3=O+9\
\xa2\xd2\x12\xe5K\x11T\xe7\xed\xa1\x94\xea\x22\x05<\x83\
Hf\x04M\x02\xea\x11\x12\xb5\x18Z\xc1[^\xd8I\
i\xe4\x0b\x00\x82\x8cF\x02\xf9q\x0fh\xacV$\x04\
\xa0\xfcK\x89\x0b\xb4\x8a\xf2hD\xabF,3\x88$\
\x03\x05\xd9\x9f\xe2\xe2\xc7\xfe\xfd\xe7o\xbd\xf5\xe5\x81c\
\x9d(\xed\x8a\x0d\xbbww?V\xdc\xd9\xcd6\x0f\x80\
\xc1b+5\x90\xa8\xc1d4Z\x19\xb7\x90\x9aL\x86\
\xee\xad\xe8;Xu\x1a\xabU\xd3\xdd\xd9\x02\x80D\x9b\
\x96\xeb-\xc9u\xe7\xcf\xf1|c\xef\x98\x1c\xdbTA\
|\x5c 9d\xc4\xab\x92\x09\x16\x22V\x13J\xb4n\
\xdd\xb5[W.\x9e_\xe7\x06\xd1\xbay]\xf2\x1c\xef\
\x9b[X\x07\x08\xb5\xb9\xbf\xe5\xc0\x91\x97&k,\xda\
\xde\x84w\xe1\xda\x95+3\x0d4\xe3\x01\xfd5\xc4{\
\xb0<\xf2-\xba\xd5\x89;\x09k\xd8\xe9\xb5\xb0\xedq\
T\xfc\x8e\xc7\xdc\xc7\x88\xcf\xef#\xd0\xcf\xfe\xfeW\xc7\
v\xcc\xeep\x8d\xa9\xd2\xd5%k\xd7\xb7\x8f\x09Zm\
\xd0\xbb\xb6\xaaz\xc3pIS\xc0d\x92\xf4\x17n@\
=XQQ\xb1&\x98H&qj\xcd\xe6\xd4b_\
\xdf\xe2\xe2\xe2\xd5\xbeEO8\xfe\x84\xcdd\xca&\xb2\
\x89\xaci#\xab\xfcp\x90\x13\xcel6\x94h\xfd\xee\
\xc4\xf7\xdf_\xb7\xfb\xf6\xfb\xef\xb5g{\xd1H|P\
\x13\x0ee{\x7f\xf6\xca\x10\xee\x87\x98-\x94\x89\xdb\xe2\
\xb6x\xc8d9u\xf0\xe0A\xe7\x13\xb1x(\x9e\x1d\
\x18g\xde\xcf\xe3\xe3(\x03\x99P8\xa3\xfe\x83\xfe\xc5\
\xfa>A.Hs\x01\xc4\x06\xc0\xd5\x90w\x96-(\
\x12`\x1f\xcfr\x00\xda\x00\x1a*\xcf\x8cb\xa9\xc1j\
\x05\xce\xaby\x04\xe42\xacW\xa3\xd1`\xda\x1b\xf9>\
\x02}'F\xc3\x89\xfc)\xb5j:E\xcd3\x86\xee\
\xeeC\xbf\xb7\xfb\xf9o\xcfv\x1b\x5c:\x86\xf5`m\
\xad\xc5F\x5c\xfa\xa2\xb4\x0cMF\xc3*[P\x94\x8a\
\x06\xa9N\xd4\xed\xde=;\xdb\xa9su\xaem:u\
~(8\xe6=}\xf2\xf4\x19\xf7{w\xce\x9c\x11$\
\xe6\xb4Y\x91\x96\xa7\x05\x10\xa3e\x05\x12h\x07+\xdb\
\xfb\xd7noi\x0a\x12\xbfB\x08\x8c\xed\xbd\xe4\xdb\xdf\
\xf8\xeed\xc0,\xafl\xb6\x8c\x9d\x9f\xe3\xf9\xb9\xf3*\
t\xcb\xc8}\x83\xefm\xe8\x95\xab\xd2\xa8\x1c\xf5Z\x09\
\xb1\xb1$\x9c\x84\x9b\xdc\x5c\xd8\xdf\xa0\x92A\xe7\x8b\xa4\
\xdb\x99\xe3.\xb8\xd6\x98\xdd\x80F\xb5Y\xabhz\xc8\
\x8f42\xd6\x07\x88\x7f\x9f\x0e\xee\xa8\x18\xaeN\xd7\x8f\
\x8e\xf6Mez[\xbc\x0aE:\xe049\x93^o\
\x93\xc2\x995%\x12\x8e\xb1\xc2\x0d\x1bJ\xaa\x0a\xabo\
W\x95lO'\x9c\x89\xa43\x91\xd4:\x9d6O\x8e\
6\xc1\xd5\xbe\x5c*\x94\x8dg\x13\xf1x\xab)\xb41\
\x11\xa2\x0d@! {\xf2\xcc\x99\xd3\xd9\x95\xe7\xcf4\
\xf2\x8d\xfe{Bm\xeb\xf1\x95L\x06\xa1\x22\x1b\x8a\xc5\
l8\xfb\x08\x00\xf1x,f\x8b\x85\x16\xba\xf0;j\
\xe3\xf8\xe0@O>\x07\x1c\x7fZ-\xa8\x1b\x1e\x11\xbe\
\xa9\xea\xa3qP\x10B\xd4E\xb0\x9c\x85\xd6\x11\x8d\x8b\
\x91\x9aP\x81\xb2\xa0\x88So\xa1\x14`\xfc\x85\x9e\x89\
\x16\xab\x8e\xa5\xf0\x1a\xca\xe5\x90\xd6SYh0X\xad\
\xc8\xdauVQ,\xc6\x0d\x91g\x0cH\x8f\x0d\x1ey\
\xf5\xb5g\xfe\xb2\x93\x0a\x03\x0a\xf6R\x83\xab\xf3G\xff\
7\xcf\xdb\xdf\xf9I7\x11FP7b\x10\x00\xa1\x03\
\xa4A\x91H\xc7`\x85jD#r\x0d\x94\x0d\xc5\xbb\
\xbf\xf8\xe2w\x1fu\xcf\x0e\x0e\xef\xc0\x8a\xd9\xcf??\
\xe7\xf7w\xbd7\xe9\x0ch\x03y\xa7q\x814\x16p\
\xc5\x17)\xe4\xb3o\x82\x84}\xa9\x89\xb3p2\x89\x84\
\xf3\xf6\xde\xba\xf5\xeb\xeb\x0b\x0dz\x19g6\xa7\xcd\x0d\
\xe7O\x9dZ\xb8p\xe6\xcc\xe9\x83\x01\xef{\xe7\xce\xcd\
u\x9dZ\xa7\x95\x83E)\x13\xe4\x81\xb4\x04#~\x8a\
`\xb0\xfd2o\xf7\x9dl\x08\x90\xc8+rJY\xc0\
\x22\x87\xdd\x13M\xe4B\xfa[\x90h\xfb\xdf;\xe7\x1b\
\xd9\xdf822b\xb7\xcf}6\xb8\xa3\xaapCy\
\xfb\xc6\xfa\xbe\xab\xa3Ws\x8bw\x8e\xef\xedu\xb0\xf2\
\xddA\xd0|\x8d\x03B\xc7\xeb\xab\xab*\xaaK\xaa\xaa\
\xda\xd1\xb9\x02\x80\xeb\xa8I8jj\xb2\xa9\xf9\xbe\x9e\
\xbe\xab\xe0\x1dG\xe2\xf1x(n\xb3\xb5\xb6\xda\xe2,\
\xa6\xdb\xe2\x19\xd3I{\xa3\xef\x84%{<kr8\
\x1d\xa1l\xd6\x14\xcff3X\xe0x\x8c\xbd\xc4b1\
,\x7f,\x1e\x0f\xc7\x8e\x9f\xe3\xed\xe7.$2\x89P\
(^;\xc1R\x80\xf1q\xf2\x0d,b\xecOr\x05\
T\x82\x0c\xa0&QX\x8e\x04\xa8\xe4\x12EP\xa0\xf5\
\x87\xce5\xf9\xd0ym\xf8\xe6\x9d\xe3;{\x18\x0e \
eTn\xc0\xb6V\xd2\xf4\xa0\xf1~\xab\xa8Asg\
\x87\xd5h\x14I\xe4\x05B\x0f\xba\x7f\xfe\x80\xdf\xcf\xff\
\xe1\xd0\xeen\x03c\x02b5\xc5RM1\xc8 .\
)\xbb:\xb0\xc6\x98\x08\x070d-f\xf9\x05\xc2\x06\
6\x17\xb5\x14\xa4\xc6\x1d\xc7\xfe[\xe3\xfe\xa3\xfc\x81\x1d\
\xbb+\xf6\x9c\xe7\x1b\x1b/%{\xa7\xbb\xba\xf8\xf7&\
\xdd\x814QY8A\xa2L_8u*\xd8\xc0\xa9\
\xd5\x95\x05\xb2\xc1[\xbe\xfd#\xfcR;\x97\x0e\xa4\xcd\
i\x85Jn\x0e\xe8U\x00{8!\x1d\x94\xc9z{\
\x9d{~k\xdf\xcf\xcf\x94\x1f\x0c\x1454\xac\x83\x9b\
\x17:oz\x0c_U\xca\xd3\x16\xbd\xd6\xe2nY\xe2\
y\xfe\xe4:\xa7V\x0e\xae\xae%\x0d=\xc0\xb1\xfe=\
\xed\x05*\x99L\x12\xa0TCb\x19+\xff\x98\xda\xbd\
]'~\xbfmG\xf5\xf0\xee\xaa\x96`:\x19p\xda\
6\xbd1\xfa\xc9e\xde\xd7uf(\xc4J8\xa7\xa9\
&Q\x83\x82=\x1b,\xac.))\xa9\xae\x1anr\
>*\xe2L\xad\x89\xac\xf3\xc2\xcc\xcc\xbd7\xa2\xa3W\
{F_\x1f\xcdu\xd4\xc6ZC6S\xdcf\x8b\xd9\
B1[<\x94\xcd\xde\xb8|i\xeebo\xf6x\xd6\
y\xb0\xe5\xf9\xa4\xd3\x16\x0aeq\xe0m\xec\xcc\xc7\xb0\
\x03l6\xda\x06\xe1p\xb86\x91\xb0\xd4 \x1c\xc4\xe3\
\xf1\x01l\x80\x9e\x9e\xf1\xf1\xf1\xda\x22\xc2\xca\xe0\x07\x00\
u\xc0\x22\xd2\x06-* \x8d u\x01\x09\x0f\x08@\
\x03I$\x067\x00\x94\x82\x90\x03\xf4\x8cc\x07L\x94\
\xc3\xed\x91\xc1\xb3\x06\x16\xe1u\xd22\x8d(\xeat \
\xfd\x8a.\x17C\xfb\xa9\x7f#5\x1a\xb6\xea\xfe\xf9\x8b\
\x91K\xfe\xcf\xf6\xcd\xba\xa4\x06M\x19[Rj\xf0\x97\
\x81\xdd\x83\xe3\x9f\xc7\x00\x18\xf0\xafC\xfd``\x85$\
\xa9\xc4@S\x00\xe4\xe2\xe2c\x07\xde|\xf3\xcd\xcf\xbb\
w\x0c6\x0d\xa9\x9b\xc6&\xd7\xb9\x9b'''\xbd\xea\
t:`\x0e@\x97].\x04\xfa?\xe3\xf7\xfb>\xef\
\xd7+\x8a\xd4\xc1\x82\xf2[s\xd3K\xe7\xae7\x99\x03\
rm\x8d^O\x96\xd3\x82\x5cF\xba;\x5c \x18p\
&\xc7\xde\x99\x9b\x9e\x9b\x99\xd47\xcb`JkN\xa7\
%4\x9c'\xd7J\xd2B\xef\xe1+W\xae\x1cT\x0e\
\x95\xb7(\x9bk\xb4z\xb0\xc4\xb4\x16\xe83\x81\x83\xe0\
;\xdf`\x91\xbb\xe5n\xec\x89t\xba\xb7}v\xf8\xc8\
k\xaf\xee\xd81<\xbc{vp\x8cs\x02\xbe\xcb&\
\x13\xce;\x8bo|\x7f\xae\xf1\xdc\xdd\x95\x0cA\xf7\xa8\
\x03\xb0\xda\xad\xd9P\xc8i\xd1\x06K\xaa+\xaa\xd64\
9C\xa6D\x88R6\x93-\xd3p\xd8w\xb4\xf1V\
2\x92\xeb\xeb\x03L\x1c\xcd\xc5B\xf1Pk(\x14\x8b\
\xc7\xb4\xa7\xa7\x97\x96\x1e>0\xd9\xb0\xc4Y\xe7\x05\xbf\
\x9f\x9f;\xfe\x04\x1d\xf78\xc5\xfcp8\x13\xb7\xc5b\
\x03\x03\xe1p,\x1c\xcbd\xc2\xb5\xe1x&\x9b\x0de\
B\xf1\x0cm\x80\x17zv\xf6\xf4L\x8c\xd7\x92@\x08\
\xd9\x02*\x88\xf1\xab\xa4\xfc\x09x\x0fW\x09\xa9\x00%\
]\x0clJ\x90.\x06e\x11\xe7\xb5\xbd\xd0\x83\x080\
\xbes\xd7v\x97\x95\x01\xbc\x1av\x0f\x18\x0cO\xed>\
\xf2\xf3\x17_\xdc&\xb5\x02\xee\xc3\xa5 \xe6\xd3:b\
\x03\x1a\xac\xc5\xc7\xb6m\x13;\xb1\xecl\xb9\xa9\xcdK\
\xe5\x9fh\xb4\x22|\x10\xdf\xc7 \x16\x03\xf5\xc3SL\
k\xaf!\xa6\x11\xb8C\xb4\x9b\xa8L\xd8\xdam0\x0c\
\x0e\x99\xcd\xe9tPaI\xcb\xa1n\x06%4\xe0?\
 \xe3\xef9\xc9\xcf\xf9\xae\xf4\xeb\xd5\x95\x9cZ\x00\x05\
XXWi\xe1T\xb0\x15?\xdf;V\xc4)i\xa0\
\x92\x0b\xa4\xd3\x92\x06\xc5\xf9WN\x1do\x12\x82\x01-\
\x17\x0c(z\xcdAE\xc0\x0c\x8d!\xaa\xec\xf5\xeb\x16\
\xce\xed\xf7\xcf\xf5r\xda\xde3g\xde\xbdP$\xb7X\
\xb4p\xfd\x93\xc9\x85\x96i\x9e\xef\xda\x8b)M72\
@K\xd2\xa2\xd5\x06[\xca7l\xd8\xdc>\xe6\x95\xb0\
\x86N\xd2Y\xe3\xb48\xb5\xda\xf8\xd4\xe2\xdbo\xcf/\
.N\xc5Z\xd1\x97\x0dQQ\x9e\xc0\xa9\xcd\xc63\xce\
\xc2\xf5%\x15\xd5\x85\xdeD(n2\xc5\xe3\xb6\x90\xad\
u!}on\xf9\xdc\xb5d<\x94\x8aFq\x85,\
\xf6\xd5\x87C\x89lh\xcb\x96X\xf24?b\x9f;\
\x15\xcf\xda\xe2\x99\xccJ\xf6\xfc9\xdew\xee\xb8\x09\x87\
\xde\x16f\xeb\x1f\x0bg\xe2\xe1\xec\xca\x99\x0b\xa736\
\xf6~\x0cw\x83\xcd\x16\x8b\xc5\x91\x03\xec\xdc\xf9\x02B\
@\xad`V2\xa6\x0f\x83\x01\x89\x14\xc4\x91\x137\xa7\
\x86h\x10YX\xb04P\x11\x84\x11\xae\xa0P{c\
\x14\x01\xc6w\xee\xac+wu2\xa2'\xdd\x01Vi\
\xf1\xf0\xd9\xdf\xf1\xfb\xedo\x1eB\xe5&\x16S\x1a_\
J\x8d\xbd2Ci\xbe7,b5\xb7n5\x18:\
u \x87\x97=V\x86\x9c\xcf\xc0\xa2?T\xe1\x88,\
@\x84\x11\x1d\x1aF\xf4/\xd2\x85\xb2\xd5n0\xc1\x8d\
ee.\xab\xceZ\x8d\xaa\x1fH?\xf3\xe6\x84\xc6*\
S\xca\x0b\x14p\xeb\xd6M\xae\xab\x94\xc9\xe4\x82\xaa\xc0\
\xad\xd7[\x92\x16\xbd[fV5\x9c\xf7u\xf1\x97Z\
\x8a8\xf4\x0e\x95\x1c'\x09\xf6\xca\xf6\xbc\xe3\x1f\xe1\xdf\
\xd9\xa0\x87\xe1\x08)t3'\x0e\xceM\x036\xbd\x05\
\x81[\xb7N\xdc7k\xd5\xa7\xe6\xf6\xf37\xdb\xdd\x92\
\x80E\xae\x92\xa8\xe4i\xf0\xb7\xfb\xd7{\xb5N\xe8\x12\
\xbb\xc1\xd8\x08h\xb5\x880\x8c\xb3\xf5\xe7][\x87\xc3\
\x94M-\x8eb\x19=[Z\x13\xad\xb6V*\xc9i\
\x17\xc4\x13\xa1\xd0\xd8\x86\x0d\xc3\xd5\xd5k\x92\x89P\x02\
\xc9[\x9c.\xfd\x046G\x08h@*\x92\xfa\xf0\xdc\
\xf2\xe57r\xb9T8\x16\x8be\x1e\x5c;|\xefn\
6n\xc3\x81\x0f\x873\x81\x80Y\x9eA\xa0\x0f\xc72\
l\xb5q\xec\x07\x14\xb7\xf8\x11~&9\xc0>\xc5\x9e\
X&\x1c\xeb\x18\x7f\xe1\xf5\x9d\xb8\x01&j\x8b\x82B\
\x9e\xef\xa5|\xb4\xfeL&\x86\x12\x5c\xf8\x94@4\x02\
\x8c\xf0\xa2\xa2\xa0\xa2\x08\xae\x05\xde-\xc8\x1fz\xc6'\
zvm\xd7H5R\xca\xfa@\xea\xd1\x18\x5c\xb3\x87\
\xbe\xf2u\xd9??k\xa5j\xcfh5\xb2\xf6/\xda\
:\xa5\xa54;`\xd8j\xe8\xde\xfd\xf2\xcb/\x1fx\
\xf1\xd5\x97w\xfflww7~\x84\xb58\x7f\x93@\
M\x00\x03bH\x024\xd42@'P\xaa\xcb\xf3\xc2\
\xd8]\xa0aH\xc1V\x83a\xb6\x1d\xc2\xd6\x94\xbd(\
\x98R\x02\x95g\xe0r\xa0\xafQ\x80|]\x08\xc8\x9a\
\xdd\xebz\xcf\x9f?/4\xbb\xdd\xcd\xeb\xde=w\xae\
k\xa9)H\x86\x5c$\xbd\xc45\xef\xb9\xe2\xeb\xb2_\
\xabp\xe2\xb7\xa7\xee\x00\xf9\xe8r\x95\xcdl\xfaJ\xee\
\xd6\xbbenYM\xf3{ss\x8d\xd7\xcb1s\x05\
\x1do\x89\xb7\xe5\xf6\xf6\x06\xb7\x04\xc4Kb\xe3\xb36\
\x9e\xde\xa1\xa5~m\x22\xdf\xb0\xa5\xf5\x07hg2\x85\
\x22\xd1Q\xec\x81\xe7ZMX\xe5\x04\xa1\xf3!\x9b-\
\x1e\xca\x046o\xdePq\xbb\xaa\x1c9\x9a-\x9eO\
\xde\xe3\x88\xd7q\x9b-\x9e\xcdd\x8fO\xdb\xed\xfc\x1b\
m\xa3\xa3}\x91p,\x1c\xf6t<=P[\x8b\x9b\
\xbe6Vk\xc3\xa6\xc0U_[\xbb\xba\xd4\xb1Xf\
 \x95\xbe\xc5_j\xbc\x9b\xc4\xbb\x03H\x03b\xb5\xec\
S\x1d\x13\x88\xdf==\xe3\x13[\x8a\x18\xf6G1\x9e\
\xc9\x03\xb0Yq\xa5\xc0\xd1MjfR\xd5P\x91@\
O\x98\xfc\xb0\xbd[\xb0\xfc\xe3=\x13;\xdbnC\xf0\
\x8b\x80;\xd1\xf0\x8c\xe1\xc5\xad\xb3\xb3\x9d\xa5\xdb\xb6m\
{\xdc\xf0\x18M\x00\xcd\xce\xee\xee\x14)\x5c\x1b\xcbX\
\xa6 \x95j\xba_|\xf5\xe5#G\x8e\xbct\xe4%\
\xbc~\xf5\x1fq\x1f\x88\xd6\xfc\x06\x00\xf3\x07\xd2\x90,\
\x1e\xe8t\x98\x00\xea\xec4\xb8\x5c:\x1d\xd1\xcf\xa9\xdb\
\x80;\xc1\x80\xeaa\xf7\xa0\xda\x0d\x93t\x00\x96j8\
_\xaaTrf\xbe\x8d\x95\x85\xd8\x09Z\x1d\x9c\xcc\xdd\
\xbc\xe7:|\xe5\xb6;9y\xafB\xd9\xd4>&\xc1\
UA\xe3\xb6\x92^s\xba\xd7\xdb\xde\xde\xeeU\x05\xcc\
\x98\xa4\x97\x93,'0$\x8e\x935\xe3]\x99\x8a\xd4\
v\x03I\x89R\xedUX\x022\x8b\xd6-\x93;\xd6\
\x7f\x0a\x97\xe8I\xbd\x1c\xe4Q\xd6\xbc\xd7k\x13IS\
k\xeb\xc6D\x92\xfa\xf5\xecU\xc2ir \xe2g\xb3\
\x09\xe7\x96\xbb\x7f\xbc\xfb\xc9b\xdb\xa6Z*\xc7\xb2\x89\
x(\x1e\x03\xd0\x1fJ\x0c\xee\x18\xde1[^\xde\x92\
\x8c\xd3\xf1\xcf\xbf\xb6\xc5b\xa1L&\xf9\xa7\x0f?<\
\xf1\xdd\xb5k_\x7f\xd2\x03\xdaiO}G&<\x10\
\xa3\xb5\x0c\xd7\xd6\x86c\xe1-\xf1x,<\xd0\x11\x8e\
\xa7\xfe\xec\xac\x83k\xb4\xb2\xb2\x92\xc1e\x80\xe5\x0f\x0f\
\xb0\xf5\xcfd:&^\x18\xdf\xb9s\xa2obbK\
\x91\x9aV\x1f\xfdSe\xdeD\x16\xcdO\xb5:MR\
\xb1\xa4#\xcb\x1cC\xa0\x22\x89jG!P\x0e\x80\x0d\
0\xdev\x1b\xadz\x03185\xc6\x1f\xbd\xf3\xed\xe7\
\xdf<\xa5\xd3@)\xdc\xb0u\xabA\xfa\x8b3\x9f}\
\xf6\xd16+\xda7F\x96&H\x0d\xdd\xdd/\xbf\x0a\
\xf9\xd8\xff\xe7\x08\xdb\x00G^\xdd\xddm\x10\xf3\xd5?\
\x12\x01P\xff\xa5\x9a|^)\x15\xa5\x9d\xfb\xde\xfd\xf6\
\xdb/\xbf\xda\xd7I]f\x02\x18PnX\xbb\xb7>\
\xf3\xceo?\xf8l\xccM\x83\x7f\x84\xf6\x03\xd6'\xaf\
\xf4U\xb3V\x0e\x97\x02D\xf9\xb5\xfd\x9f\x83\xe8\xdd\x9e\
4siX:\xa8\xa1\xaa\xa8\xce\x0b((\x82BP\
\x80\x1b\x969hV\x90\xf6\x1e\xe9\xa2\x08\x1c\x03\x7f\x99\
\xd8\x17\xdd2\xd8a\x129\xe6mTn\xb9c\xf35\
_\xa3\xefZ\xbbS\xe5\xb68-y\x8a\x96\xd3\x99\x9c\
9|\xf8p\xaf\x1e[\x805\xdfk\xf28|\xa8\xb5\
5\x9b<x\x8e\xe7\xbf\xff\xef}\xd1\x5c\xad\xcd\x84X\
\x9f\x8d\xc7\xa8lO>X\xbe\xf4\x9b\xc6\xc3\xc7\xd6\xaf\
iw\x22\x8d\x8f\x87lq[\xccf\xcb\xc4\xc3\x99p\
\xc6\xfc\x90?\xea\xbf\x1b\x9fJy\xea\xa3\xd8\x02\xd1h\
4\xd21\xf04\xee\xfc\xf0\xd3\x03\xcf\x0d\x84\xc3\xcf\xd9\
\x1e\xdc\xbfx}\xc6\xd9\x11~z \xffd\xc2\x03\xa9\
\x81\x81\x81Tx` <\x10\x1e\x18\xa0\xbf\x03\xa9p\
8\x13KM\x8c\x8f\xef\x1c\x9f\xe8\x99\x98\xa8\x85\x0c(\
\xad?S\x03.\xa0,\x0f\x82\xb1L7\x8c\x1e\x14\x8a\
\xcc\x85Y\xad\xa0\xd9@\xdb8\xa2\xc7\xf8\xf8\xce\xba\xed\
 k\x10\xc8/\xd5l\xfbw\x8d~\x7f\xe3\xec\x0e\xc0\
\xbf\x1a\x83X\xd6\xfd\xd4/~\xe3\x1f\xe9z\xf1\x98\x8b\
8\xe1\x00\x8c\xadbg\xf7\xcb\x07\x8e\xfc\xcf/\xed\xbe\
F\x1a\x90\xfd\xd5\xcbG^z\xf5\xc5n\x1a\xfc7\xe4\
\xd9\xc2\xb8R\xac\x1a\x0d:\xca\x06Qg\x98\xfd\xe7/\
\xecG\xed\x1f\x1c\x9a\x85h\x1cU\x07h(kt\x9d\
\x87\x8e\xf8\xf6\xdb/\xa5\x9b\x15fr\xe1Q\x041\xc1\
P\xc4\xd0\x0a\x9c{\xb3\x99\xbc2\x85@Z%\xe3\x9a\
\x1b&'\x1bd`v\x06h\xaeJ\x96\x9f\xad.`\
\xa6:\x98z\xce\xff\xfej\x00;\x02&Mh\x07\xa1\
\xc1 \xc8*1`K\xf7\x0b\x12~\x0c\xefh\xf5\x0e\
\xe5\xd8\xec6\xcd\x101s\x19;\x17\x89F\xef\xde\xb9\
\x91\x91\xae\x05\xd5\x9f\xf5\xec\x01\xda\x84B\xadO\xd8Z\
m\x0b\x0f\x1e^\xbf|\xffj\xb4o\xb1\xee\xc9X\xc8\
\x96E9\x9f\x0d\x852\xc9\xf3\xd7\xcfM/\xcf\x9d\xd9\
\xb1\xb6\xaa\xd0\x9b\xc59\xcd\xa0`\x8beb\xb5\x99L\
&\x93\xbdw\xf1\xca\xc5\xa9pj%\x95JMEG\
{\xfaF\xfb\xfa\xa29O8\x15\x0egWV\x8e_\
\xc8\x0c\x0c$\xef\xd9\xf7\xfbn\xd5t\xa4R\x03\x03\xa9\
\xd4@*\x85W\x03\x1d\x1d\x1d\x9e\x01Z\xfbTj \
L;\x00uAj\xd7\xceqd\x00\x13\x13\xb5E\x0d\
A\xf5\xa3\xe1\x10f\x0dL,{\xb5\x84\xa3\x98\x00\xdf\
\x032\xb6\x83i\x0c\xba\x05\x18\x0fo\xed\x99\xa0\x0cb\
|\xd7v\xd1Jw\xb4\xd5(J\x1f\xef\xfe\xdd\x17_\
|\xf4w.\x22\xf0a\xf2\xabT\xfc\xf5\x9b\xdf~\xd9\
\xfd\xb8\xd4h\xa0(\x81\xf5\xdb\xbd\xfb\xd5\x03/\x1d\xf8\
\xad\x0f`\xe9\xc8\x88\xefW/\x1d9\xf2\xea\xcb\xd0\x08\
,+[\xdd\x01\x06\x1d\xc8$\x9ab\x5c\xf8F\x83\xe8\
\xda\xf6\xda\x17\xbf\xfa\xc3\xef\x0f\xb9v\x88\xbab\xea\x13\
\x15\x8b.\xf4\x0c\x9f:\xf0\xe9\xa7\xdf|\xb6\xce\xad\xe2\
\xa0\x8a\x5c\x00\xe7\x14\x80\xd7j%\xce|@\x92W\xbd\
dg\x9a\x9a\xb8\x92\x80\xc5\x22(\xd2$\xba\xca\xcc\x19\
IEK\x0d\x09EH+1\x19\x1c\xb5\x84S`\xc4\
X\xaeTc\xc0\x14\x1a\x89\x02A\xfd\x1c\xc6I\xe5z\
\xb7[\x1e\x10\xd2CM{\x87\x927y~:\xed&\
\x0a>\xf8\xd7I\xaea}y0\xf3\xe9o\xbf|x\
J\xc8\xd2\xd2\xa3\x09\x1bJ\x84\xb2\xd8\x05\xc0\xe23+\
\xf1\x85L&\xf5\xf6\xfc'\xff\xf2/W#\x031[\
<\x13\x03r\xe7\xbd\xb8<}i\xf9\xe2\xf6\xd9\xc2\x8a\
\xaa\xb5Cq\xaa\xe7l\xb6P<\x9c\xc9db\xb1p\
&\x95Jy2+\x03\x99L(\xd0\xbb7\x9b{=\
\xfa5|\x0br+++\x0f\xe6\xecv\xfb\xa9'\xa7\
B7\xae\x1c\xbev7\xecI\xa5\x06<\x9eTG\xaa\
c` \xe5\xc1\x93\xf2\x0cP$x\xf4\xa4\xc2aD\
\x80\x9e\xf1\x9e\x9e\x9e\x89Z\xc6\x08W\x90+,\x97\xef\
\x0b\xd3\x9d@\x8e\x17\xca\xa0Y\x01\xffk\x12\x06\x11\xd4\
L\x81A\xe1\x8d\xe3\xdb\xf1\xd4m\xb7\xea\xa4\x22\x8dy\
\x82\xf8\xfdb\xb7kV'5\x94\x95\x11%\xa0L\xda\
\xd9\xdd\xdd\xddI\x04\xae\xd5\x16\xbf\xa6\x1b\x1b\xe0\x7f\xfe\
\xd6>b_\xdd\x00/\xbd\xfar7\x8d\x8d\x97\x96i\
\xa4\x8c\x1cb\xd5\x00(4\x12\x87P\xa7\x91vv\xef\
\xc6\xb4\x00\xb1\xc5\x99:\x00\x0d\x8ak:[\x82\x98\x96\
\x12\xcc\x12%\xbc5\x15A\x050_\x05\x07S]\x99\
RAB\xfcfxfq\x82[\xaf\xd5\xab\xac\xe7\xeb\
\xef\x00\x00 \x00IDAT\xcc\x01\xb9\xc4\x82+\x00\
>nJ\xa52\xa8 UE\xb5\x99\x09\xac\x92\xf82\
\x0d\x19\x0a\x12\x8c\xf4\xa7\xcd0\xfb+P\x93\xc7\x83\x8c\
\x84\xff\xddz\xb7^k\xd1:\xcbo\xda\xed\xf6\x99\xe3\
\x97\x1b\xf9s\x0b\xa0b;\x88\xb3g9\xe5\xe7\xfd\xcb\
\xad\xfalR\xabM$\x93y\x0eF\x16\xc0\xad\xc9\xe1\
\xbc~\xf9\xe6\xf4L\xcd\x9d\xf8J&9c\x1fi\xfc\
\xfe\xeb\x8b\xb7\xae\xdf{b \x1c\xced3\xbd3\xdf\
O/-_\x7f\xa5\xaab\xb0jC\xe1z\xaf)\x96\
2\x7f\xbd\xfc\xfe\xf4\xfd\xf0\x93\xe1T\x06\xf1 \x95I\
\x853\xe1\x0e\xc75\xden?\x91\x9d_y\x9f\xdf?\
\xf2\xc7\xc5\xab\x8b7n\x5c\x9e^^>\x15N\xa5\x06\
\x9e\xf3\xe0\xd8{\xb0\xec,\x00x\x06<x7\xd5\xd1\
\xd11\x90Jut\xe0\x8d\x8e\x0e\xc4\x00\xcf\xc4N\xba\
\xc3'\xa2\xb5\x0dE\xc1`Q\x91\xa2\x80\x88\xe0\x94\x00\
\xa2\x15X\x04\xf7y\xf0?0\x19\x88\xf1Q\x02\x0a\x95\
\xf4\x05j\x85741\xd1\x83o\x9f\xa8\xbb]L4\
N\x8dNW\xcc\xd0>\x08\x01\x22\xfd\x03A\xb0\x9b\x94\
\xc2q\xf3\x1bW\xa7\xfe\xcb\xba\xff\xf1\xc0K/\xfd\xfc\
[\xfb~t\xc9\xec\xf6\xdf\xbf|\xe4\xa5\x7f|\xb9\x1b\
\x92!\xa8\xfe\x0c:\xe4}V\x83\xd4\x0a\xc1X\xf0\x0a\
\xa4\x06\xab\x01\xdc\x1f\xa9FD\x9fA*\xb2\x0c\x10\x0c\
Rig\x8bY\x91\xe6$*\x01\x03l\x9c\x00\x9b\x0b\
\x125\x95Kd\x95\xb0e\x87\xc0\x09\x86^\x15\x1c7\
\xd6\xfb|\xcb^u\x01\xaa\x03\x8e1 `\xe7\x1dD\
^S@\xd6~\xb0\x9d\x87\xae\xbeL\x85\x96\x0f\x14\xb8\
\xd4{\x9f\x7f\xfe\xf9\xa6\x225\xda\xc8\xd0{\xd3Z\xe4\
\x98\xc8\xa7y\x8c5\x0fy\xbf\xff\xf0\x98\xcc\xfb\xfcP\
\xa2\x06\x13\x98\xa8\xfbL\xc9\xf3]\xbc\x7fY\xee\xaeI\
\x10q\x8b\xca|*\xf3B\xd9P\xc8|\x93\xdf\xef\xbb\
\x16\x04n\xd3{\xd2\xd7\xe8[\xba\xdex\xd4w?\x16\
[\x01|\xbfp}\xfa\xfd\xe9\xefO\x07\x87Z*\x86\
K*\x0a\x0b\xbd\xe1\xcc\xde?\xf9F\xf8\xeb\xc9\x81L\
&\x9c\xc9\xc4C+\x07\xb3\xb5\xa9;\xa9,\x0cb\xaf\
g\xa7V\xfet\xf1\xbb\xaf\xdf\xbe\xdaw\xf5\xea\xe2\xbc\
'\x13\xf7\xd0\x81\x1f`\x1b \x95\xf2\x0cx\xb2\xd9l\
6\x1e\xa6p00\x90\xea\xf0\xe02\xe8@<\xa0\x9b\
\xc13\x81\xe3\xdb3\xd1\xb3\xab\x16!\x10\x5c\xff\x1f,\
C\x14\xe4O\x07\xa1H\x9a\x09Q0R\x00X\x01\x8a\
 .\x03A\x11\x0c\x8dO \x86\xecB\x04\xb0\xeaD\
\x03\xeb\xf90,\x00\x92PR\xac\xfcV\x03;\xa8(\
\xe3\xad,\xbd\xd3Y\xc5\xee\xdd/\xbf\xfa\xd2\xcf\xdfi\
<:\xd2utn\xce\xf7\xd1\xcbG^}\xf9\xc5\xee\
\xc7\xc8@\x10|1\x9d\xcb5\x0bZ\x80\xa81tj\
\x5c;\xb0\xda \x0a\x82,\xa0#=\x01\x91\x89\x86\xa1\
\x83<\xd8\x84\xc2U\x10\xa0\x99'\x11\x94A\xb27\xd5\
\xab\xe4\xd0\xd0'\xe9\x14\x9a\xe7\x90\x98\x85\x80\xf7g]\
>\x1f\x7f\xaa\xc1-\xa4\x15J\x05\xc9\xe3+\xf3\xc3\xae\
P\x15\xa6\x81\x7f\xb0\x7f\xc9\x97I\xa9\x14$\x05J\xd9\
\x86\x8f\xfd~\xfe\xe4\xa4^\x956[0I\x0aT\xc8\
\xaduc\xbaV\xabm*oo1S\xa6\xaf\xb5\x04\
\x02N\xad<xp\xe1BV\xben\xdddC I\
D\x0f\xc6\xceCg&\x1e\x07Do\xb9{\xf2\xee\xc9\
\x0b\xad\xb1P\xc8\x96M\xa4{\x9f?x\xef\xbb\x8b\xf7\
\xff8\x1f\xcd\xa52\xa9;\xd7\x96\xa6\xa7\x97\xee\xe5\x06\
\xe2\xd9`\xf5\xfa\xcd\xeb\xd7\x97\x07c\x99\x95\xd3\x0ff\
ndWR\xe1T8\xa5\xb8\xce\xfb\x1b\xaf$<\xa9\
\x81\x95\xa1\xe7\xf7\xaeLM\xdd\x99\xf2\xac\xdc\xbf\xfe\xe1\
\xfd\xab\xa0\x0f\xf5DR\x9e\x8e\xd4@\xc7\x80\xa7\xc3\x93\
\x7f\xb2\xf7|<\xbf\x94MM\xb1L\x00{\xc3\xd3\xe1\
\xa1\xdc\xc03\x90\x1a\x98\x9a\xe8\xc1\x09F\x12\x08\xed\xd7\
\xa2\xa2\xa2\x06\xe8\x0b\x17\xac\xb2C\xd4\x9c\xa0\x94sp\
\xa2\x0a\xe6\x0d\x03A\xb8$\x9bq\xe2\x8e!\x02LL\
L\xb4\xed\xaa\xdfN\xa2\xcfy\xb6.\x83\xf1\xa5[\x9f\
\xf9\xab\xbf\xf9O?\xf9\xcb\xbf\xfb\x0b)\xb9G\xa0\x7f\
\xc3\x18\xa0\xa8\xe3\xc5\xee\xdd\x07\x0e\xbcJ%\xe0KG\
^}\xe9\xc0K\x07^\xde\xdd\xbdu+)\xcc\x1a\x8b\
\xc5\xad\xff\xee\x17\xff\xe9\x99\xad\x8f\x8b\xd22\xc3\xb6g\
~\xfa7\x7fslV\xect\xb9t\xf9\xa2@c\xb5\
\x02\x1e\xd0\xa0\xabd\x90\xea\xb6{\xc1W`\x1e,\x82\
\x5ca\x0e\x06\xbd-\xe5C\xbd^\xb5Y!7\x9b!\
}T\x097tI0P\xb4w\xda\xd7\xb5\xbcW\xed\
V\x9a\xcdj\x0c\x90\xcb*\x95$\x9f\x89\xe5g\xba\xfa\
\xf9\x1e\xafJ !F\x14\x8e\x0f\xf9.\xff\x99I\x0b\
\x16^B\x13\xd9\xc0z\xdc\xfad@\xabg\xb3ZT\
\xf7\xe9\xb5\xc9t\xc0\xb1\xf9\xb7\xf6\xfd\xf6w\xfa\xb7\x98\
\x92IG\x22\xeb\xec}\xa5\xa57\x91\xc8\xe2\xf6\xcf\x86\
@\xda\xa1:,6\x10\x8be\xe3\xa8\xed\x01\xed\x84\xeb\
\xa3}}W\xaf\x8e\xbe>\xb5w\xe6\xfb\xcbKK'\
\x1e.\x9f;7\xb3\xb9\xbcb\xfd\xda\x92\xb5k\x9b\x9c\
aO<\xdb\x9b\x19He2\xa9\x94\xe5\x16\xcf\xfb\xaf\
%\xe9\xfcvtP\x9c_9\xd5e\xb7\xf3\x9f\x00W\
x\xbd/\x82c\xef\xf1x6E\xd8\xb5\x1f\xc9|\xc4\
\xf3\xbe\xcb\xc7\xb1\x01R)\xcf\x14]\x0c\xf8\x12\xba\x12\
R\x1e\xcf\xc4\xf8D\x0fr\xc0\x89Z\xa2\xfe\x0b\x82\x02\
S \xc8\x03\x88\xf8Hf\x87\x1ct\x82\xd9`0\x0b\
\x98B\x11FD\x14EE\xea\xd0\xc4Dtbbb\
\xd7D\xfdv\xa9\xa6L\xcc\x83\xc1\x8c\xb6/\x1a\xca\xba\
\x9f}\xcbn\xb7\x9f<\xdbi\x05p/\x8a\xd4\x12X\
\xb5\xfc(+\xeb~\xf9\xe5\x03/\x1fx\xe9\xc0\x81\x97\
^>p\xe0\xe5\xee\xdd\xa0\xf9c\x82\xc4 \x95v>\
\xfb{\xde\xcf\xbf\xf9c\x90\x04\x9e}\xcb\xee\xf7}\xb4\
o\xb7\xce\xa5\xb3\xba\x5c\xc5\xb0\x0e \x18\xc1\xa0\x01\xa7\
L*\x15\x07\x83\xd0\x80\xe3V\xadv%f\xb9\xfa\x95\
i\x9f\x1f#Z\x90\xc6\x148\xa5\xacY\x96\x16\xe0\xae\
\xaeH{\xc7&\x1b\x14f\x89\x84\xe6\x1da\xe3\x0d\xf5\
\xf54\xf2\x7f\x09\x0d\x7f\xa0qL\x1bA\x220\xdfT\
\xb9\x5ch\x19R\xabT\x98\x0f\xd5:-r6\xa0\xe5\
\xd6[\xa0\xb2`qZ\x92\xab\xac}\xb2\xaek\xb9\xc5\
\xdb\xed\xf7\xc6L5\x09\xa7#\x91\x1c\xba\xc4\xdb}\xa7\
\xcd\x19\x06\xe8\xc5c\xf1\x0c\xd0\xd9L\xf2\xf4\xd2\xcd\xa5\
[\x89x\x96z6\xe1\x81T$\xb2\xd87\xfa\xf7\x9f\
|r\x7fzz\xf9\xf2g\xcb\xfc\x88\xffp\x7f\xcb\xed\
\xc2\xc2\xb5%\xb7\xabZ\xc6\xae\xd9\xed\xf6\x87\xc9;\x99\
\xccJ&\xb5p\xfc\xe0\xf1\x0c\x85xz\xb0\xa2S\xf7\
\xee\x1e\xbe\xfb\xe0\xc3\x877\xef_\xfd\xdb\xbf\x7f\xbd\xa7\
\x8d\x96~\xca3\x95\x9aB\x12\xb8r\xbc\xf7\xe0\x02\xbe\
4\xb3\xf2\xe0\xf4\xe9\xbbSOF\x22\xa9\xa9)\xfa\x0a\
\x8f\xc7\x13\x89NL\xd0\x1d\xbe\xebih\xec\xa1_\x8e\
B\x1f\xd0\x09\xdc\xa9\xc1\xa52\xcb\x09\x12 <\x90v\
\x01\x93\x87\x11\x04e\x91\xda\xfb\x04\xbew\xa2\x07\x1b@\
\xa7\x11u\xab\xe7?\xaf\xed\xfc\x98\xe1\xbf\xbei\xe7\xf9\
\xcf\x0euZ\x01\xdd\xe8\xc0\xf5sYQ*h\x88\x13\
J\xf9~\xf7\xee\xee\xee\xee\x17_\xec\xee\xee6PW\
\xa0L\xc4\xb4_\xe7\xa1\xdf\xf3\xbc\xef\xc4\xbf\xef\x94Z\
;\xcf\xbe\xc5\xf3\xfcG\x87:w\x14\xa3\xa9\x88\xb6 \
!\xc2\x94\x02\x88\x86n\xeb`;8\xc0 d\xe7\xed\
\xd6\x15\x01s\xcb2\xcf\xfb\xceLj\xcdfE\x81r\
\xa8\xa5\xa5\xc9[\xa9\x92\x83\x1f$\x14\xc8*\x0b\xf0{\
J\xcc\xe64 .\xa0\x1b\x1cm\x07\xe8y#\x05\xe0\
\x98\x9b\x97\x0a\xd6{\x1c\x04\x03,\xc9\xa4V\x12\x08@\
y\xc3\xa2\xd2k-\x10{\xa3\x19M-\xa4v\xf4z\
v\x038\x1c\xea\x0bgN\xed\x1d\xee_\xb7\xce\xe2H\
80wS\xd3\x0b^\xcais\xfcx6y\xfc\xd4\
\xc1\xe3&[6\x99}\xef\xc2\x05\xedI\xfe(\xff0\
\x99\xc9fB\xf1l<6`\xbe\xd6uy\xf9\xfe\xff\
u\xf7O\x97\xa7\xa7\xbf\x9f\xb91\xbfra\xea\xc9'\
Z\xfa\xd7\xde.\xdc\xbc\xbe\xb0|\xf8$\xdfe\xbf\xee\
L\xa5R+\x88\xdc,\x8e\xd3q\xc6I\x9e\x9az\xd2\
3\x95\xbb\xf3`\xce\xee[z\xfb\xea\xdf\xa2WT\xc7\
\x8e\xbf'\x82\x13\xff\xa4\xe7I\x0f\xadx\xe4\xe0M\xbb\
\x9f\xbfW;\xb5z;D\xf2\x1b\x80\x9e]\xb54\xff\
\xa9\x14\x82\x0a\xa6\xa2\xc6\x15\xb1Z\x10.\x13\x14\xf8\xc1\
\x02\xcd\x0b\xb0\xe5u\x22\x94\xca\xa0\x0d\x11`\xd7\xc4\xae\
\x89\xba\xf2Np\xbf~\x88\xff\xb8\x024\x1a\xcd\xb1\xb3\
\x98\xf3\x14]\xa2\xc1\xba\xc3e\xb4\xeepI\xa5\xc6b\
\xb0z4\xd4\xedg\x8e\x00\x88\x0a\x94\xe8\x81TTV\
*\x1a\xca\xacV\x0d&K~\x84\x00`(\xdb\xb7o\
\xdf\xb1g?m\xfc\x8d\xff\xd3C\x9d\xd2R\x12\x9b\xc1\
\xe8\x90\x11L\x03\xab\xceU\xae\x90(\x95J\x19W@\
<M8e\xa4-B\xf9\x9a\xaa\x92\xa0E0+\xd4\
\x96\xb5_\xfa\xfc\xfe\x19(\xab+ \x92,\x14p0\
\xdf\xe4$i\xa6\xb1\x5c \xa4\xe1\xb8\xa0\x80\xbe$\x9c\
R\x05e%E\x02\x0c\x7f\xc8 \xaee\x81>\x0f\xcd\
\xe4\xc2\xbcC\xae\x02\xe0\x9f\x9f\xc9\xa5\x9a?\x99L$\
\x13\x89d\xc2\xd1r\xd3>\xe2\xbf\xb7\xae\xd5Qc\xaa\
qf\x13\x89\xe3\xa1V\xce\xdb\xa4\xcef\xe3\x99D\xcb\
\xfbv\xbf\xff\x9e0\x10<\xe1\xf7\xfb\x0e?\xb8v\xf8\
\xda\xbd-\x19\xc2\xf9j\xb7d\x92\x98\xd8\xb8\xb8\xe9\x7f\
\xdd\x5c\x9a^\xbexc\xe5A*u'\x13oZ\xbf\
f\xfd\xfa\xc2\xc2\xc2\xc2\x8a\xe1\x16\xc7\x13\xcf!\xa1\xa7\
\xf8\xedy\xf4L\xb1w\x22\x91Hd\xd3\x9d\x1b\x9f\xdc\
\xfd\xe3\xe8\xe8\xeb\xaf\x8f\xfe\xc7\xd1\xab\xa3}\xb9\xa9\xd4\
\xd4\xd4T\xc4\x13\xf1D\xa6\x22xk*\x12\xc9\xde\x9f\
[\x9e\xbb\x17\x9e\x8a\xe0\x1dOd\x0a\x9f\xaao\xcb\xaf\
\xff\xae-j\xb5\x00\x94\xa7\xa8\xa1\x01\xae\x90\x05$\x07\
F6e\x0a\x0e\x02\x82\x94\xfe\xa1\x02 ?d\xf2\x92\
P\xaa\x83\xad\x08\xff\xd8\x02m\xe5\x9anC\x9e\xd6\xcd\
\xae\x01\x91Y\x04\x89\x06\xd7,p`\x97\xce\xa0\xd3u\
\xba\x5c\xaeR\xf8I1~h\xb1\x14S\x04\xe4\x0b \
\xb2\xda\x10\xb3\xe2FQ\x83\xd2\xce\xba\xc3\xe5\xc2N\xc1\
\xd5\x7f{\xf6\xf6\xb3\x7f\xf0C/\xa2\xf3\xa7[i\x97\
\x89@\x86\x8d\xb8\x0at\x15j\x01n\x08\x18\xc9a\x1a\
\xba\x12\xea]\x81\xd1\x9d\x0e(\x0ad\xaa~(x\x9c\
\x9c\xb4(\xf2\xf5\xbe\x92\x94 \x10\xdcIb\x99c\x1c\
\xff\x00\xbc^!\x8a\x08\xa6\x18\xa9\xab\xc9\xa1\xb0\x05{\
\x0f9\xeeyUSK\xcb\xde!\xb7>\x00\xb9\x06\xc2\
\xfa\xf2\xba\x0b5\xc0x1~g\x1a\xba\xb8tb\xe9\
\xb4@\x9d|\x90r\xa9\xc7\x93\x08\xc5\x91\x88\x0f=l\
\x9c\xf3\xdd\x0b\x84\xf7\xdej\xec\xb2\xcfd3\xc7W\x8e\
_8\x18\x0fS\xcf6\x93\xc9\x9c:u\xeaA\xfd\xf5\
\xe9\xe9\xe9\xe5\x99\xe3\x17V\xe8p\x06\x0b\xd7\x96l\xa8\
()\x84H\xa56\x7fc{V\x17\x1c+HA\xdc\
\xb6r|%\x15\x99\xda\xb4\x09\x1f\x9b_\xec\xfb\xefp\
B\xbb:\xda\xd3\xb6\xba\xfe\xf8J\xacx\xa4~>\xe2\
\x99\x8alboo\x8aD\xea\xf1\x1dl\x03\xecj\xdb\
5Q[\x04\xf9\x07\x00A\x1c\x93\x0d'@\x08\xc6 \
h\xabq\xb4\x11XL\x80L\x189\x11\x0a\xca\x86\xd6\
\x09\xc0\xc8\xd1\x89\x89\xba\x16\x17\xa6@\xa1\x0f'\xe6\xb1\
\x1e\x91\xc4!\xc5\xce\xff\xfa\xd1\x97\xbf\xfd\xf2W?\x9a\
u\xed\xfb\xe6\xad7?>\xb2\xad\x9b\x94$\x88 \xcc\
\x86A\x08\xcf\xa7I!\x8dt\x15(\x90R\xa4\x00\x10\
 vn;\xf2\xe9g_\xfc\xfe\xc8\xef_\xfb\xfd\x81\
m \x92Ji\x9e@\xc4\x05`\x850\x08\xa9\xdeU\
\x921.\x99\x22J\x84\x02@\xd8\x80\x03\x03\xe6\xde\x80\
%\xed\x1dk\x1a+\x12$,\xd3G\xb9G\xd3]\x04\
\xf2\x12\x89\x1c\xf3\x1f`\x07\x99\x83\xb8\xef@\xed+@\
\xfb\x0f\xd3\xe24\x9d\xab\x85\x14\x5c\xd3\x12X@c\x0e\
\x8b\x16\xc9\x80%?\xa5\xebt`\xce\xce\x91H\xa4O\
\x9f\x9e9\x1dt&jj\x18\xf0\x03.\x7f6\x940\
a\x1b \xf7\x0fe\x0f\xf6\x1e\xccf\xb3\xb1-&\xa7\
3\x1bW_\xf7\xf9\xf9\xc3\xe6p,\x9e\x89\xc5\xe2\x99\
,p\xfa{K\xbf\xf9\xcd\xf2\xf5K>\x9f\xef\xf4\xd3\
\x9b\x22\x1eSyI\xc9\x86\x92\x8a\xf2\x8a\xc2\xf5%\xdb\
\xd3\xb4\xf2\xa9\xfc\x92\xb2\x1d\xb0i\xca3\x9fDg\xe3\
b<W_?\x15\x89\xd4\xd7\xe7V\x96x_\xe3'\
\xb9\xab\xa3W\xdb\x22\x7f\xf6\xe4\x22\xf5XoZs|\
a\xa4\x9e\xdeG\x04\x88NLDw\xb5\xed\xdae+\
R\x04\xa1\x0a.\x10\x0cZ Q\xd2\x10\x10\xa8 \xac\
&$p\x8c\x99X\x936\x08F\x83\xd4\xea\xd6\x89(\
~@\xdd\xae\xbar\xea\xf7#\x0f \xd9'\xea\xe1\xe3\
\xba\x97\xce\xfe\x8f?\x8c\x1c\xb5\xff\xe1\xec\xf0\x8e\xb3_\
\xda\xf7\xdb_;\xd6\xf9\x886DN l\x0b\x94\xd1\
\xf2c\xeew5\x8d\x94R\x0fXZV\xa6{\xf6+\
\xffQ\xfe\xcd\x1f\xbb\xba\xa9\xf7\x8b\xff\x86\x14\xec\x12p\
\x07\xac\xae\xc1!\x19G\xfcN9l\x19\xd1\xfe\x13\x88\
\xf4-\x98\xcdAsZ\xddt~o\xd2\xeb\x0d\x98%\
PP\x04%\x5c\xa2,\x90\x07\x98\xc1\x94B\x12\x00\xd4\
+\x10m\x8c\x0b\xc0\xbc[PH\xe4\xd4\xff\xe2\xdc\xcd\
\xcdn\x99J\xef\x96\x03\xdc\xd7\xea\xf5\xe6\x16\xcc\x1d\x9e\
\x1eK$\x1dl^\x97\x04\x18\x1c\x98\xd7\xaaIdC\
5\xa0\xa3M\xa7\xf5\xc7\xb3\xe8\xf4`\x18'\x9b\xcd\x12\
5\x1f\xf9_6\xc4\x18Z\x04\xecgp\xe4\x83\xb7\xf8\
F\xfe^ \x9c\x89\x11\xba\x13\xae}.\xb3\xf2\xe1\xa5\
\xdfL/\x7f\x7fyn\xee\xdc\x0d\xcf\xe2\xfc|\xc7X\
u\xc9\x86\xea\xa6\x0b\xe9\x0d\xd5k\xd7\xaf\x0fz\x22\xab\
\x17w$\xbf\x09\xea#\x91\xa9\x95\xefx\xdew-;\
\xb5\xb2r\xfc\x8e'2?\xbfr\xbf\xd1w\xeeA\xf4\
\xea\xd5\xc5\x5cd~>\x97\xcb\xcdG\x22\xf3\xb9H\x0e\
_^\xffg;\xa2>\x17\x89\xe0S\xf5\xb9\xb6\xb6\xb6\
]\xbbv\xed\xaa\xdb\x82\xec\x9f.z\x8e\x06\x02\x09\xeb\
\x81\xbf\x0c,\x88\x99f\x809\x0f\x11\x03!C\xeb\xb0\
H\x11\xb4\xedj\x8b\xb6\xed\xda\xd5\xd6VWnu\xb9\
4\xab\x93~\x1a\x8d\x15\xf3\x1d:\xa2\x82\xfd\xddW\x7f\
\xf8\xe2\x83_\x1dr\x15\xff\xf4\xf7\xbf\xfa\xd5\x17\x07\xb6\
\x19\xb6\x8a.\x17)\x01\x16\x8b:\x9d\x94\x06\x0a\xa5\xf9\
8` \xf2\x9f\xc1j5\x96\x81\x00\x8a\x83.\xd5\x1c\
z\xf7\xad7\xdf\xfa\xe0\xdf\x8b.#\xcd\x04a\x9fX\
u4/$\xd5\xcd\xb6\x9b-y\x8bX\xf8\xedR\xb1\
\xc7\xa9\x80\xd6A\x1a\xd4\xbdg\xc6\xef\xe7\x7f\xbdGo\
Ns\xe8\xfb\x08*\x15WP\xa9\x94\x07\xe0\xa7\x85\x10\
@La\x81\x93\x14p*\x99\xc0\x9c\x9bi\xec\x01\xca\
\x812\x8e\x836\xa3\x9c]\xf5N}\xc3\xe4\xe4\x98\x05\
\x1a\x1cN\xb0:\x08\x04\xc0\x84&\x81|6\xe7\x85\xe5\
s\xe7\xbe\xef\xdd\x08\xb2n\x88\xa8<\xa1P6\x1b_\
m\xe8\xc73\xd4\xd7!Z^,\x93\x89\x85c\x89d\
\xef\x10A\xfd\x0c\x96\xcfdV..OO_>\xb3\
\xf2\xf6\xd4\xdb\xf3=\xd1\xc5\xc5\xb6z\xe5pa\xc9\x86\
\xf2\xccT\xa0\xaa\xa4\xb0d\xc3P\x07\x8b\xe6\x9ezO\
\x84\xe2\xfd\xa6M\x91\xd4\xd4\x83\xa9T&\xe4\xf1\xdc8\
\xc7\xdb\xa7\xa7\xa6\xe6s\xf5\x1d\xe1\xda\x81\xfa\x5ct|\
\xd3\x1f//\xdd\xfcp>7???\x9f\x9b\xcfa\
\xf5\x11\x06\xf0\xd0\xbf\xb9\x5c\x0e;c\xbe\x8d-_]\
\xdd\x96\x82\x02`\x00\x18\x0e/P\xae\x16|\x98\x0b\x00\
:N\xb3\xa0J3\x91\xc5Id1\x8f\x04\xaamm\
\x13\xbb\x10?\x10\x01\x80\xd1\xb0\xe57\xb0$\xdf\x88-\
`\x85&\xf0`\xa7\xc1\x00\xa9\x9f\xdd\x9d\x98\x06~\xac\
\xacl\xdf\xd9\xb3g\x9fB\x09\xc7|\xe0\x8c\x22\xd1\x86\
!+n(\xdd\xf6\xe3\xff\xf1\xec>h\x80\xd2\x98\xa9\
\x8e\x00\xc62\xd1\xda\x09\xa6\xb9\x86\xa9\x0bi4\xb8\x1d\
\xa4\xd2\xce\xd9&8q\x08r\xb9Z\x1d\x14\xd4f\x89\
rr\xcf\x9e\xfe\xb1\xbcA\xa7\x5c\xe1\xdcs\x98\xf7\xf9\
/\x16\xea\x05\xb9\x90\x86\x0a\x0c\x80\xfcJI\xe0\x91\x0c\
^ \x00\xd9\xec\x00jE\x88\xcc\x12W\x5c\x10d\x05\
\x9c[\x0f\xa4W\xc5i\xe5\xda\xbc\xd8\x06\xeb\xf4l\xa4\
\xd2\x9f\xc5\x00\x07Me\xa0\x93\xffD([cJ\x1e\
O&\x18\xad\x83=q\xf6\xd8lq*\xfeb\xb1\x0c\
[\xfd8 =zsu\xf5\xc3\x03\x03\xa9\xe4\xbd\xa5\
\xe9\xe9\xe5\xef/\xccG\xe6\xa7\x1eL=x{q\xb1\
n\xe3\xda\xc1\xc2\x92\xed\xc9\xf9\xf9\xec\xda\xea\x92\x8a\x8a\
\xa1\x14-;m\x03\xba\xc7c\xd7\xf9.\xdf\xb5X$\
2?uc\xd9n_\x9e\x8f`\xa5#\xf5\xf5Xq\
\xcf\xe9F\xbb}\xe9\xed\x5cn1\xc7\x9e\xfayZ\xf5\
\x5cn\x9e\xfe\xd0\xdf\xdc|\xae\xad\xadnW\xdb.l\
\x80\x22\x1c{4\x04\xf2\xa6\xa1\x05\xb4\xc2\x98u\xe3\x00\
\xaaK\xd0S\xa7\x0d\xa0T\xae\x82\x85JaK~\xf9\
w\xd5\x95\xbb0\xc3M\xc4\x9db\xa9\x81\x0d\xf0B\xe9\
W,6H\x9f10B`\xa9\xb1\xd8j--5\
v>\xfb\x01o\xb7\x7fs\xb6[d\x1co\xec\x03+\
z\x09\xc0\x87\x8e\xbd\xe6\xb7\xdb\x7f\xf3\x1f\x8c\xd6\xc7\x1e\
32\x8f\x00\xd2\x08w\xe9\xa4\xd2\xfc\xa8\x10x\xc2\x0c\
h\x98m\xc2,&\x12x\xd2\xb47[\xaa>\x07N\
2\xa9\x17h\xa2O\x91\xb6T6\xb4\xb7x\xd5\x8c\xd6\
S\x80\xc1-\x8c\xf3\xb0\xa3\xce\x0c\xd6V\xed\x958A\
\x06\xf3M\xca\x22TL\x92\xc5\x827\xb0\xf6\x16\x0bQ\
<~\xd0\xdcp\xd4\xe0\xe4'Lh\xf1 \xc7\x0b\xc5\
\xe3\x89D(k\xca\xf3\xf8V[\xf8l\xe53 _\
\xb1\x05g\xed\xf8<['F\xebO\x98\x5c&\x93Y\
\xf8\xf0\xdc\xfb\xe7\xae\xaf\xacD\x12\xf7\x1aG|7\xdf\
^\x5cl{\xb2\xa5\xa2bmE\xef\xd4b$T>\
\x5cUQ\xd5\x94\x99\x8fL\xd1I\xa6\x18\x9e[\xb9\xc5\
w5~\xddA\x01>\x95\xba\xf3\x5c\x04o\xe5\xea\x11\
\xf1\xdb\xdaro\x7f}\xf7\x8fo\xbc\xbd\xb8\x18\x8d.\
\xb6A\xce:\xbf\x13\xea\xb1\xea\xf3\xb96l\x80\xc5\xf9\
\xdcb[]\x1dB\xc0\xae:\x9bRnV\xaa\x09\xea\
\xe3\xccf3M~@\x08\x08Z@8\xf4\xe0\x06)\
\x19#D\x01\x03Y\x16\x03\xb6L\xec\xc2\x16\xa8\xdbU\
_\xbe\xc3*\xea\xe0\xedFb\x0feR\xa6\x19\x06\xd0\
\x96I\xc7uKE\xd7,n\xfd\xd2\xad\xa5\x9ag!\
\x80\x8a\x9aNJl`|\x81U#Z\xa5V\xd1\xa0\
;\xf4\x11\xef\xf7\xcd\xfd\x97\xbf$\xb1\x09\x10\x02tR\
\xa2\x89\xa21\x0c\xc186v\xa2\x11\xad\xa2u\xb6\x5c\
\x10\x04\x09\x5clH\xbeX\x08\xaa\x86\x7fm\xb7\xdb\xaf\
\xec\xd1\x9b\x83\xd0\xe8\x80s@:\xadHs\xabB\xf9\
B\x80\x1c\xbb\x11\xe8Y\x04 o\xd9\x86\xa6\x96\xdb\xdb\
\xc78@\xfd\xc8\x06dr\x95\x9cSQ\xeb_\x05\x1e\
\x1f\xa2\xbd^\xabMb*\xdb\xe1`J\x1d5l\xea\
\x1aCy\xe9\xe4\xde\xbd\x07\x01\xeb\xb5\xc6i\xdc\xae5\
\xde\xfa\xe8\xf4c\xd5\x89\xcb\x13\xcb\xc4\xe9\xe4?\x22i\
dXs>\x95\x87t2\x99\x8b\xcb\xef/\x7f\x7fw\
\xe5\xc1T\xf8\x9e\xaf\xcb\xfe\xe1\xdbW\xa3}\xb9@I\
\xc9pu\xcb\x9d\x5c.\x12Z_UQ\xb5v,\x15\
\x99O\xa5\x1e\xacL\xcdO\xa5\xa6f\xee~\xfdF|\
\xd3\xa6z\x04y\xac\xfc\xd4|\xfd|$W\x1f\x99\x8f\
\xe0d\xdf\xbf\x7f\xfd\xfe\xbf\x5c]\xfc\x97\xc5\xbe\xc5\xc5\
\xdc\xfc'\x0fn\xe4r\xb9\xb6\x1c.\xfc\xb6\x1c\xbdI\
\x9bb\x11\x1f\xa9C\x00\xd8U\xb7\xa5\x80S\xaba\x08\
D\xd4?\x89\x19\xa5\xa0\x80\x88\x00\x99\xb8\xbcW\xb0\x9a\
\xda\x83$\x19K\x83\xa3JEk>\x02\xd4\xd5\x95\xbb\
\x5cl9\xa1\xf0*\xa5\xb1.\xa8\xfd\xb0>\x0eMp\
<\xfe\xe2\x9b\xdf\xbe\xf9[\xc3\x0ek\xb1K\xf3\xbf\xff\
\xeb\xb3g\x8fY\xd9t(\x0b\xec:\x9dh%\x86\xc7\
\x8em\xcf\xfe\xf3?\xff\xa4\x8c\x84\xa5\xf2\x902~\x9a\
K\x07\xe11\xa6\x08d\x04\xa2\xa8\xd1\xcc\x96\xabQ\xc0\
)$H\xe9+A\xf9JsM\x9b\xcb\xd74I\xe0\
\xb3.H(\xa9K\x9b\xe1\xdd\x0et\x00\xd2\xc7\xb0o\
.@\x9e\x08\xe5V\x05\x14\xf4\x05\x95{\xcf\xc7\xbc\xdd\
\x7frR\x1b\x14\xe42\x95\xc4b\x11T\xc8\x13\x03\x12\
\xade\xf5\xc4\xcb-N\x95\xb7\xa9ih(\xc1\xc4:\
jL\xa6\x9a\x9aD\xa2\xb55\x9b\xf1\x9e\xe4\xed\xfe\xe5\
d\xab\x8d\x86\xedZ[C\xf1X~\xf9C\xf1|\xd4\
\x8f\xdb\xe2\x8c\xb3\x13\x0b\x0f\xd0\xa5O\x0bO\x8b\xcf\xf0\
\xda\x95T\xe6\xde\xcd\xe9\xe9\xe5?\xadL\xa1xc\xfe\
U\x8bW\xa3\xe1\xc2\x92\xaa5\xdb3\x08\xd6\x19\x88H\
\xacm\xca\xcc\x9fz\x13\xfa\x1f+\x91\x07\xe7F\xecK\
\xa7\xe6W\x83\xbag\xfe\xc6\xd4|\xa4-\x97\xa3\xd8\x90\
{\xb0<2r\xae\xaf\xed\xea\xdbW\xfb\xe6\xdf\x9e\xba\
e\x1f\xb1\xff)\x12]\xc4K[\x14\xeb\x1e\x8d\xb6\xd1\
K.\xca6\xc0\xae\xba\xba-J\x09\xcez\x01M\x84\
\x80\xfa\x87\xce\x009\xc5*9u\xbe\x00(\x80V\x0c\
ZAlXTP\xa8\x9f\xd8E\x19d][\xfd\x1a\
\x97N\x03C\x07@\xfd\xa5R\x0dA\x7f\x04\xed\xa2{\
\xa7\xd1I\xa5\xaec\x07\xec\xfb\xfd]\x7fw\xac[j\
\x15\xad.\x97H\xd9\x5c\xbe\xee\x03\x18\x80Q\x00)\x0a\
\x07\x0d)\x7fQ\x0e@z\x92Rt\x90\x5c.\x9d\x94\
\x81\x05\xb8\x090U\xec*7+\x02\x1c\xab\xde)p\
\xbbUd\x96\xdc\x5c\x00>;\xccx\x15\x01\x09~\x17\
h\x08\xd3\xc1g\xf8\x15\xc7Y,\x16\x0e\x18\x81\x80\xef\
kn\x9e\xbc\xc9\xf3\xfe\x93\x93\x81\xa0$ /\xea\xdf\
\xd3\xef\x15\x00'\x05\xe8\xf2\xa7\xc8\xafu:\x1d\xfdW\
|>\xfe\x9dvS\x22\xeb4\xb1\xc2\x0f\x93\xb6\xad\xb6\
\xc0\x99\xaeF\xfer\x16\xbd\x9dG7?\x8b\xf866\
\x8c\x91_zF\xc9\xc7\x9d\x9f'jPk\xce\xe3\xa1\
\xce\x5c\xed\xdd\x87\x97\x97\xa6?\x5c\x99\x9aGj\x1eA\
6W\x17IM\xad\xb4@\xa3:;\x9f[\x5c\xcce\
\xfa\xab\xd7\x17\xaeo?\xfe\xe0{{\xa3\xfd\xeb\x95\xa9\
\x07\x0f\xbf\xbf~q*\x97\xdbU\xb78?\xbf8\xf5\
\x9d\xcf\xe7\xbb\xe8Y\xac\xcf\xd5\xe5r\xf3\xf3\x8b\x91\xaf\
\xfft\xed\xbb\xdc\xe2\xe2\xe2\xdb}\xa3}o\x7f\xfdp\
i\xee\x7f\xe5p\x1bD\xa3\x8b\xd16\xfa\x1b\x8dF\x11\
\x00\xa2\xd1\xba\xfccS\xcb\xc9\x1a\xbc@M\x5c\x0a\x9a\
\x06U\x80T\xa3\xa4\xd4\x80\x95\x7f\x82\x99F\x03\x88\x1f\
\xb2\xba\x01p\x87P\x04`\xa1\x9cei\x22\x14?P\
\xe5ifg;Y\x9bXsl\xf6\xb3/\xbe\xf8\xb4\
t\xc7jH\xc0\xfaB\x1d\x94uu\x91-ZQ\xf9\
\xc1G\xb4T\x9aW\x01f#`\x1a\x9d\xce\xd5\xe9\x12\
\x8d\xc4\x020j\xa0\x1e\xe0r\x0d\xb6c\x13*$0\
\xce\x11$\xb2f2\x10\x97sj4\xb5Q\xbf\x08r\
\xb3\xc2L\xb6w\xea\x02\xa8\x1eQ\x9b\x9b<\x1cA\xf1\
\xce;\xa7\xa0\xfb\xcb\xad\x9b,_[\xd2d\x0e\xf6\x9a\
\x9d\xfd\x18\x08\xbd\xd5N2lL\x88Q\xeb\xd4#\x11\
0\x95_\xe3\xf9\xc6\x8b^La\xac\x8eX'(\xd3\
Oh\xe5*S\xab\xcdV\x1b\x0b\x05\x82AKk\xad\
\x0d\x8c\xeb8\x05\xff|\xc4\xcf\xb3s\xc3\x8c\x8fE\x1b\
`\xa0#\x0f\xebm\xf2x\xa6R\x0f\xbe\x9b\x9e\xbe\xbc\
to\x05\xc9z\xfd\xa6\xfa\xba\xba\x5c\xe4.\xcf\xf3#\
\xa7\x86\xcb+n\xf7F(Vwx\x0b\xd7l\xdf^\
~|\xe5\xc1\xd4\x83;\xb8\xc7\xe7\xdf\x8e\xb6E\x16#\
S7n\xdc\x88z\xbe\xf3\xf9\xf8\xaf=m9O&\
5\x9f\x8b..\xde\xe8[\xec\xeb\x89\xb6}\xf2\xdd\xfd\
\xfb\x7f\xfa\xfb\xc5\xbb\xd7\xae\xfdq\x91\xf8c?<,\
9\x88F\xeb\xda\xf2\x1b\x00\xd7=z\xc1\x1c9\xf1\xc2\
\x22\xb8H\xa0Z\x0f\xe4p%\x13\x88U\x90R0\xd4\
\xe31\x1a\xa8\x90\x04[w\xb1+\xa4\xae~M\xb1h\
`\xed~R{\xc7!\xd6H\xc5m\xaf}\xf3\xc5;\
g\xb6u\x22\xd6\xbbv\x10\x228\xab1X]\x90\x02\
\xd2\x18\x1ei}\x01\x184Xu:\xc4\x05&\xff\x82\
\xf5'I1L\x95h\xd8d\x89\xa8a\xaa\xd2\x98<\
\xd3\x0d6I$J\x1a\xc8\x17\xa0\xd5\x22\xe1\x8a\xbc-\
?\x1bl)\xe2\x94P\x8a&V\x9b\x82\xc6\x1a\xd0\xdb\
\x22\xabl\xb2J\x95\x91\x8d6\xeb\xf2\x14\xb04PN\
\x9a/I\xb9\xdc\x92vn\x86\xee\xe3\x89&9Dd\
\xd8\xd1\xd7\xeb\x19\xaf;\x91^7\xd9\xef\xd5\xca\x87\x86\
z\x13yq\x056fm\x8beY\xadW{\xb0\x0b\
\xfd\x87\x1a\x22h\x133\xf7\xd1\x8d\x8f\xe0\x0f\x1a\xe6s\
\xc4\xc3\x01\x9cO\x04\x9d\xd4\x93\xa8\xea=\x91\xcc\xbd\xcb\
KKK\x17\xaf\xdd\xbb\xf7\xf5\xfc&\xc4\x80\xa9y\xcf\
]r\xbf\x83{\xc1\xf6\xf0<ep\x91@\xcb\xf6\xed\
\x85\xe5\xc9H.7__\x1fA\xf4_\x5cl\x9b\xbf\
\xcc\xf3\xfc\xddMm\xb9\xfa\xfa\xba\xe8\xfc\xfc\xb2\xcf\xde\
\xf5\xc9<\x1d\xf1\xc5\xc5\xc5\xfa7\x1aG\xec\xe7\x1e\xdc\
\xe8\x1a\x19\xb9<\x9f\xbb\xfao\x97?\xda\x86;\x81\x96\
\xbf\xbe\xbe\xae\xde\x86\xb10\x02\xf99E\x11\x0d\x08\xe0\
\xe0\x13\x01\x90\x0b\x12MT\x91'\x04\xe4-\x861D\
\xec\xb5\xd5\xa1\x86l\xab\xab\xdbT\xee\x12I\xeaEC\
\xd3\xffy,g\xf6\xec\xa7\xfe\xa3\xbe\x0f\xcevj\x5c\
.P9\xc5\xce\xce\xceN\x0d\xdd\xe7h\xed\x22\xbb\xa7\
3M*q\xc0\xf7\xe9\xe3y$\x90\x9a\x8a(+A\
\xf9\xd1tj\xac.\xa8\x00\x00\x06\x14E\xd7\xa0W\x01\
\xfa\x060\xe0J \x95\x82e\xfd;~\xbf\xffD\xbf\
\x0a\xb5\xbe\x84c\xff\x0b\xf3\xda\xc7\xca\x82\x00\x94\xc3I\
\x10\x16\xce)\x1c\xebsA\xceC\x82^p\x80C\x9f\
G\x1b\x088\x9d\x8a\xfe\x8aW\x86H\x88\xcd\xe1\x84\xd6\
\x9e\x16zL5&\x07\x10\x9f\x1aS\xd3\x09\xbf\xdd~\
Z\x0d\xac\x0f\x8b\x8fi+[\x9cM\xe0\x84c\xad\xc7\
\xbb\xec<\x7f\xa6\x065\x1e;\xf5)\xe2\xdd\x0d\xd4\xd6\
\x0e\x0c\xd4R\xd2\x97\x1a\x18 b\x16B\xff\xa3vL\
\xe4\xc9\x07\x1f^^\x9a\xbe\xff\x99od\xa4\xeb\x93\x8e\
y <o?\xb8\xf1\xe0\xf8\xf1\x94\xa7\xbd\xaa\xa2\xa2\
\x22YO\xd1\xba-b./_\xbbv\xb3\x92\xaa\xb9\
\xc5\x08\x05\xf0\xe8\xd4e\xde\xdfu7\x12\x9d\x7f\x1by\
\xdd\x8dsv\xbb\xefn[O\x1fV\xb8/\xba\xf8\xc6\
\xe5\xef\x97\xe6\xee\x7f\xe8\x9b\xfe\xf0\xc3O\xa2}\xd1G\
\x7f\xf0B7B\xb4\x0d\xf7\x7f}}}\xdd\x13\xc4\x07\
&\xb3a5\xe3\xff\xb3T\x8f\xd8\x7f@\xd6`;\xc7\
V^\xb9\x8a\x14+X\x04\xa8\xab\xcb\xd5m*'\x8c\
F'e\xe0>1\xb6DC\xf7\xa1\x8fn~\xfb\xe6\
G\xfbfE\x1d\x91\xba\x18gT\xe3r\xe1J\xd7\xb9\
4:\x03\xe0B\xa3\x06b\x00V\x10\xbf]\x80\x93p\
#\xe8\xf2\x80\x0f=4\x10\xd2i\xfc\xe9O\x7f\xb4\x95\
I\x10w\x96\x07\xa9\x9dSPYY\x09\x8cR\xce)\
,\xb7\x0f\xdb}\xbe\x87\xfdd\x9c\x02IG\xf2\xb5\x91\
3\xc3n\x12\xef\x00\xc8/#S!T~\x12t\x02\
\x02\x02D\x97\xe5r\xad\xb7\xbcdM\x13$%\xa1\xc3\
\xe7p\xea\xf5\x18\xd6\xa4r\x1f\xca\x5cy2o\xc2\xd4\
t\x02\xd9\x82\x0a\xf4\x9e\x84\xa9\x95M\xd7\xe0\xb2\x8f\xdb\
\x10\xe3c\xd9\xa1\xe7{k\x07V\xa3}\x8a\x91o\x07\
\x06\x9e\xeb\xf00V.%}\x03\xf9v\x0e\x01{\x91\
\xa9\xa9H\xe4\xcew\xd3\xd3\xd37\xef}r\xfd\xc3\x13\
\x1f\xde\xf0\xd4\xcdOM\xbd}\xb9\xab\xf1\xdc\x83\x07\xb9\
HSuuE\xd5\xd0Tt1\x17E\x22\x10X_\
XR1\xac\xcc\xe5r,\x9b\xebk\x9b\x98\xa8\xdf\xb4\
\x09\xca\xd4\xbb\xa2m\x8b\x8b\x8buu\x9b\xea\xeas\xd1\
\x9e\x9ehO\xb4\x8f\xad\xf3\xd4\x09\xfb\xfe\x91\xef\xa6\xae\
F\xa3D\x22\xee\xe9\xeb\xe9\xe9\xe9\xeb\xa1]\xb0\x88\xcf\
\xb3\x08P_o\x03\xbe[Dr\xb1l.|u\x10\
\x08\xcd \xb59@\x86\xa1\x18\x18VSi@\x95\x97\
Z\xdd\x0a\x14\x89\xa2H94\xc1\x0cF(A1\x03\
\x802\x8d\xd4\xf0L7q\x01\xd1\xb9a\xda?R\xe2\
\xf9\xb1\x93\x8e\xa0\x8e\x85G\xa1@*\xc3:\xf8\x03!\
D\xa0\x84\x14]:\xec#\xabU\x87\x98\x81\xfa\xe0\xd0\
[~\x9f\xfd\xabC\xb3\xa2k\xb6\xc9\x9c\x86\x113s\
?\x14\xc8\xc2 \xc8MN\xee\xd93&\xa4\x11\xbc\xe4\
fE\xc0,\x90\xac\x15S\x83\xe1`\xaa\x81\xc1~\xb9\
JV \x81\xcf\xb4*`\xc6\x08\x17'SY\x92\x96\
\xb1\x93\xbc\xaf\xf1D\x11\xeb\xef\x12\xd2\xa3w\x90\xda.\
Mm\xd6\x00\xf0ae_\xf3\xba\xc9\x06T\x7f\xd9D\
\xa8\xd5d\xb3\xd1\x06\xb0\xb1N?R\xfep<\x83y\
\x9bU\xee%#mt<\xfd`\xe6\xf4\xcc'\x1d?\
ts<\x9eM\x9e\xd5~N$\x92\xb9{yz\xfa\
\xf2\xb5\xf9\xe8\xfc\xfc|}\xae~*\x92\x9b:\xbd<\
7\xb7|c\xbe-\xe7\xac\xdePU\xb5=\x93C\xea\
\xbe\xd8\xd7\xd6f*\x1c\xae\xaa\xaaV\xd7/\xd2\xf9]\
\xeca\x87\x98.\xf3E$y\xd8\x04\xd1\xbe\x9e\x9e\xbe\
\xbe\x9e\xbe\x1e,oOt\xf1O\xd7\xbe\xfb\xd3\x1b\xd1\
\xc5(\xa5\x00}\x13}`\x93\xf7\xd0\xd7\xf4!/\xa8\
\xab\xaf\xcb\xd1\x15\xa0\xa6\xf4\xa9\x88\x94\xe2\x14f\x01\xbd\
A\xb5\x02\x0d\x82 \x87\x84\x0f\xf5\x1f\xb6CP\xa1T\
\x04\xa9\x14,(RzMTWb\x0f\x95w\xe2\xf2\
\xa6\x1cNJ\x5c^\xb1\x18\xbeq w \x8b'\x1e\
\x10\xeaD\x1d)\x07\xb0\x88\xaf\xd1\xac\xfe\xa3\xa3Ar\
\xa9\x88\xdbA\xd4\x88\xc7\xb6\xed;t\xe8q\x17\xa9\x09\
h\xe8\xde\x87\x02\xe9[~{\xe3W\xfbv\xbb\x06\x9b\
$\x81\xb4\xa0\x08(d\x95\x95*\xb0z VA\x83\
\xacj\xb4\xf5\xe9\x80\x07\x02\xca\x022Cg\x0d@\x14\
\x00\x00\xf9@\xf8\xaa\x94\x09cM%\xeb\xdb\x95Pa\
\x94s2\xae\xd9\xb9\xfe$\xef\xf7]\x1f\x0bh\xb5\x01\
@\xffn7\xd4\x95\x1d$\xba\x9a\xa8\xa9\x01\xe2G;\
\xc0\x06\xe9-G\x96\xb5z0\xc5\xc3\xd2=\x5c\x024\
n\xc1P\xbe\x8e\x01\xe2\xe7\xb3\x0d\x90\x1a\x18\xe8\xd8x\
\x8d\xdf\xcf_\x0b\xb1\x84\xdf\xe3\xe9\x88\xd0\x06\x00\xaa\x8b\
0\xd0q\xe3\xc3\xa5\xf7\xa7\xaf\xdf\x98'p\x96p\x9a\
\xdc\x22z\xb8\x8b\xb9\xc5\xb6X\xf5\x86\xea\x92\xc1\xde\xf9\
\xb6hn\x11wv[\xbcpxx\xb8\xba\xc9\x83J\
nq5\x98\xb3h\xde\xc7\xa2\xfa\x22\x0ey\x1f;\xe8\
}}=\x8bxu\x15G\x7f\x11!`\xa2g\xa2\x07\
\x5c\xf2\x1eL\x95\xf4\x8d\xf6\x8d\xb6a\xf1\xeb\xea\xeb6\
\xb5\x16 \xe8SC\x98\xbcUQ\xf2\xab92\x0d\xe6\
\xc82\x12T $\x85E\xf0\x8e\xa5\xd0P$xM\
\xbb\xf2E\x04r\x00Q\xa7a\xb2pXa\xe06$\
\x1b(bl\x98\xc6\xc5u\xa4\x1f\x05\xe9 R\x05\xd3\
Q;\xc8J$\xa1U5\x09Q\xe7\xea\xd4to\xdb\
\xcd\xfb\xfd\xbf\xd9f5\x88l\xdf\x90\xb8\x80K\xb7\xef\
\xc7O\x15\xcfv>U\x5c\xd5\x1edm\x1b\xb5\xb2\xb2\
\xb2\x92t\xc0\x88\xc3\xaa.R\x0b0\xbc\x920\xf9\x1e\
\xdci\x109\x83\x9e\x1d\x91\x85`\x83\x06\xb5?\xfd\x9e\
\xf7\xfc\xbc\xfff\xbfJn\xd1C\x84]\xab\xd57\xef\
\xd9\xb3g2m\x918\x9dr\x12aF\x12P\x83z\
\x9fm\x82\x8dOl\x0c,\x5c\xb8p\xe1\xa06\x9f\xfc\
ad\xcb\x86\xd1|\x1a\xc1f\xd9>\xb2\xbc\xa7c\xc7\
\x1f\x9c\xfe\xe3\x8d\x04\x86o\xf2q\xa0\xc3\xa3\xbf\xb7\xfc\
\xfd\xf2w+?t\xf1#\x8f\x96?2ug\xea\xbb\
\xa5\xf7\xa7o\xfe\xd1\x93\xcbE\x80\xd3\xcd3\x8c\xb6-\
\x17m[\xccE7\x15\x0eo\xa8\xa8jz\xb2mq\
\x11\x7f\xa2\xd1\xe8@\xe1pI\xe1\x86\xf6\x81h\x1b\xd6\
\x1e\xd1\x1c\x91\x9d\xad9\x9e(\x8ew\xfem\x0a\xf6\xa3\
\xf8 \x85\x07T\x85\xf3\xf3m\xa3\xf4]\xa3=}=\
WG\xfb\xfar\xb8\xff\xb1\x05l0\x81PP\xf5O\
\x11\x9e\xd1\x7f\xe0s\xa3\xe0d\x05ED\x99C \xc0\
\xd8X\xfezP\x0b\xde\x8dl\x03 \x07p\x91\x9b\x97\
H\x87\x9aP \xc2l \x0e\x8a\xb1~\xd2\xfd2\x18\
\x19\xd6\xc3\xce>\x08\xdfVJ\x06\xad$\x1db\x15!\
#\xe7r\xb9:\xf7\xbd\xc6\xf3\xfeK\xff\xe7\x0e$\x87\
\x1a\x1d\xd1\xbfQ%\x18u\xdd\xcftw\xbfO\xf6\x1c\
5\xf2`\x10N\x1c*Ye\x9e\xaa\xc6^\x93\xce\x17\
x]h\x0b\xa1a\x89$\xb0RF\x82\xfb\x02\xb1\xfe\
U\x9cs\xfbW<\xef\xfb\xb8\xd0-\x97\xab\x02\x8a\xa1\
\xc3\xef|zxoZ\xabM\xa7\x9d\x81\xbc\xc4\xb6V\
\xeb\xa0f\xbf\x09\xb2\x0d\xa4\xa9Y3\x09\x93\xf73\xde\
-!\xa4\x7f\xad!\xdb\x13O`\xf8\x1eC;H\xf9\
0l\x85\x08\xf0\x9c\xfe$\xbf\x9f?a\xce\xacd(\
\x060\x06\xdeTjj\x05\x9d\xf8M\x9eU\x1c\x7f\xb5\
O\x1f\xa9O\xdd[\x9a~\x7f\x89\x0ce\x87\x00\x00 \
\x00IDAT\xfa;O\xfd\xa3\xb5\xa7\xa7\xad\x8d\xf6\
\xc0\xfc\xd0puUUum\xfe\x8c\xe3\xc5\xd32\x5c\
r\xbb\xa2?\x16\xed\xeb\x19\xc7\x12\xf7\x8c\xb2\xe3>J\
1\x1f\x83\x22\xa3\xaf\xbfNcc}=\xaf\xf7\xf4\xf4\
\xbcN/\x13\xf8\xee\xb7\x97\x1b\xed]\x9fL\x8c\x8e\xe2\
3\xa3}\xf4\x82\xce\x10\x85\x80V%LW\x95\x82\x22\
\xef!\x0f\x8bP5\xe9\x05\xa89R\xc1\xc2%\x80\xf9\
q\xd4\x0a\x10\x0c\x07N\xe4m\xad\xdb\xf5(\x02\x10\x11\
\x18-`\x9a\xfc$y0hA\xad\xb2D\x0d\xa4\xfa\
\x86\xeb\xc0\xe5*&\xd9\x08Q'\xd5\xe47@g\xa7\
\x0e\xed\x1d(IX5\xa2\xb4x\xdf\xa1C\xfbt\xe0\
\x18=j.i\xac\x9an\x0d,\xfd.\xf9\xec\xbe\x93\
\xc3E\xedc\x95\x82\xba\x81-3\xb5\xaaH\xce\x8ac\
\x83|\x9c\x0c\xbc/`D\x0a\xc6\xf1'\xebD\xc86\
\x804\xc6\x09\x0d\xed\xfd\xeb\xdb\xf5\x1b!\xb7+\xbcr\
\xa9q\x7f\xd7\xbbc\xce@\x1a\xa5_2\xaf\xc7\xed\xc0\
\xd97\xd58L5$\xb9\x96p(\xae/O/?\
\xe8\x8d\xd3d\x17J}\x1b!|\xb1\xd5R\xef\xe9\x81\
\x81p&3\x90=\xdd\xb5<w?\x9b\x22\xf6}\x8a\
Md\x80\x96\x15\xfb\xfa\xfe\xad\xebwkY\x1f\x8fZ\
\xb9\xd4\x9c\xcdy\xa2`\x81|\x18\x89\xd0\xe23\xb0\x96\
\xe1t\x84\xd5\xf4e\xaa\xab\xabJ\x86\x13\x13\x94\xd4\xb1\
\xa7\xbe\xa9j\xfb\xed\xc1\xedY\xf8\xd4\xd1\x06\xe8a\xe7\
?\xca\xb2\xbbO\xbe\xfb\xee\xfe\x1f\x17\xb1\xe8\xa3x\x81\
\xee\xec\xdf\xfem\x1fA\xc27\x96\xe7\xe6.\xbf\xd1\xf3\
:\xb6\xc6\xeb\xf8\xc4\xe8\xe8\xd5\xe8\xa6:\x16\x02Z\x0b\
\x94J8\xeb2\x93`\xd6\xf1\xc5\x18\xa0\x12b \xd4\
\x1e\x84\xa3\x1c\x05[D\x81 \xf3\x0c\xaa\xa9\xcb\xb1*\
\xb2~\xadUW\x06\x01/\xba\xde\xd1\xd6\x87\xce\x1f\xbb\
\xfcI0\x10\xd7\xbc\x86>b-\xb6\xb2\x1c\x90\x8aE\
\xec\x00\xab\xd8\xd9\x89F\x8fNGU\xa2\xaeS\xd7\xbd\
Ug\xed\xd4\x00\x03\xa0-\x836\xa3\xd55;\xbb\xdd\
\xab\x1e\xf365\xad\xf9\xd9\x9c\xdd\xc7?\x7f\x98\xffM\
\xe3\x95\x0d\x5c\x11\xf5\xefY\xe1\xc78?\x80\xacTD\
\x08'\xff\xc3\x00\xc6\xbe\x049\xa7f\x98\x91D\x10\x0a\
\x02\xe6\xde\x96\xc3_\xde:q\xa6)\xf9\xca\xc5\xcf\xaf\
\x5c<\xaf\xd6\xaa\x88\xf3\xb9*\xcc\xed$\xddu\x9a\xe6\
2\xb5\xe6\x95VW\xa0\xb5\x83Q\xce8\x1d|\xd2\xdf\
\x08\xd7\xe6\x01>\x04\x81pf\x05\xe3[\xa9\xa9\xd33\
\xd7\xee\x1e$*>\x0b\xfaS\x91\xf8-\xfe(\x7f7\
\x0b\x1e\x16cf\xd4\xd7c\xcd#9\x5c\x00\x1f\xdeM\
\xb1\xe6L[\x8e\x96\x7fu\xf5q\xde\xcb\x87\x87\x87\x87\
\x87\xdap\xb8\xaf\xb2\xc8\x1e\xed1W\x97\xdc\xae\xd8\x9e\
\x8d\x8e\xb25\xee\xe9\xeb\x8b\xb6\xb5\x11\xc5\xc3\xb3)|\
\xd7\xe7\xf3]\xcf\xe4\x22\x91'\xf3\xcc@\xcf\x93\x03\xda\
\xa6\xf6\xa6\xf6\xa6\xa6\xa6\xf6\xa1\xa1\xa1$Df\xe9\xb7\
L&\x0ff3@\x9d\x90\x04n\xdaH~\x01\xc8\x00\
\x09\xf2al\x00\x88\x04a.@\xc8\xd7\xd4\xca\x82\x02\
\x99\x8cx\xf4 \x84(\x82^\x13\xa2\x07\x9eM\xdb\x8d\
h\xdd\x8b:D{:\xca:\xab\x8bb75\xf3\xe8\
v\x00\xf3\x0f%\xa0!\xcf\x19C\x8eg]\xbd1\x10\
$\x8a\xc5<\xa1T\xa7\xd1t\xa2\x0f\xac\x9b\xb5\x1a\xa5\
\xf4sD\xa3T\xd3\xb9\x1d\xc9\x87\x82\x935\x0c\xcd\xf1\
>\xfe\xe5O\xfd\xfb\xed\xef\xec\x91A\xc9DF\xa1_\
\xa1\x00\x09\x00\xd9?a<\x82\x99\xc3p\x98\x10\x90S\
\x83S\x1e`dO\x04\x04\x99V\xfe\xca\xc7\xf6\xfd\xfc\
IH\x09\xa1\xees\xab,$\xc3\x0f\xf8W\x9bWa\
6\x91\xfe\x22\x09q\xe1\xbc\x87 \xaa\x81I^\xc2\xf9\
l\x8f \xdf<\xc0\x87]\x90\x01u\xdb\x93=\xddu\
\x94\xbf\xb9\xd2\xf1\x88\xc2\xe5\xf1\xd4O\xdd\xbbx\xf1\xfe\
'\xa9\xd5\xe3O\xa7\xbf~\xbe\xde\xf3\xf5\xf7K\xef/\
}M\xa0N.G\xe9|\xae\x0d\xf8\xdcj\xd2\xde\xd6\
4\x5c=<\xbc=r\x15\x09;\xaa7\x04\x82\x9eP\
EEE\xf5\x9a`}\xae\xbe\xfe\xc9\xe7Z\x9d\xde\xa6\
\xf65%%%k\xb7\x97\xafY38\xd8Y\xf6L\
\xf7\xe0p\xd5p\xd5\xe0\xe0\xf0 ^U\x0d\x0fW\xe3\
\xa9\xaa\xaa\x1aFW\xb1\xaa\xaa\xaa\x1a\xb2\xc4U\x15\x15\
\xc3\xe5\x9b&\xe8\x02\xa8\xdb\xd4\xaaV\x06Y3\x98\xc3\
\xd5YD\x92\xd1@}h\xe2\x82#\xfdH\x16\x5c1\
1\x00t@\xa9P{M\xb9\xfa\xba\xfa\x5c\xfd\xa6\xba\
M\xdb]\xdb^}\xeb\xcd\x8fO\xbc\xb8\xa3\x13*\x9f\
T\xe7\x93.\x08\xc4\xa3\xf2`\xb0\x01\x1f\x06o\x84\xc9\
\x08\xe1\x15H@\xd4\xda-c\x09\xa2U\xd4\xb9 0\
\x09\x22\xd8\xfbo\xbe\xf5\xb9q\x87\x81\x91K\xa4\x9a\xc1\
\x964\x09\xf1\xca\xcd\x8a\x82\xc9=\xc3\x9b\xdb\x93\xc9\xf3\
\x17\x92\x05(\x03\x18\xca\xab&\x99`R\xec\xa3no\
\x80MzP\x13HN\xb0Q\xdeu/ \x0b\xf4&\
\xbd3\xd7\x0e_\x09\x15\xa4\xe5*\xad\x5c\xa2\xd2\xaf\x0a\
\xaf\xebk\xf2T\x7f4|\xa8\xe5\x1b21Z\x078\
\xddq\xca\xfem\xe8\xf2\xc7\x18\xc6\xbb\xfa\x0ct<\x1a\
\xc4\xb4=\xf8\xf0\xe1\xc7\x173O>\x99/\xf6\xc1\xcd\
\x03\xc2\xfb\xc3\xd9\xcf\x133rO\xde\xfd~ii\xfa\
\xfaT\x0e\xc4\x9ch\x1beyt\xf8\xa3\x13\xd1]\x13\
\xd8\x06\x8bY\xe8\x07We\xa8fo\xa3$?\x17\x89\
\x84\x9b\xaaJJ\xaa\xaa\xd6\xae),,\x04U\xa0\x04\
\xb22P\x98[[XR\x0d\xf3\x81\xc1\xc1\xaa\x8a\xea\
\xaajZ\xea\x92j\xb6\xe0X\xfbA|\x02\x8b_]\
X\xb2\x01\x98B\xfb\xa6]u9\x9c\xe1M&\x9a\x0a\
\x80\x08&Z> \xfc\x04\xa1\x0e\xcc\xe6\x02`\x16\x12\
\x94K\xd4\x05\xe8\x15)I&\x96\xc4\xc4\xd4\xad\xec\x02\
\xa9\xaf\xdb\xb4]\xf7W\xff\xa5\xcb\xfe\xffV\xf6= \
\x8e\xdc\xd9\x99UVU\xa9\xaaTU=\x1cJ\xf7\xe8\
\x96\xc6\x14\xc7\x19\xc9-U\xa7[M5\xad\xea\x9eF\
\x13I\xb6\xd4B-z\x87Y\xcdA3:\x0cio\
\xd3\xda\xe9\x99\xe1\xf05Mz\x8e0\xd0}\x81\x81A\
^\x0c\x09\xf827\xc3\x12\x08\x09\x9co1\xc3\x9e\x99\
\xc9\xfa\xb2fX6\xf6\xf8\x8c9\x9fc\x9b3w\x9b\
d\x1d\xcew\x93ppI6\x84\xcb\xf7\xbd_if\
\xbd\xde\xec\xa6<\xee?j\xa9T\xaa\xf7\xfb\xbd?\xdf\
{\xef{\xf3W~\xf7\x97\xf7\xa1\xd8\x11\xe9O\xa7\xd3\
\x7f\x99\x1d\x98\x06\xd8\xbb\x82\xff&\x85C\xcc\xf6\x00\x0f\
D\xa7\x97D\x06++\xfbS\xa7\xafN\xef\x7f\xf5\xc5\
\xff\xf4J\xf6x\xfe\xce?\x7f\xf1\xeeS\xcf\x9c:\xfd\
\xccSw\xbd\xde\xb8d\xca\xdcs\xcc7\x17\xd2v\x00\
\xbeE\xd4\xf9\x02\xe8\xf1\xc9m@\xcc\xd7\xc4\xfc/t\
wg\x80\x0b\x9a\xc0\x80l]\xcf\x80\xf6?\xc7\xb1\xc1\
\xa5\x8e\x0e\xee\xf5\x19\x16v\x97\xf2\x9c\xb7\xb2<C\xf4\
7\xcf\xed\x0f\x16\xf6\xd9\x85\x85\x05\xf0jr\x09\x5c\x9a\
\xa4x+\x97R\xee\x15q\xfeo\xdcB_\xdf\x9f\xbd\
\xf9\xe6_\xdf\xdaSMY\xbf\xdd8\x93\x86\xfd\x8d\x17\
T\xcc\xdfH\x8d?\x0b3\xe0\xe5\xbd\xf0\xbd\xbf\xfa\xc1\
\x1f\xff\xf1\xdf\xfd_\xfc\xce\xd4\x1c\xc38l}q\x04\
\xbf\xfd\xed37f\xdd\xc4\x0d\xa2\xc1\xfa\xb5\x8b\x17\xcb\
\xdbQX\x0bk\xdc\xd0a\x0c>\xb1Z\x98\xc4q\x1c\
\x86\x9e\xc7\x11\xc7a\x18\x06\x1ct\x1b=:zt\x14\
\xd5\x22\xec\xfa0\xbc~T\x83\xfc\x93D8\x08\xa30\
\x09\xc3(\x8cPpX;xb\x01`h\x94\xf8x\
\x84\x80\x91\x17\xc6d\x10L\x0c\xc1\xd0\x18\xdba\x99\x98\
\x85~A\xec88\x89\xfe\x10\xe2\xff\xf6s\xfd\xe7\x1a\
\xd1?{\xe6\x97\xbf\xf5\xad?\xff\xd6?Y\x99C-\
\x9f\x18\xf9\xa7\x04\xe3\x9d\x9b\x9a\xda\x87=\x7f\xeai\x81\
\x80E\xfc*\xc8\x97\x8c_\xca\x0a1\xf5K\xff\xf4\xdf\
\x7f\xfd\xdf\xfd\x8bSS/\xbex\xfd\xcf?\xfe\xfc\xe3\
g~\xe9\xf4S_\xfd\xda\xd7\xae\xd6\xaeat\xaa\x10\
\xff\xa2\xa1\x03z\x1f$f>\x0a\xf9mtw\x90\xdc\
\xc8\xb1{\xb6B\x819\xfc\x94\xf5\xdd\x19\x1b\xcd\xe1\x86\
\xe1k\xf0\x05Q+b\xe7t\xccR\x1e\x8f\xc7\xec\xf6\
\x90z\x0f\xccW\x9a\x112~\xa0\xbfk0\x00\x0a\xf0\
\x9f}\x9c\xe1\xafTR\xee%\xf0l0\x00<\xbcq\
\xfeF\xfd\x9d\xcdl\xf3\xce\x1b\x87\xb4\xfb\xec\xbaA%\
\xfe\x19\xf1\xfc!\xf6\x86\xda\xff\xa8\xc8\xf8\xf6s\xc8\xcb\
\xff\xcb_\xdd\xfb?\x7f\xf7\x83;?\xf8\x9b\xc6\xb7\x91\
\xef\xfb\xd5\x7f\x0d\xff\xef\xf9\x17\xce\xdc\xbatrm0\
(\xef\x96\xcb\xe5(\x8cka\xe8RfP\xdd\x11\xc6\
[\xcb\x0e\x96\x03\xbb\xbe\x16E\xb5P\x11Lr\xec\x00\
\xbe\xc4\xa1\xd2\xfa\xf8r]~\x0a\xe1C\xd7\xa2Z\x98\
$q\xe8\x85q\x1c>B\x84)P`c\x96l\xa0\
\x98\x16\x00\xd8\xbc\x97\x92\xc5\x14\x1cxOl\x11\x85\xc0\
7\x04*r\xa4\x02\xc7O}\x80\xc6s\xcf\x0d\x9e\x9e\
\xfa\xca\xd3\x88\xe2e[O\xcfM\xaf\xa4f~\x0e3\
\x81\xc8\x13(|q\xe2\x19\x02\x04\x90u\x80R2b\
\x07+\xa7\xe6\xee~\xfd\xff\xb5Z\xcd\x1f\xfe~45\
\xbd\xff\xf2\xcb\xff\xf6\xdf\xec\x9f\xbez\xf5\xabW_\xfe\
\xe6K''\xe3NG\x16\x80]d \x82\x11v\xda\
\xa2\xe1\x18\xe2\xec\xf9\x0egZY\xe4\xb9\xb4|\xf4\xfd\
\xc0\x1ct@\xed\x88\xa0\x00\xa3\xd1M\xf6|Z\x1c\xb9\
\xcb!\xdc\x12\xf4O&p-0\xf0_[\xb8\xbc\xb6\
\x86j\xcf\x05\xd6\xf7\x80\xaai\xb2\xfbi\xf7I\xb0R\
?\x7f~k\xb4s\xfe\x160\xdf\x1b{\xf5?\xfb\xa3\
?\xba\xf2\xdfn\x9f\xe9\x1f\xa6\xcd\xd8\x12\xed7\xe8\xef\
?\xffB\xa3!\x9a\xff{\xcf3\xb3\x03\x90\xe7\xdbg\
\x96\xfe\xe6\xc7?\xfe\xd1\x9fff^\xbavq\xd0[\
\x1f\xec\x86\x8fjr$I\x1c\x041\xccz\xe0EA\
\x80\xc2\xa00\xf4 o\xecx\x11n\x10\x84a\xe4a\
\x1b\x87I-\x8c</\xaca\xc2m\x12\xc8\x11\xc38\
x\x9e\xe7\xa9\xa5R\x8b\xc2Z\x0d\x8b%\xaa\x1dE\xb5\
Z\x18\xc7A\x1cE\xd7\xd7\x19\x044\x9ek`\x01\x80\
\x0dX\xc5\x80\xe0\x03,\xc8\xff(\x13\xb1\x1dTQ\x1a\
\x8c\xff\x1d\x1b\x0e b\x02\xc7\xef\xad!w\xf9|\xe3\
\xf9\xc6\xf3\xc5\xa7\xa7\xbf27\xf7\xe2\xca4+\xf6O\
#\xd3\x83\xdc\xaeH\x9a@ \x93\x05\xe2\xff+\xf4o\
\x8aN\xff>RE\x8c\x0bW\xf6\xaf\xde\xfd\xfa\xffh\
\xcd\xcf\xbf\xf6+\xb5\x95\x95\x97_\xde\xff\xb5\xdf\xfd\xdd\
W^y\xe5\x15\x907\xde\xbe\xbd\x5cB\xe3\x86\xe1\xf8\
h\xeb\x03w\x81\x8c\x80v\x1c\x0e\xb64M\x8c\xbc\x22\
\xdf\xb7\xcd\xb9\xb1hd\x96\xa4\x1f\xda\x86\xd1%\xa0\xb3\
p@\xb74i\xf2\xe1\x0cN\x0a\x9fu\xbf\x0b\xe2\xf9\
\xe7\x17\xd6\x96\x85\x7fWU\xf7\x89\xfc\xd1\xa4\x7f\xeb'\
2|\xf5\xd1\xb9\xbf\xfe\xc1\x0f~\xf0W\x88\xf7\x0e\xfb\
{\x87;\xb7\xd8v9\x11>4>\xa5>\xb1\xf8/\
\xbc\xf0\xdb\xe7o\xdd:9)\xbet\xf1\xe2`{;\
\xaa%\xd7\xaf\xbfx\xfd.\x04\xa86+\xa5\x0f\x19A\
\xfeqXK\xc2Z$\x93\xab\xc3(\xa1\xd8\xc3 \x08\
\x13H9\xc4r\x08ka\xe2E5\xcf\xabaYx\
\xd8\xf8\xae\xebz\x9e\xe7\xbaX\x1e\x98{\xafV@\x18\
\xd2\xe9\xa3\x02\xa1m\xa0\xdb\x10\x1d\xe5\xb1\x81\x1b\xcf?\
\xdfh,\x17\x84\x12Z\x95~;\x05\xb6\x81\xf8\xc8\x0a\
i\xe8\xa9C\xf3\x14fp\xd8\x8a2\x9c!\xb7\xbf\xdc\
o \xfd\xd0h4\xeaw\xe70\xff\xe5\xd4d\xf6\xc7\
i\x82\x7f\x04|\x1ek\xfc\xe9\x95\x959\xb8\x87H\x0e\
\xce!=\xb4?M\x5c\x10\xa0\xd0\x0a\x07\x05=\xf5\xf5\
\xff\xf0\x1b\xbf\xf1\xaf\xbezu\xff\xea\xfe\xd5_{\xe5\
\x95\xff\xf8\xca\xb7\xde~\xe7\xed\xb7\xdf\xfb\xcb\xf7\x1e\xdc\
.1\xe2/\xf8h\xfe\xf4\xfd\x1ej\xff\xa9\x10\x1c6\
w\xc0\x13`,\x08\x97\xd022\x8b\xe0\xf6\x80\xeb\x87\
\xf9Fp\x05\xcc\x8eU\xb4:\xb6fvJ\x1d\x02\x80\
\x90\xff\xb2\xb4yL\x86/-`\xa0\xde\xec\x1a\xa9\xfb\
D\xfc\xe7R\xcd\x7f\x0b)?%\xff\xfa\xf9z\xfd\xf0\
\xf2\x9b\x9b\xc7\xd9\x1f\xbfA&\x06$x\x99\xec\xe9S\
\xfe\xf0\xf8\x1a\xa8\xdb\xa5\xf3\xf7=D\x7f7fs\x03\
7\xbc~\x1dT\x90\x18\x10\x12\xd6(\x8a\xda#/\x11\
\xb1{Q\x08]\x0e\x0b\x9d\xb8.Tt\x12y\xb5\xc8\
\x8bjd\x10\xae\x89\x10c~\x0b\x12\xd7u\x95\xca\xf7\
\xc2\xc4\xf3\xa2(\xb9\x0eM\xe0\xb9\x90\xbe\xe7\xban\x90\
\xc41\xd6U\x88\x85\x94\x84\x1etD\xe2y^\x0d\x8b\
\x02k\x01\x8c\x94\xe1,\xb7o\xa3\xd1\xd8\xcbo\x14\xc0\
\x0e))a\xce\x83a\xcc\xc5x\xc0'o\xa8\xa3\xfb\
\x9a]\xb4\xc8!D*y\xdb\xf2K#,\x80\xe7\x1a\
\xcf?\xdf\x7f47\xf7\xd4\xca\x8b\xf0\xfeO\x09W\xe4\
\x1c\xdc\xfc\xa9\xd4\xe8C\x110\x01\x84\x1e_\x08\x9e&\
\x02\xd0\x00\xfcB\xbe\x0a\x89\xe2\x97\xbf\xfe'\xd9l\xf6\
\xde\xef\x7f\xed\xea\x148d\xfes\x93\xe3u\x9b\xaf\x7f\
\xf7\xbd\xbf\xbd\xb4<\xb6\x98\x8f\xb4UV\xca\xf2\x1d\x89\
\xfb\xcd\x0eg>\x92\xb1W7u\xe0\x18\xc4\xfe@\xe2\
\x0d\x0e\x00\xd0<\x80\xe4\x15\xa9_;\x07.\xcf\x1cZ\
<u\x1d]>(\xfa\xcbs0\xcb\xcc\xc2\x02\xcb<\
\xc1\xdd(\xed\xfc\xb3\xc3\xd9\xcaD\xfb\xdf\xda\xa9\x5c\x82\
\x02\xa8\x1f\xaaz\xce\xc3\xc37\xff\xfb\x9bo\xde\xbaq\
\xf8\x85\x8e\xad3\xfd\xe7\x1b\x0d\x09\xf5\x0eo\x9d;w\
\xb9\xd4C\x08^u\x83\xa461\xd55\xec\xcc\x08\x1b\
\xbc\xe6F\x11\x1c\xb98\x84o\x87\xd11h\x08\x82G\
\x87=\x9b`\xf3c'\xc7nP\x0b\x13r\x89C\xd3\
c\xa7\xcb\x0a\x08\x02z\x80\x09\x9d?\xb8\x82n\x1cb\
\x01\xd0\x82\xc0{\x88\xe3PTA\x88\xb7\xafE\x1eW\
E\x9c\x80\x91\xb4|\x88K\xc5\x02\xd8*\xf9d\x07F\
\xf1\x0f\x9c\x7f\x10\x84\x80\x0f\xd2)\xd8\x9a\x96s\xd0(\
fY\x9c\x1b\x80\xea`\x92\x08\x14P?Z\x81\x0a\xe0\
9\x8aO\xcf=\xc5,\xdf\xd4)\x0e\xf5e\x1b?\x13\
\xc0\x8c\xfdVN\x11\xe7\xdb\xdfG\xc6wz\xe5\xee\xca\
\xf4\x8a\xe0A\xd3s\xd0\x09H\x03\xef\xef\xef_}\xf9\
\xeb\xff\xa5\x95\xcd~\xf2+\xa7\xbfvu\xff\xe5_\xff\
\xf5?on\x1e_9\xde\x9c\xff\xf8o\xdf{\xaf\xb2\
\xdc\x11\x02#M\x10\x09\xc3\x91&.PA\x08c3\
\x1b~\x8bE\xcd\xb2\xa0\xfbWa\xefm\x9bc\xa1\xa5\
\xd9\xd3\x04e\x88\x997;fiu5_\xca\x9bz\
~UE\xfe0\xfd,\xf4f\xad\xef\x02\x9c\xbf\xe1\xb9\
\xd9!\x8b;\xa8\x01\xc8\xb5zK4\xc0\x0e\xaa;\x0e\
\x15\xce\xc7\x9e\xbdT\xfe\x8c\xfc$\xd2\xff\xde\x0b\xb7n\
\x0f\xbc\xa8\x86Y@P\xefQ-\x0a\x13xu0\xc7\
\xa1H\x04\x92\x08\xe28\x0e\x12z\xf3T\x00\x10W\x14\
\xaaGk\x09\x14B\x1cy\xae\x1b\xc7n\x18D^\xc0\
\xd121\xe4\xef\xc2\x07\x14QS\xba\x89Z\x02I\xe0\
\xba\x01u@BS\x1fc\xff\x87I-\xba\x8e\xb3\xe1\
\xa4I-\x89\xa3(\x89\xae\xf7(:\x84\xf1u\xd3\x91\
*?\xdb\xd7X\x09f03\xdc\xb3\xfcbQ{s\
\xddf\x8d\xb8\x85\x9c@&-\x104\xe0w\xcd\xf6\x1b\
\xea\x98\xbd\xbb\x82\xfd\x0eiJ\x89\x0fM\xff\x1c\xb76\
\xa2\xbb}\xb2\xc8\xed\xafL\xef\xaf\xa0Ep\xff\xae\x88\
_\xfdc5\x10z\x0799\xfa\xf7\x7f\xe9\xab\xa7\x9f\
y\xf9\xe2\xbb\xdf\xf8|s\xf3w\xael\x1e\xcf\x7f|\
\xfb\xbd\xbf\xbd\xbdP\x94\xa1\xb62\xdc\x9c\x85\x1c\x88\xf1\
m\xdb\xect\xd8\xde3\xd6\x8b\x96a\xe9E\x8b\xcd\xde\
hl\x82\xf7\xc2\xfd\x9f#s\x00\xca\xc1f\xb0\xf9s\
3\xe0q\xca\xcf,/\xa8\x9a\xff5|\xbb<\xcbi\
\x8a,\xf6\x22OoE\x08W\xc5\xf3\x87\xe4/)\xe0\
\xe7|\x9d\xc9\xbe\xbd3j\xf3\xdf\x98\x94w\x9c9s\
c\xe7\xf6\xc9r\xa77\xd8\x0dj!<\xb3\xa3Z\xc2\
\xdb\x0f\x1d\xee\xb9.\xb6e\xcd\x832\x86xC\x08:\
\xdd\xbc\x11\xb75l;,\x00|u<\x8e\x0d\xeey\
\x01\x9e\xe6\x05^\x98\x84\xd8\xdb\xb5\xc8uE\xfc.H\
\x04\xa0\xf5\x03y\xb6\xe7\x85x\x13\xbeU\x9c\x04^\x1c\
\xc2!\x0c\xa0f\x02q6h\x10jI\x14yG\x97\
\x9f\x7f\xbe\xffB\xa3\xf1\x5c\xa3\xbf\x86\xc6 \xc8\x9eL\
q(\xfa`\x22\xc0\xd0\x9c\x8d\xf7\xb4\xfb\x17\x0b\x8e\xd4\
\x00\x10sW\x15\xc2\x05hb\xbd\xdeh\xc8\x12\xea\x0f\
V\xf6\xf7\x19\xf3\x9d\x9a\x92\xf1Ot\xff\x9eBg\xc8\
\xdc\xf4\xf4\xfe4W\x00\xf5=\xea\x82\xf6W\xd2\x83.\
\x01\x01\x80\xa9}\x99\x16\x88\xb2\xd1\xfd\x97\xaf\x9d<\xf8\
\xee\xc7 \x10kn\xa2\x9b\xf2\xc1\xe5<*\x11Y\xee\
\xa5X\xddH\xe3\x07\xfd\xaf\xe6\xc2\x14\x8b\x88\xf7\x1d\xb2\
8axW\xd1\xdf(<\x9b\x01(\xac\xe52\xe0<\
\xc8h\xe6\x0c\x17\x80\x0e\xbb\x7f\x223\xb9\x08\xfc\x00\xff\
G\xde\x0f\x13\x9ah\xfda\x02\x14\xe0{\x8b\xde\xff\x04\
\xf19\x14\xbf_4\xc0\x13\xca\xff\xb7\xcf\xdc8\x7fr\
\xd1E\xd4}\x9d\xae|\x18E\x01tnB\xb0\xc6\x8b\
h\x99\xe9\xd1\xd5\xa0\xb2\xe9\xf5\xa1\xfd3N\xbc \x08\
D\xa3\xe3+\x02v\xd1\x11T\x09P\xe0\xf8\x03\xd7\x09\
\x94\x88\x10J\xc3 D\x91K\xfdO\xc1\xc3\x1d\xa0\xbd\
\x88B\x08\xdcs\xf1\xea\xd8\xe5\x99=\x0f\x11\x03\xdd\x07\
\x80\x88\xe91\xd8k\xbcp\xa6\x81\x05\xd0\xd56z=\
0\xab\xf8\xa4\x89\x01\x0d\x92\xcc\x87\xb6\xb5\x8d\xb7\xb4\xcf\
\xae\xad\xdb(\x17\xe8\xf9\xcc\x090\xf3N\xbe8\xc7\xf7\
/\x8f^P*`\xe7\x08%\xbdH\xed\xc8\xe6\xa7\x0b\
8}jnn\x7f\x1f \xff\xf4>\x81`*\xfe\xb9\
\xf4\xcb\xf44W\x04\x90C\x80\x05\xfbH&\xa0P|\
\xfan\xb9w\xf2\xc6\x83\xf7\xfe\xf2\x8d7\xde}\xe3\xdd\
w\x7f\xef\xbb\xef=x\xb0\x9c6\x80\x88\xd3o\xd2\xe0\
\x93\xbe\xdfT+\x02Sl\x8a\xbd\x1e\x16A'\xa7\x99\
\xf9\xdd\x8f\xae\xdc\xb9\xf2\xfa\xc6Z\x06\x5cQ\x8c\x08@\
\xf4\x99+\x81\xe3\x0d\x8e\x9f`\xff'y\xa9\xfe[^\
\x00\xfa{y\x16\xfd\x9c\xb7%\xe5{i\xe7R\xa5\x82\
\x12/l\x7f\xe8\xfd\x1bB\xaeE\xf2\x9d\x1b\x87g\xf6\
R\xfe\xad\xf3\x97n\xcf.\x9be\xealzk\xb5\x90\
\xde\xbbG'\xbe\x06t&\x94\x05\x90z\xe2\xe2\x0d\x00\
\x92\xf1\xe28\x08\xbc\x80\xfe\x1b\x17\x02\x84\xe9q\xa1 \
\x0e\x0c\x02\xf8\xf4\x104\x8f\x88\x96\x1d\xdf&o\x00G\
\x11\xae\x00v\xba\xc7\xb8!\xf6\xbc\xc0u\x13\x00\x041\
\x96\x94\xa7\xc2\x01\xba\x9f\xb8H\x80\x84a\x1ct\x1a\x8d\
3X\x00\x8d\xfe\x02gF\xc2\xc0\x83\x09\x10e\xb5\xc8\
\xb2!\x0b\xb0\xf8\xeak\xda\xbdw_\xd5z\xbe\xd3\x13\
\x1e9\xd6\x0c\xb0f\xbc\xe0\xf7|k\xe7L\xa3\xc1\x93\
4zO\xb3\xd4\x8b\xc2\x97\x1e?8~\x10\xf1\xfe\xca\
\x0a&:\xd0\x17\x98\xdb\x97z\xa0\xb9I\x0d 9\xc5\
\xa7\x08\x08LO?\x0do\xe1n\xd9\xd2K\x9d\xe2\xc9\
\xe5\xdb\xb7\xdex\xf0\xe0\xc1\x83\xdb\x97o\xe7\xf3V\x11\
\xfe\x9c\xa6\xf9\x1a\xbbz:\xc2\xee\xa9\xd9\xa0z\xb0\xc6\
\x1d$\xfd9\xf5\x06\xed\xe1z\xce\xb4\xad\xfc\x8b\xef\xcf\
\xffN\xeb\xd3Wg\xcc\x0cX\xbduS\xcb\xadR\xff\
\xe7r*\xe9Sb\x9f\x1fW\x01\x88<Q\xf41\x9c\
\x9d\xad\xdc\x16F/\xb2q3\xf2\xbb%:\xff\xfc\x0d\
\xb0\xec\xeda\x15 \xd7\x07\xb4\xe7\xc6\x8d['\xd7\xca\
\x0a\x9b\x09\xe9w\xc3\x8f\x0f\x82 \x8ccQ\xc8\xb2o\
\xe9\xffAa\xc3\xad\x0fk\x8f0\x17\x00\xa1\x9b\x0b\x13\
\x1d\xba\x1eTz\x0c\xcb\xedB\xe2\x81K!\xc7\x1e\xd0\
\xde0\x80\xcf\xe7\xb9U\x18\x08\xcf\x0d\xb8\xdb\x93(I\
\xa8\x22\x00\xfd\xe0u\x9e|\x89\x037\x08\x83v\xdb\x8d\
\xc3\x80\xfed \xef\xc9\xa7S\xeb\xc0\xfbK\x02\xac\x84\
\xc1^_D\xd7?\xec\x80\x04\xc8V\x05_\x85B\x81\
l@(\x0a\xb6\xb4\xc1\xfb\xda\x07\x1f\x1f\xe4zH\x00\
\xc9\x0c\x01\x0a\xdf\x87\xf4\xf1ea\x0fn\x00\xfe\x1fE\
\x94\xae\x94\xfb`\xd0\xc74s\xbf\xa7\x9e\x9a\xdaW\x87\
\xda\xff\xdc\xf0\xec\xfd%&pZ\x1a\x83\xd0\xec\x7fj\
nen\xe5\xfa\xcd\x0e<4\x93\x83Yf89\x1d\
y<\x94\xa5h\x0cK-\xf1B\xd0\xb6\x08|\x0a#\
\xed,\xf4\xb0:\xa8\x104\x16sh\x173\x1d\xad\xf3\
\xea\xc2;\x0f\xde\xd2\x9e\xbd\x809\xc8\xba\x0en\x0f\x13\
\xb5\xbeH\xfa0\xf6\x97^/!s]\xe6|U\x8c\
\xdc\xe3x\x0d\x05\xfbHE\xef\x13\x075\xc0\xe1\xce\xa5\
s\x97K'\xe3\xde`pq\x1b\xf0\xbaDv\x01\x1d\
9\xc4oA\x10\xb6\xab\xd5$`\xf4\x06\x87\x9f\xe1|\
\x0d\xfb\x19\x96;I\xbc0\xaa\xc5\x0c\xda\x95/\x0f\xab\
\x1f2\x84\x83\xae\xa7e\x87\xea\x87\x9c\xe0\x0f0\xb0\xa3\
\xa9\xf7\xdc4HH\x15B\x04sO\xff\x80\xa6 \xa0\
C\xa0|\x01 B\x82\x0cD5\x00\xc6a\x9c\x5c\x87\
S\x1a\x86q\x90\x5c_n(\xed\xbd7\x0bz\x8c^\
Z\xf5\x0b{OV\xf0\x9e]\xb0\xd7\x1f<\xd46?\
\x0d5\x8b\x5cj\x9c\x1c\x0e\x0c\xce\x01=\x04\xc2q\x7f\
\xbc\xd3\xdfk\x88\x12\x98\xb9+\xe6\x9dma\xd3\xac\xff\
d\xe8\x0f\xfd\x0f;\x80\xa2\x10\xa0\x01\xe4\x00\x03\x838\
\xdd\x84ii\xf6\x03$\xfc\xf4\xdc\xca\xddj\x0fm\xf9\
\x98\xd4*)i\x0b\x95\xdf\xba\x99\x92\x130\xe2\x1f\x8f\
Q\xa2\x0a5e\xdaf\xce\xb4\x8b\x1d[\x9a\xff\xc0_\
a2&\xd05\x90\x18\x8c_*\x16{\xbdN~f\
\xe3\xd5\x9b7\x0d\xdd\x14I\x97$\xdfC\xfc\xef\xf2\xf2\
\x09\xff\x11\xf9\x91aZ\x10?\x0a~/=\x89\xfbP\
\xfd#\xdbw\xe9\x5cgP\x8eR#\x8f\xce\x0d\xaas\
\x17w:\xa0\x89\xa5\x07\x1f\xb8\xd5 \x11\x8d\x9e$5\
OYr\x8f\x1b\x9c\x80-#s\xac\x08\x1aq\x9az\
\xd7\xc3\x0e\xe7\x8a\x80\x9c!\xe5j\xb5*\xfa\x1bB$\
\xd6/`\xbf8\x8dL\xff\xc8\x9fi\xf6\x83\xd0\x0b\x03\
\xb5V\xb8\x00\xb8\x10bB\x88\x5c1Q\x22N\x05 \
\x87\xeb\xber\xe0\xfb\xfdn\x1e4\xa1\x96#\x95\xa0\x18\
\x0f(\xd4i\x98\x1b\xb1{\xff\x03\xed\xca\xbd\x8b\xeb\xbd\
\x9e\x8c\x17\xa7n\xe0Z\xb1\x0bd\x8a\xf0\x97\xb7\xfa\x8d\
>\xd7R\xff\xe6\xca\xdd\xfd)\xc1\xfcNOO\x93\xc8\
eJ\xe4?\x05\xa7O\xc6D\x02\x14Dp\xa00a\
\xfa}\x9c\x1925\xb7r\xbdlq\xf0N&\x97\xb1\
\xf5\x9c\x86.$\x9b9}\x04\x1d\xfa\x98\xf4\xcfZ\xc7\
.\x95t\xe6\x05\xe4@tg\x0a+t&\x97s\x10\
\x01\x90\xea\xd9p\xc6E\x10YX\xe3\xde\xc5?j6\
\x9b\x0f^\xcd\x9b\xcb\x80\x7f\xc0\xf0R\xcaO\xd0\x1f\xd0\
\xbb,\xcbH\xcd!2?\xc3!3~\x08\xfc\xea\x8c\
\xf7n\x1c\x1e\x9eg\xa3\xcf\xad\x93\xf5\xddj5\x0ec\
\x02\xea\xb8\x97\x9e\xa4W\xa3\x88\x00\x0bu\x80\xec\xc0\xc8\
\x9b\xe8t%\xac0\x84\x09\x08\x94\x9e\x0fE\xd7\xbb\x1e\
=\x06\xb8jA@q\x01\x03\x8e\x90\xd4\xf1B*\x05\
>\x91\x16 \xa8\x06\x81(\x0d\xa5\x0c(y1\x1a\x10\
<\x1f\xe4\x89x\xa68 \x9e\xc8#\x14\x5c0R\xd1\
&\x96im\xb7~F\xad\x80\xd1\x02\x1c\xfa\x1e\x98_\
\x1c\xcc\x04/8j\x84,\xdaBv?\xcdj\x9b\x1f\
\xbes\xc0\x05\x00\xae\x18\xf1\x00\xd8\x22\x88`\xa0\xe0\x98\
\x95\xbdF\xbfq\x06\xab\xe0\xb0J/O\xeaBNs\
\x15\xa0\x9a\x83\xb4`\xd3S\xaa8\x94lR\xd3\xd3\x92\
\x008\xc5)3\xa7N\x9d\xbezu\xeah{\xdd\xb6\
\xcd\x9c\xa3wJ\x98\xbe\x8a\x99\xb5D~\x1d\x01\xfb\x8b\
\x92\xeb%\x9e\x9f\xcf\x83\x14@U)\xf8\x0e\x0aAP\
\xff\x0d\x8e\x98E\x9d\xe1>j\xbf@\x06\x86\xc1\x81z\
\xe1\xda\x95l6\xfb\xe0Yl\xfd\x92\xc2\xff\xc9\xe3\xae\
fh\x93\xca\xf5\xf2e\xb4\xf7B\x09\x5c\x1a\xa2\xb1\x17\
\xae\xff\xad[\xe7\xcf\xdf\xbau\xfb\xa5A\xb9\xec\xba\xb5\
Z\xed\x8894xoq\x10\xd7<Oaq\x09\x94\
k@/\x8f\x0e\xbb\x1b@\x07\x04!\xa1\x17xt\xf4\
\xeb VW\xecu$\xbey\xe4\xb9\xf0\x17\x93\x04+\
\x02b\xe4\x8b\x10)\x10\x0e\xa8\x89\xb8\x03n\xde \x88\
\xdc\xc0\x0b\x83j \x0e\x01T\x83[\xad\x22\xe4\x83\x8f\
H\xc9\x0b<\xe0*(\x10.?\xd6h\x88\xb0/\x8a\
\x10v\xc6\x00\x0b\x90\x14H\xae\x07\xb3i\x00\xdf\xaf\xe4\
\x0a\x98\x00\x00\x80\xcdB\xce\x0f\x94\xc0\x904*C\x06\
\xd7\xeee\xb5\xcd\xec\xf7\xbf\x89v1\xa7 !\xa0\x10\
G\xb3\xf0\x06\xe3\xa4\xf3;\xfd~\xa3\xbf\xd7\xe8\x9fi\
T\xae\xa3\xe6_X>Q\xcb\xcf\xc1\xe0S\x141\xe7\
\x08\xa9\x05p\xfa\x94\xa2\x0c\x87\x92\xb8\xfa\xcc\xd5\xd3S\
sw\x1f\xed\x02\xe9\x05\x5cg\x96\x84\xa5\x19\xe9\x07\xa0\
S\x86\xcd\xd4~\x11\xa5\xa0\x06\xdb\xf9\xf3\xf9|N\xd3\
\xc1b\xcc\x89\xe6=^\x98f\xeac\x94\x03\xd2_\x00\
\xfc\xb3\xe8\x90,dQ\xeb\x94\xb4\xddjyP\xc0@\
\xb7\xb4\xc5\x1b\xa1\xff\x82\x0c\xd1^f\xdd\x0fg\xe9\xce\
\xce\xce\xd2\xf3g\xfc\x7f\xb9\xd3[\x1f\x94k!\x81S\
/\x12(\x9d\xca\x94\xd2\xc5\xa8_q\xe6\x93\x1a\x01\x1a\
\x8f\x8f\xc7\x94\x06v:\x9d5\xc9\xd4F\xe2\xbe\x8b<\
]\xe5\xeaSM0\xcaw\x83\x98K\x04\x92\x84\xd9\xf7\
\xd4K\xb8\x96(\xce\x00sD\xdc0\xa8\xca\xd1\xaeV\
\xdb\x81\xd7n\xb7\xf1-\xa2&a\xbc\xe0\xa5\xfa\x01+\
&M\x06D\xf2\x05\xfeH\x9c\xc05\x05\xc2\x18\x98\xe2\
\xb85\x1a\xfd\xade$N8\x05\x86v\x96\xd2\x85\x8f\
\xe5\xf7\x9c\x0b\xed\xd7\xb2\xf3\xdaq\xeb\xe1\xdb\xbb\xa5\xa2\
L\x8e\xe5\x90q\xdf\xe1\x88QD\x85\x85Ba\xa1\xde\
\xef+Op\xe9\xfa\x8a\xa4~\xa7O\x89\xd77\xc5!\
\xd1_9\xfd\x0cI\xfd$D`M\xd8\xd4>\x87\x8a\
\xc2:L\xed\x1fU\xd7u\xf4e\x93\xe8\x0dS\xfd\x8c\
\x0b9\xe1$\x80Wb\x9aiI\x07\xc0\x1f\xb8\x82\xcc\
\x0b\xea\x8e\x83\xd2\x00\x83&\xc9wl]\xc6\x03\xa2\xf2\
\x13m\xdf\x98\xe6N:p\xb3x2>\xe9\x9ct\xc0\
\xef%D\x0f u\xc3$v\xcc\xebB\xdc'L\xde\
 \xed\xbfM~\xf6\xdb\xe7\x96\xadA9$@\x17\xa6\
Y\x15\x11u\x1c\xc4\xf4\xf8\x83\x14\xa8\x89`\x00\xa8{\
)\x00ln\x91\x84\x87\x0d/\x06=]\x04j\x7f\xc6\
\xb1\x9bB\x02\xb0\xf6A\x10J|\x80'\xd3\xfb\x8bD\
l\xb0\xf0\x01\x03\x02/\xa8V\xbd\xed\xedm\xee\xfc\xaa\
\x1b`\xeboG\x9e\xb8\x84\x81\xb2\x098h\x96<\xcf\
M\x83I\xd8\x12\x22\xc1\x84\x81\x13*\x16\xb8\xa4\x81\xde\
\x97\x05\xd0\x87\xfc\xc9\xff\xe5X\x98\x09\xe0\xa7\xf1 \x9a\
\x047\xec\xf5k\xf7\xb2\xc7\x7f\xbf\x006?\xda\xd6-\
[\xc8\xe2\x99\x22D\x8d\xb8\xd5\x03\xa3T\xc1w\xb4\x85\
z\xffL\x9f\x8b\xe0\xcc\xce\xd1WP\x0dzje\x7f\
E\xdc~f\x07\xa70\x11\xfc\xd4\x1c\xca\x81\xa6$'\
\x8c<14\xc3\xd4\xf4\xca\x91;\xb0sf\x8eM\xfb\
9\xbb\x83@-\x93\xc9\xd9\x100\xbaU|\x1b.=\
\xdd;\xb6t\x1az\x11\x05\x1f\x9c\x0b@\xeb\xc0>\x86\
\xa2\xaa\x16\xb0\xb5\x8e\xe9\xa8q\x17\xf0\x1e8\xd7S\x07\
\xab\x9f\xd4\xfc\xcd\xa0\xdbS\x00\x80\xcb\xac\xfa\x9bUv\
\xe0\xe4\xf2\xc9I\xa9\xd49\xe9\xf4\xae],\xbb\x00\xd0\
\xb0\x9d\xe1\x96\x89\xa7\xcd\xef\x84j\x936\xf6`\x9c@\
\x15\xd7\xa8\x9d\x11\xc3\x074\xc5\xdc\xacJ\x06\xca\xae\xbb\
\x22\x7fw\xa2\x9e\x9ft\xe2\xe8\x00\xa6\x19<:\xf4\x02\
\xe4\x01\xd8\xf3Dg\xa8p\x10\xe7*\x97\xa9\xf4\xab\x01\
BB\xda\x0c\xae\x01\xa5\xf3=\x86\x06\xdb\x84\x81\x99\x14\
\x92\x15\xc2\x00Di\x14\xda\xaa0\x8c\x02{\xef\x85\xfe\
\x993{\xfd~\x7f\xb4\xe0#\x9e\xa3\xcf\xcfF0\x8b\
\x95` O\xb6\xfd\xce\xd1\xebW\xe6\xb1\x00\xb2?\xfa\
\xee`\xec8\xd27P\xe8\xf58\x5c\x0c#D\x88\x09\
\xfa\xfa\xec\x16\xac\x00\xfe\xeb\x9f;\x02\xe8\xbf/\x19>\
8\x03\x82\x070!\x84\xbc\x00!?)\x1e?5\x0d\
\xe9\xafwtt\xe8hz\xc9\xb6\xc0\xd3\xaa\xd9\xe3\xc5\
\xd5\x0ch\x99\xd1\x80J\xe2g\x1f\xe5\x5c\x9am\x8eQ\
\xf7\xdf\xc1\x10\x17\xf1\xfa\x1d\xb0\xb9\x22S\x85\xb6\xa5b\
Q\x07\xe5\x0b\x92T\x18\x16n\xc1p8\x1a\x00\xa1\x5c\
i\x15%\x1f\xa9\xf6/\x81\xf6\x85\xbfar\xfb\xed\xdb\
\x10\xfdI\xcf\xf3\x1e\x1d\xd5\x14\x88'\xda\x1b\x14mn\
;\xe1&\x82\x9b\x07\x9f\x0cQx\x1c'\xed\x80\xd6W\
|\xbe\x00[=T\xfb\xb4\xda\x866nW]\x8c\x81\
U\xa99\xa2\xbc\xb2-\xa9\xe2\x09\xf7\xb3\x8c\x83\x9e\xba\
2\xdd\x818\x09^\x10\x87n\x1c\xe0\x9f\xc7\xf5\xc3o\
T(U\xb7\x5c\xadV\xcb\xd5\x90\xee\xa1\x88]\x94<\
\x14\x03\xeb\x03\xc4\xc6\xa4\x7f\xc1\x07\xf0\xb8H%+\x94\
\x84\x1e\xd2\x11aP\xea\xf7\xfb{\xfd\xbd\xbd~\x7f\xb4\
d\xfb\xeb\x10\xa8e\x158\x10\x02\xce\x1fh\xb4Y\x10\
r\xf1\xdd\x1fe[M\x0d\xd3/_\xbb\xd8c\x89`\
\x81\xd3\xc5\x00\x0c\x83/\xa2\x87q\xb3\x96\xefkgG\
}z\x82{\xfd\xc6\xb9\x10\xd5 @|T\xd3'\x04\
?'IAV\x81@\xe7#5tj\xe5n\xd9\xcf\
\xcd\xcc\xac\xe6VW\x91\xbb\xe3l\xc2\x8c\xa9g\xb4\xa2\
}\xed\xdd\xdf:9\x19X=IH\x149\xa9\x01\x1c\
\x9e\x9a\x98}d\x02l]s\xd0\x04\x04*k\x80\x92\
6\xd6\x8f\x09\xf2\x87\x0e\x8a\xc7\x90)\xea\x94\xcc\xcc\xea\
j\xaed\xae\x82\xf1kb\xfe\xd5T\x97\xe5\xce\xfa`\
\x80\xc2\x9b2o\xfe\x91\xaa\x99x\x14\xc5\xa1\x07\xf9\xe2\
\xa8\xb6\xdbm\xd9\xc4\xb50\x12I\x09jW\xc5\xfe\x8b\
\x13\xc2w\x08\xc1C\x8fK\xc0\x85Q\xc6\xcb\xb0\x10\x02\
\x9e\xe6\xf1\x06U\xf1\x9a\xda\xac\x08\xe6]/h\x87r\
\xd6\x981]\x0c\xe7A)uq\xe8\x03q\x01\x5co\
\xdb\xadV\xcbX\x01!\xe4\xca\xaa\x8fP\x0cH\xe8y\
U\xb7\x1a\x84\xdb\xaeB\x12e\x01\xb8j\x01\x84\xdc\xf8\
\x04\x83b\x00\x12G\xe5e\xec\xd4~\x03\xf2\x1ff|\
FJ\xaa\x13\xb0\xe0\x140\x0c\xc0\xb6\xecEM\xb7\x8a\
\x8f>\xdd\x9co\x1dk\xc7\xcdV\xf6\xce\xeb\xdf\x5cv\
\x84*\x90\xc4\xd1\x1c/T\xe0\x03\x80\x8f\xcc\xe1HL\
@\xa3\x7ff\xe7\xe2]\xc1\xf8\xa7\xa4@X\x8a\xbf\x01\
\xf8\xb2\x03\x04\xde\xdf\xdc\xca\xfe]\x0f\xa3\xfbr3\xf9\
\xd5\xd5U\xd3\x00`\x8f\x11\xde\x98\xbe\xaegV\x7f\xf3\
\xb5f\xb3\xf9\xc9u\x0c1\xb6\x8aE\xbd\x08\x92\x22\xcd\
\xf7m\xa4x;\xb6i\x00\xfe\x13:\x03Z-\x90D\
\xe8=K\xeb\xe8\xa5\x92Y\xd21\xe9\xb5\x84D\x11\x87\
:\x83\xe6+_B\xcdW\x89;?\xdf\x01\x82\x03\xd1\
\xc3b\x06I-H\xe8\xcc\xd5\x94\x9b\x17\x85q[\x89\
=H\xbc\x00\xe5S\x0ap\x09\xe8\xb5a\x0b{.\xea\
m \xd3v\xe0\x86\x81\xdaqb\xe6UH&`\x8c\
\x0a\x08\xd3\xdf\xf0w\x84\xeb\x11q;.\xa4j\x1a\xc6\
C\xd9\x03B\xa2\xf6\x96\xf4\x0e\x97A(\xbe\xddv\xb9\
\xeaB\x03\x84U/rC/\x08\xb7\xb7]w\xdb\xf5\
\xca\x5c\x81\xf8\x0b\x1eR\xe7\x0d\x09\x0c\x06\x12\x22\x86\xb5\
\xd4\x0b\x84\xea\x08j\xe5\xcb}Y\x00\xfd\xfe\xd6\xac\x89\
)\xeb\xeb\xb0\x02`~\xb5m\xbfW4m'\xb3\x98\
1\xed\xa2\x19\xdc\xffQ\xb3%\x0b`\xb3\xf5\xc9\xbb~\
\x86\x19!\xb6\x0e\x00$\x22_\x88\x05\xfc\x15\x90\xe1l\
}\xafAb\xda3\xfd\xd1\xfa\xdd\xb9S+s\xd3\xa7\
\xbe27u\x0a\xcd\x9ds\xa8\x11G\xeb\xff>\xd0\xa1\
\xfd\xe9\xfd\xa3\xed\x81o\x9a\x16\xb1\xdd\x5cF\xcb!\x8d\
\xdf\xc1\x00w\x1d5\x9b\xbd\xd5\x83\xfb\xad\xcd\xf9\x1fG\
P6\x08M\x8b\xf4\x0fd\xdc;\xe1_\xb4,\x80\xa3\
\x00n\xbe9\xee\xf9\xcc\x07\x99\x1d\xadS\xea\xe8:P\
\x02\xbd\xd31Q\xce\x90)\x95ry\xbd\x83aA\xcb\
\xa5R\xa7\xd4\xc9\x97\xfc\x81\x1b\x1d\x1d\x85T\xc0Q\x8d\
\xca\x91yt\x0fu\xb6\x8c\xda\x02.\x800\xf6\xb0\xfb\
\x10\xad\xd3A\x0f#w\xb2\x85\x09\xb8\x09D[E\x1c\
\x06\x15\xeczqB\x13=\xd9\x81\x8f\xcd>\xfc|\x89\
\xcf\x95\xcef\x1a\x07\x01]\xb5\xeaF\x12\xcb\xcb\xa6\x97\
\xf0\x8e\xbb>\x0e(E\xa8\x9am/\xdc\xf6T\x04@\
S\x0f\x80\xd8\xdbv]\x0f\xabX\x9e\x05Qs\x1d\xb9\
\xca\x91\x14\xc0!ViG\x16\x10\xd6\xa20\xe8\xd5\xa1\
\xfa\xcf\xf4\xfb\x8d\xd1\xd6P\xf3\x0b=L\xd8\xe9\xf58\
)\xdc\xb2\xc7`K\x05\xb9\xbai\x9b\xbdo|\x96\xc5\
\xe0c\xad\xd9<\xdele\xdf\xbf\xb6n\xc9X\xd1u\
\xce\x16-\xd0Y\xb4e#:\xbe\xb3\x5c\x1fqa\xf5\
\xfb{{3\xc9\xca\xdc\x14\xc1\xfd\xb9\xa9\xab\xa7\x9f\x9a\
c\xcd\xd7i\xcc\x8b\x9e^\xb9\xfb\xa8<\xe8\x8dY\xd7\
\xd1#\xbf\x8b\x0ei\x99x\xd3LF\x03lk9\xf6\
\xab\xbf\xd9\xae\x95\xfd\x9e\x03\xe6r\xbf\xd7\x03\xe9\xb7\x8c\
\xb2Q\xa3\xe0\x0b\x05\xdb\xd7MG33\x98\xe8\x80b\
?$\x86\xc0\xe9\xaa\xeb\x1d\xd6\x7fg\x16s9\x0d\xc6\
e5\x8f\xa5\x83\xda\x80^\x0fq\x1dsl\xb5Z\x8d\
J\x11!\xbc\x94i\xd0NR\x0f\x84AR\xad\xc6A\
U0\xf6@\x82\xac2T\x9b\x00\x00\x1e\x8eIDA\
T2\xd6]\xa4\x82\xa4RG\x10\x06\xcd[\xad\xbam\
\xb0\xfa\xba\xedvL\x1f\xfdI\xd1\xd3\xfe#\xe9\xcfR\
Mq\xea\xdc6\x81c\xec\xe2\xb0\xecI\xb0\xc0\xd7\x84\
\xa1,$\xd1\x14\x9e\xbc?~\xa0\xef_\xf6\xd4\x12\x08\
\xe9\x9f\x86AX\xadn{\x9e\x1b\xa6\xba\x05\xe1\x01W\
\x03\xa2\x8c\x10\xdf$\x1aI\x00={\xcc<\xd5\xe2$\
\x8f\x81\x11\x22\xa6\xfa\x1a*\xbfX\x0e\xce\x1a@\xdf\x11\
dE\xef\xe4ltR\x0f\xfe\xe2J\xab\xd5\xca6\xb5\
f\xb3\x99\xdd\xcc~\xe7\xa3\xc8\x19\xf7|\x96c\xa1\x1a\
\xa7`\xd1r\xa0\x99\xc0\x82WP\x98\xe9\x8e\xfar\x8c\
\xf6\xea\x07w\x11\xf5\x83\xfe\xed\x14\x9b~\xa6\xe8\xf0\xdf\
\xad\x95\xd7-\xbd3\x06='*P\x80?a+\x03\
\xbbA%\xcf\xe2\xa2a\x19\xe4(\xea\xad\xa3<\x99\xa3\
\x0bh\x05t\x1dU\xe9f\x07\xa8>)\xcc0\xc1\xa5\
\xc3\xae\xaf\x0e\xc7\x03\x9a9\x8d\x18b&W\xd23`\
\x8fE\xf6\x07\xb3\xbet\xab\xc7\xc6\x89\x1a\xaa3j@\
g\x22\x14\xd5\xc51\xaa$XY\xcb-\x89%Qc\
\xbc\x8e\xd4N\xbb\x1a\x12\xac\x0bC$f\x08\xd3\x8a\xeb\
\xc65\x11C?\xb4\xdb\xd54,\x87\xf8\x01\xd3)\x04\
^,t\xea\xef\x87\x12\xcd\xa5b\xf6B/\xa8n\xa3\
\x87\xc3\xab\x06\xd5v\xd5MW@\x04\x0c\x10R\xf4T\
V\xc7K#\x87\xd0+\xab\xb7q\xe5\xef\xdbx\xbd\x07\
\xed\xef\x95\xab\xae\xf7\xf8*pA.\x15\xbd\x18\x18\x5c\
\xcd\xe3\x90\xe3\xa8\x16\xdf\xec6\xfat\xfe\xfa{\xa3\xee\
\x0c'#\xd1\xcf\x96\xbd\x9c2@\xca\xc0\xd5\xed\xfbw\
\xb2\x98\xe6s\xac5\xb3\x9b\xcdl+\xfb\xe1k\xbb\xbd\
^\xd1\xa7gf\xc1u@\xb9\x051c\xdb&\x99t\
\xa92\xa2s\xd9\x87w1[\x83\xdb75\xc7a\x80\
\xb0\xfawk\xe5A\x0fI9]\xe1\xfah\xdd\xb3\x8a\
E\xcb\xd7\x1c\x90\xf4\x92\xa6\x1b\x8d;\x10\xb7/\xa7E\
q\x22aJ<W\xd7\xcd\x0e\xd8\xc0\xd2\xea`\x88=\
\x83B\x7fE\x03GqC\x05\xb0n\xc9\xf7\xe9\xe1I\
X\xa6\xee\x81'\x98;\x02\xe1t\x97\x06\xb5Z\xe2\xa5\
\x88\xc9$\xde\x0fi\xaa\x03\xe4eBO%T!\x09\
\x86k\x84j\x22e\x0d\xe4\xc6S5oc\x9f\xb9\xa9\
>\x87\xa8\x09\x13>\x86\x00\xf8\x06X'\xe16\x0d\xf8\
\xb6\xe7\x82\xf3\xc3\x0b\x95\x11P&!\x85x\xb9\x8eB\
\x89\x0a\xe1\xfd\xb9\xf2l\xber\x1bb\x87\xeb\xb9\x8du\
\xe0\x86\xde\xe3\xeb\xa8b!BC\x08p\xac*\xc6\x99\
\xa6t\xb5Q\x7f\x8f\xc1\xdf\xde\xdea%\x8f\x16*\xf8\
{\x8e\x9a\x06\x01\xe0\x1d\x0dA\x9a\xa1\x8d\xed\x99\xdd\xcf\
\xef\xb4\x9a\xad\xe61p\x80\xe3l6\x9bme?\xb8\
_6{\xa2\x01z\xf0\x05T\x81(\xab\x89\x857l\
\xa1N\xed\xb2\xc7\x7f'G+\xe4\x81\x07\xfd\xffQ\xb4\
{\xb3\x88*|\xcc\xe9\xa6\xbcLM\x83\xfcQ\xb6\xe1\
h\x9cP\x01\x05\x90S%\xbe@}\xd0\xed\x83\xfac\
\xbf\xa8\x0e\xb0|;\xb6\xf4}\x08\xe7\x87m\xe7\x908\
\xb4\x1dC\xb7\xf4\xf1\xb8\xd8\xb1|\xff&\x1c\xfbj5\
`\x0e\x04A\x15\x90\xd6\xa8\x16\x10\x9b\x97\xf0.|\x8c\
\x9c\xa8\xca\xaap\xb2O\x98h\x17\x01\xe2N\xe2v\xa6\
q\x9a\x82\xda<\x05\xb6@\xfdr\xcb\x89%\xc0\x1bP\
9\x8b\xf3N\x10V\xfd*\xd8~\x0a\xcfH\xe5\x86\xd8\
\x91j\xb9\xec\x02*f\x1d7AD/T\xcfs#\
Wp}Y\xc3\xa1\xb7\xed\xd2\xe0\x07l\x01\xdb\xdef\
\xe2h\x9b\x97\x19\xd2\x00\x84\xaaVPA\xc3*\xe7\x83\
\xe2\x1f\x94\x91Da\xb0^\x7f\xe1\x8c(\xe8\xbd\xc3\xfa\
e\x13V\xbc`\x18\x08\xe9\x85\xfd\xbb\xe0\xdb\x9aod\
2\x19\xa3\xe7\x9b\xed\xcf?\xcc\xce7[\xad\x16\xc2@\
LA\xcff[\xad+\xf7\x0f\xf2\x8e\xaf\x0bZ\xc4\xfd\
/m\xc2\xf0\xd4\xa0\x03\x0a\xce\xdap4\xea+\x1b3\
\x1a\x0dVP\x04V\xab\x0ez>GQ[\xe9L.\
\xa4vQ\xca\xcf\xaam\x94y\xb0\x00\xc1\xb7\xc5\xc9\xb3\
\xa5\xd0\xdf\x803\xb2\x08\xc2Z\xa8(\xb8(\xa6\xa2x\
\xc5rc\xf2/\x93\x07x\xc89V\xce:\x83:Q\
|\x12\xf4 \x92W\x09\x91 \x90\x1c\x1dJ\xe4x\x13\
!\xd1Z$\xee\x1d\xeeq(\x08.b2\xc0?1\
[l\x02\x95\x8d#\x96\xe3\xa6iV\xa0\xf1\xca\xcb\x87\
i\xe0\x0a\x80\xf8a\xa7\xb15\xc3\xc7N\x1d\x0f\x06r\
I\xc0\x9f\xc40\xa8\xbc`\x1cb\xd3\xaa8\x9f\x10\xa1\
$\x0ap\xf9\x01\x9f#\xd6 \x94\x14\x9f\xb2#\x92\xee\
\xc3F\x17\xf5\x102k\xac|\x03/\x22\xc2\x18\xb0\xf4\
D\xe1\x89,\x1f\xaf\x85\x83\x8al\xce\xbd\xd1\xde\xa8^\
\x99\xd1\x01\xffHn\xbf\x07\xef\x7fc\xc3\x8741s\
\xd9.8\xda\xc1[\x0f\xb3\xad,\x0f,\x80\xcd\xe3\xd6\
\xdf\x1b\x81\xe3\xd6\x07o\x1e\xe4X9\xc0\xbe!\xb6\x89\
;>%o\xcb\x9cF[\x9f\xed\x8eF\xd0\x00\xa3\xd1\
\xe8\xf0\xb0r\xb3\xbdnu\xc6=\xe8\x19\xbf\x87fm\
\xcd\xf1-\xdd\xa1\x88\x0d\xd5\xc6\x87\x0a$\x84\xf7\xbe\xa5\
\x1b\x8a\xbd\x15\xfe\xbd\xa1a\x00\x80nH\x078\x14\x0e\
\x0b\xfbM\x94\xfc\xd9\xc2\x0e\xd6a\xab\x97n\xad\xaf\xef\
\xee\x06\xcc\x96\x86\xa2\xee\xa1\xb5\xd9\xfc\x22\xc2\xe77\xd9\
\x18\xe2\x93\xc3~\x03\xa9\xa1<xo\xa9\xd2\x99\xb4\x0d\
EaC\x02.\xfc.\x91\xbchf\xe5\xa4I6&\
\x0d\xee\xf1`\xe8V\xcb^\xb9\x0amL\x0d\x80\x08\xd2\
\xab\x12/\xf2\x94:\xc1\xf9\xc4\x8b\x97\xacp\x00\x14A\
N'A=k\xfc\x22\xc1\x8d\x08>zt\xf4\x82p\
\xfb't\x16V\xc1v\xb9\x1d0\xed\xe8m\x87\x12L\
VA*/\xa0\xa2\xe4\xaa<\x854\x87qttt\
t}\xf7\xf2\xdeH6\xe6\xdeh\xab\xbb\x96\xa1\xf7\xe7\
\xcb\xb0eV{\xc1\xa4c\x87bT\xbc\xad\x1d\xdd\xbf\
\x93\xca?\x9b\xc5\x02\xd8\xc4\x02h5\xb3w~8X\
\x1e[E\x8b\xd3\xe3\x0a\x98\x22l\x15-\x99+\x8d\x01\
Sh.\xc9W\xea\xa3\xd1\xde\x08\x1a`\xefp\xb4\xb5\
\xb4\xb6j#=\xc3y\xeec\xd0raT\x8f\xc9\x0c\
/\x93|:\x89\xdc\x1c\x82O\xe0n\x95\xd6N\xf8\xfb\
\x12\xc6\xe72\x98\x00\x87\x5c\x0fB\x7f\x8d\xd9\xe1R\xc7\
^\xcci\x88\xf9\x9d\xf5\x9b\x08\xe8#\xb5G]n\x81\
\xd4\xeeq\xd7y)8\x22\x11\x9d[\x9d8T0\x95\
L\xe2R\xb7W9\xa3\x89\xb1Y\xc4H\xdc\x8b\x81\x04\
\xb6\x05sK\xd5\x80\xd8h6\xe3*\x81p\xac\x07@\
\x9amO\xe5\xe0#jjx\x0ce\x14\xf0H6W\
p[\x15\xe5\xb9\x12\x13\xc2\xe7\x0b\xd8\xcf\x97\x96\x01\x04\
i\xd4\xc1\xb5)r\x97\xb7\x0a\xdc\xedH\x99\x14Z\x80\
r\x99\x1f\x09\xce'\x95T\x90\xaa)^\x9b\xcb\xa2\x22\
\x89m\xa2Z8\x98=\x14\xf1\x03\xfe\xeb\x9e\xcd\x15|\
4y\xda=\xe4\xf7\x80\xeeY\xb4\xec\xc8\x01-\xe6\xe0\
\x9c\x0d\xde\xfe\xc3VK\xf4~6\xdb\xd2\x8e7\x9b\xfc\
\x051\xc1w>\xfa\xa6f\x16A\xc0gK#\x11\xc7\
\x871\x7f\x046\x09$\x14\xcc\x99\xb3\xdd\x11\xd6\xdb\xa8\
\xbe\xb75\x1amugt,\x12S+Z\xe3\xf1\x18\
 \xae$k0\xbaA\xb7\xc7\x1d\xdd\xf7utpK\
r\x9f\xd2\xb7\xe1\xd9\xa3\xa1\x93\x09 X\x88\x8e\xbe(\
\x7f\xd49\xea\xdd,\x8d;\xba\xee\xaf\xefV\xe3I\x92\
\x9c7\x95%\xb0\x818t\xca\x86\xbb\x92-\x13`~\
\xe21\xc3\x9b\x8e\x5cW\x15\xd1\xba\x9e\x87]\xe3\x06\xcc\
\xe2q\xc7\x87\x01,|;Lw(!W\xb5\x18\x90\
\x80Om:,}\x1a\x9e\xc9J\xe1)\x02\x96|\x04\
R\x01\x02\xa7\x0cQ\x04\x5c\x05\xd1%PWm\xfa\xec\
\xb1h!&\xef$+\xcc\x22NA\x89\xbdm&\x87\
\xb7\xdd\xf2v\xd9\x950\x9f\xe0\x1e\x95?V^D+\
\xa5\x22OV\xa3\x04bb\x22i\x05I\xc2\xb8\xba~\
\x095l{\xfd\x11}\xff\xb33\x85\x0d\xbf\xe0\x14\x0c\
t\xfd\xf8t\x971,\x0a\x84JZ\xc6@\xc0\x9cY\
\xfca\xba\xff[\xcd&|\x00\x88\x1e\x88@+\xbb\x99\
\xdd\xfc\xfeK\xeb9\x0d\x0e|\xcf\xa7\xd0\x857\xc2\xb6\
\x01\x060\xa9\xec\xd8\xe6\xda\xd2\xd6\xde\xde\xd6\xe1\xd6\xd6\
\x1eL\xc1\xa8[\xd2\x91\xcd-\xa2;\x13\x81|A[\
D\x01\x9f\xcd\xbe\xfdt\x18\x8df\xe8 oW\xd3]\
Y\x14b\x9a\x06\xc1\x01[\xcb\x19\x86\x9e71\xce\x09\
\xecnc\xcb_\xbf9\xd8\xad2\x1a\xaeI5\x964\
\xc8\xb2\x8e6J\x9d`\x06\xd9\x91\xa7n\xb5\x94\x5cL\
\x96\x00\x97\x07s\xabI(1\x1f\xab\xa7\xc5r2\x0c\
\x0f\xab\x82\xa4A\x91\x07\x0a\xb2s\xd3\xe0\xcc\x9b\xb8\x91\
\xb0\xed\xc8\xd4\x05\xaa\xb2\xdb\x93\xf7Q\xe9>\x02F\xb2\
\x85\xb1\xac\xaa\xed\xd4mt\xcbU\xe5\x03\xc4D\xed\xbc\
TU1\xc7\x07\x13\xe6J\xf5\x8e\xaa\xf3%\xb2\xc7\x16\
\x80\xd0\x03P]\x0d\xf0\xb1\xb0\xf6\x82v;\x08\xd3l\
\xb3\x17\x85(\xf8\x08\xc5\x14\xd4\xa2\xddR}\xb4'b\
\xd8\xeb\x8f\xb6\x86\xcb\x08\xe0\xfc\x1e\xba}}\x1f\x9aW\
c\xfb\xbfc\x186\xc6.iE=\xf3\xd2G\x1f`\
\xaf\xcb\x02\xc86\x8f\xb1\x00\x9a\xcd\x96\xac\x82\xcdV\xf6\
\xde;\xd5\x9c\x0c\xd3-P\x8aB\x1d\x8en=\x8e\x95\
\xe6\x88\xf9\xd5\x99\xb3\xdd-\xbe%|\xce\xd1h4\xcc\
\xfb\xb6\xad-^X\xd4H=\x0a\xbf\xcf\xb6\x00<p\
z7\xe2J\xc3\xb1s\x8b(\xea\xd1\xf4\x8eF(\x07\
kq\x91#\x5c\xf2\xcc\x16\xf9\xeb8\x06\x832\x12\x1f\
\xa8\xb6\x0d\xa5\xc49tU\xc1\x0b\x0asj(\xbdK\
10\xd7\x93\x8dWm\x07q;\xb5\xd7)|\x03\x81\
\xab\xd8)\x0d\xdc\x89\x06Q\xe5J\x85^\xd5\x0d\xe5\xc9\
\x0c\xb2'n\xa0\xaa\xce\x9b\xd8\x06\xaa\xa0\xedm:\x1f\
\x92\xd6\x87\x11\x90\x22\x10\xa4d\xdb\xf4\x0a\x18C\xa4\xd9\
\x5c\x89\xe9\xe9?2\x08@/(\xc1{\x81\x81\x89\xda\
FD\x0d$\xc7\xa0j\x80\xaa@\x9fhsP\xf8\xc9\
\x85\x1d\xb8\x92\xadp\xc5otqK\x18\xfd\xd4\x8ej\
\xae_9\x1c\x8d\x0eE\xfc\xa3nw\xb8j\x10{\xe9\
1\xc8\xe6(8G\xb8\x1f1\x14\xc4r\x165#\xb7\
\xfb\xeeg\xc0\x7f\x94\xbc\x9b\xcdfSk\xf27\xa0\x82\
\xf3\xf3\xf8\xfe\xe1k\x8f.\xe4t\xd8n_\x08\xba8\
K\x0c8q\x0fYx\x0b\x0a\xc6\xd1f\xd6\xba#u\
\xec\xed\x1d\x8e\x0e\xeb\xc3|\x0e|\xfch;\xe3\x5c2\
\xb4\x1d\xd9L\xf8\x93\xf3\x17\xda\x1e\xa4\xcf\xd2\xc5\x81\xff\
M\xce\xf4\x80\x1f0\xd63\x85]\x96\xcd$\x09\x98\xd3\
T\xbc\xe6\xb1\x8b\x02\xd5\x96j\x01\xa4Q\x94\xe4\xd2X\
\x93A\x7f9\xacJv\x87_\xab\xc4\xf0(z\x98\xdc\
*\xb6OL\x8b\xecm{\x08\xac\x10cI\xa1\x95l\
s\x91Sub\xc5\xd3\xd0 R\xa1\x80\x1bn\xab\xbd\
\xa7\xd6\x05t\xd2\xc40\xb9n\x12\xb7\xab\xd4F\xc8\x0e\
Av\x89\x97\x16\x80\xf1\xc4\xa1\x87\xfaP\x8f5}R\
?D\x97\x06X\xef6\xbdY\x85C ~I\x01\x1f\
\xd8\x83\xaaZ\xc0\xa1\x82\x8eb\xa0\x7fq\xa8`\xff\xa0\
l\xedl\x8dFX\x00[P\xc6[Kk9\x89\xa8\
,j~\xa4u-\xf8\xed\xf0\xacH\xfe\xe3\x18\x8b\xab\
\xb9\xdf\xbc\xff!%\xdf\x92\xc0\x0f\xa3\xbd\xc5\x04\x88\x0f\
0\x8f\xaf\xd9+\xef\x7f\xa3\x0c\xe4\xc6\x92\xc8\x8e\xb5Y\
\x180m)\x82IGH%\xf33\xc3n}\x8b\xbe\
 b\x82\xd1\xde\xd6\xd2\x82\xa6\x1aK\xd8w\xd8\xb3d\
\x0d\xa1\xf1\x903{3\x9a\xb6\x98\xcb!#\xa0#\xbf\
\xcf\x8e/\xbd\x07u_\x0e\x82$\xc1\xbd\x0b\x12)\xc7\
c\xa4\x93HC\xb4\xec\xc4\x98\x19tF\xed\x0a\x88\x01\
V\xeb\xb6\xdb\xb2\xe3\xe45\xdc\xed(\xb0\x81\x0f\x80\xc8\
\x9b:\xb9\xeaFRU\x0fkA\xfb!\x06\x83\x99y\
\x97J\xc0\x0dd\xdb\x8a'\xff\xd8\x95\xa8*\xb8x[\
uwx\x22\x09Oe\x82=\xc9\xcez\x09/S0\
\x1a\x06\xaa\xa9>\x811\x08\x82P9\x8a`n\xf0\xe8\
\xbfI\x87o\xc8N\x22d\x9fT\xd1O\x180\x8c\xe5\
\xc7G]P\xbb\xdd\x0e\xb9\x98\xf0(\xcb\xffD\x0d\x96\
\xfds\xf5\xad\xc3Q\x9d\x1b\xf0\xb0~~g\xb8\x90\xb7\
\x0bR\xec\x81Z\xcb\x22b=\x80,t\xfd\xd0I\xc3\
\x16\xba\x8d\xf1\x7f\xfd@m~1\x01\x82\x03d\x9b\xad\
4&hq\x05l\xde\xf9\x93\x8b\xda\xaa\xedk\x86=\
\xf6m\x1b\x99b\xca\x9es\x04,\x19D\x8e\xf2\x11m\
fa\xa9[\xdf\xaa\xd7\xeb\x87u,D\xf8\x03g3\
`\x19\xf0\x19IB\x0fY\xbeQ\xd02\x00\x01\xd1\xbf\
cdr\xe8\xf8&j\x80\xf0d}\xe0\xb2\x9a-a\
\xfb\x1cj\xed\xd8\x11\x93H\xc4&\x05\x8fR[\x05?\
\xdbM\xe2$\x8a\xe8\xcc\xe1\x97\xf0\x0b\x82bS\x85\x84\
i\xb0\xbb\xa2p\xc5\xa9\xa2\xff\x95\x22q\xae\xe8\x17\x09\
\xc3Ut\xe1>a\xf3\x9f8%\xe4'\x15x\x81\xc8\
Z\x0258\x1f\x5cFq\xa0\xaaq\xa9\xad\xc4)\x90\
\xdaP\xe8\x1e*#\x9e\x9cF#T\x19Ez\x89\x1e\
\xa3:/Um\x04\x94\x9f\xa8'\x01\x9a\x19\x06\x02a\
2\xe4\x88T'y\x14Vo\xe6\x87\xf5\xbd\xad\xc3\xc3\
\xfa!\xee\xf8\xa8^\xa9,,\x97\xb0\xdf\xb8\xf3\x1c\x8c\
V\xe2\x5c \xcb&+\x18\x0aj8,%\xdf\xbb\xff\
\x90\xca\xfe'\x0ed\x03\xe7'\x8f)\xf5\xd0\xda\xfc\xec\
\xdd\xdd\x0cf\xca\x0a\x8ch\x09;\x07\xa6\x8a:\x96\x05\
\xe9+R\xa9Emy\xb6R\xc7b\x1cQ\x0f ,\
\xd8\xaa,\x94h\x86T\x16\xda/8F\x06\x0cDp\
\x04\x01\x15;\xce\xfa\xa0*h\x1ajf#\xf6\xc5\xab\
#\x89c\xa8\xca\x00h}\x80\xd2\x0c&\xc6\xaa\xf0\x83\
\xd4>\x09U]\x8e\xa7tw\xbb\xcd0-@\xd0\xd5\
\x0e\xaan\x9cP\xe73\xe8V\xfb4`\x08\x18\xc4\x81\
\x0a\x0f\xd3\x83\xcd\x18\xb2\x00\xaa^41\xfbb\x05\xc4\
.TY\xaa)\xbe\xb8\xabr8\xb1D\x8d\xdc\xa5T\
\xc9\xae\xa4\x9a\xa5A\xc8\x13h\x0a0b;\x8e\x83\xf4\
\x0d\x1eW\xfa*\x5cW\xf8^T2\x97\xc5\x1e\xb2\x00\
<\xd2\xfc`\xafO\xca\x07\x03\xec\x0b\x143\xd4\xc2\xdd\
\xde\xe5\x9d\xad\xad:\xc4\x8f\xbb}~\xab^\x99\x9d\xc9\
\xd92\xee\x99C\xa1\xb1\xf1mr*\x09\xd9\x9b\x83\x05\
`\xdb\x99\xbc\xf1\xeeGT\xff\xf3?\xb9\x00\x80\x03<\
V\x00\xad\xd4?\xc8~\xf0\xd1\xc5u3gd\x16E\
\x964\x07d\x0eB4\xe8\x93\xac\x01\xb6\xc5\xd6K\xf9\
\xe5\xb3\x95\xfa\xe1\xd6V\xfdpt8:\xdc\xab\xd7\x0f\
\xb7\xea\x87\x95\x85e\x13\x03\xbd\x99\xfaay\xa96\x1e\
#(\x19\xecVc)eO\x18\xcax\xecoW\x8d\
\xf3a-$\xb0\xd6\xae\xba\xa8\x9b\x01\xd2\xc7\xfb\x1e\x22\
\x18N\x82\xc9\xc6T`\x8d\xca\xd3\x86\x01\x16L\x0a\xdc\
s\xb3\x0a\xa0F\x15\x1d2\xa8CM.\x95q\x1bF\
\x990|,k\xc8M}\xb0I\x10\xa8\xce\xc4\xa8\x12\
\xee\x9d\x8b~}T\x82H-\x07\xebv'\xcf\x92\xae\
=\xc1\x03E9\x08.\x09\x9b\xee\xb1\xacS\x127\x81\
\x0a\x1e\xe8U\x06A[\xb5wKo7IbP\x90\
\x06\xe6\x8fhB\xf8P\x93\x0c\x07cQ\xb7\xbc\xdb\xeb\
\x0c\x0f\x0f\xa1p\xb7(|\x84\xe0\x95\xe1\x8cI=/\
\x13a\xe9\xf2\x17\x84M\xdf'5$\x1b\x804;\xb3\
\xaa\x0d\xfe\xe4a\xf6\x0b\x9b\x7f\x82\x04\xfe\xe4\xe3\xa9\x12\
\xb8\xf3\xc3h\xb14f\xc36\xa0\x00\xdf6\x1c\xf6\xe3\
;\x94<\x10\x02\xc3\xf1\x8bc`\x00\xf9\x99\xd9\xcaN\
}\x8b*\x09\x978\xaa\xe3\x02\xeb\xdda\xde\xf6\x9d\x8d\
\x0d\x0e#/ \x7f\xd3\x8e\x93\xeb\xd7\xd1\xbb\xc2\x1e&\
Eo\x92$R\x94\x81O\x9f\xd0a\x0a\x09\xf2\xd20\
@\xcd\x06\x12\xf7\x09\xa0\xae\x90xaJ\xa1\xdd\x08\xc4\
\x8b\x83\xc2\x0d\x14\x16\x8c?\xb8\xbc\xf5\xa1\x80\x07\x84\x0c\
\xdbr\x04AMp\xfct\x01\x090\x13\xa8\xcc\x9d\x17\
(O\xc0mWC7\x90*\xe1@\xde)\xa0\xb6\x22\
\xf4\xd8\x0e\x12\x9cP\xa8>\x92@\xaa\xf8\xa4`\x1c\x0c\
\x1fA\x1c*\xb9\xab\xc7\xd2JB\x9e\xaf\x9d\xf0\xc1\x84\
\xa5\xa7\x5c\x021\x85\xce{RSM~\xd8\x22\x00\xf9\
\xc3\xf2\xcd\xe2\xec\xb9\x9d\xf3;[\xa3\xfaa}k\xab\
[\xdf\xda\x1a\xd5\xeb\x95\x0a\x0c?\xe9\x14\x18\xe5c\xd7\
\xdb\x8eF\x86/i\xee.b\xdb\xea\x04\xe2j\x9f?\
\xcc\x1e\xb7\xbe\xa8\xfee\x01\xfc},\xf8\x85\x05\x90\xfe\
\xf4\xc9[\xbb\x8b\xa0\x12DF\xc9\xf75\x07\xd4\xad\x10\
$\xd9\xc5\x10&\x92P\x88E[\xb6YZ\x9e=\xbb\
\xd4\x05\xab*\xec\x12=\x83\xd1a\xbd^\xdf\xeav\x87\
\xb3y\x7fPF\x96\x1eTv\xb5$\x8ek\x13\xd9\x0b\
\xc3\x89h\x00\xf5\xc1\xe5~%!\xdan\xc3\xa8\xc6~\
\x0cd\xbbC\xd57\x8b\xd2zP-\x04\x8f\x0f\x88&\
h\xb7\xe3 DK\x0f\x90\x14\xec#L\xe4\xa3[\x85\
7\x8a\x93X\x5c\xaa\x94\xc6!\x8cQ\x80\x8d]\x07\xa7\
\x832C]\x9dlmW\xb6\xa3D\x1b\x01s\xcc\xac\
\xb7D69L\xcd\x97\xfa\xc6\xb7I$\x19\xe9\xe14\
\x92\xa0L\xf8\xd6r\xd9Q$\xf4>\x02g\x93\xc4\xad\
\x16*O\x87[!T\xceo\x94\x90\xf6\xef\x88\x5ca\
\xee\xeen\xaf4;\xac\xf0f\xd6\xbb[\xe7G\xf8\xe9\
\xfcN\xbd\xb24\xbc\xbc\x90\xd7\x91\xe8\xa1o\xc6f/\
\xdb\xf25\xddR\x1c0\x86Q,\x8eM;cX \
T\xdc}\xf7\x93\xec\x13\xbe\xdf\x17}\x80/\xd1\x0b\xa2\
\x08\xael\xde\xbb\xbf\xfd,\x93\x0a\x84s\x16M\x93\xed\
\x99\x98\xc4\xe6\x18\x16\x1bM\x9d\x9e\x98\x03\x83\xd9\xc7\xd5\
\x85\x85\xd9\xa5.\x96(\x8ez}\xb4\x85\x05+\x8eb\
\xbd2\xbb\xb0Lp\xf7\xe6\xeeA\xb5\x8c\x128\x95\x08\
?8@1$\x1f\xf0\xca\xe5\xf2\xc1\xe4\x0f\xfc\x01e\
},\x98\xc2\xc1L\xab\x0b\xdc\x14\xf1\xffA\x19/=\
88(\xef\xee\x1e\xe0\x97\x03\x97\xb9\xd5r\x95\xa5\x80\
\xf2\x12\x1e\xb8\xf5x\x9f\x832\xa2\xc02C\xf6\x83\xdd\
\x83\xdd\x83\xf2AU\xbdE\x99o\xef\x96\xcb\xbb8p\
\xb2]\x9e\xbcZ>({\x00gY_\xe8\x22^(\
\xff\xd4\x81\x0d\x8e\x97\x1c\xe0\x82Tu\x1f\xaeO>\x11\
\x9f!\x9f\x13\xe7+\xcb\x07,\x1f\x1c<q\x06|\xb2\
2\xde|0X\xb7r\x0bhd\xec\xa2y\x09\xb7n\
k\xab\xbb\xd5\xad\xf3\xe7n\xe5\xd2\xe5\x85\x85\x99\x12\xdc\
k\xe6w\x90\xb2C\xa5'Z\xfe|\x8c\xd3\x86\x03\x00\
z\xd5\xf1\xd8\x82\xc2.\x16{o\xbe\xff\x07i\xe0\x9f\
\xfdi/Pk6\xbf\xcc4 \x22\xd8l\xb5\xae\xfc\
\xe9[\xbb\xc8*\xeb0$\x8b\xa8\xcc\x22\x8e\x8b\xb7`\
8\x80F\x02\x0e \xe1\xef\x06\xf2\x07\xa5\xfc\xda\xd9a\
\xa5\xd2\xed\xd6\xa9\xb0\xb6\xea\xb8t\x1e\xa0^\xdb\xd9\x81\
\xee\xaa\xc8\xd4%\x1e\xddJ\xa5\xd2\xad\xd7\xd1\xabu\xae\
[\xe9V\xba\xf2\x02<\xbc\xd3\xdd\xe9v\xbb[\xdd\x9d\
J\xb7R\xd9\xc1\x03C4v\x80\xd2\x81\x84\xbeK\xf2\
\xe8R\x97\xe4\xfe\x159\xf8dy\xce0}D\xfe\xb6\
\x84gv\xeb \x06\xc1\xdb\xd7\xb94\xbb;\xf5\x1d\x9c\
\x08\xaf\xa8,\xedt\xeb;\x95\xae<\xbd^\xe9\xeet\
\xf1\xcb\xce%y\xc2\x0eO\xb1\xc4\xf7\x95\xcb\xab\xf0\x97\
K\xc3!\xdf\x0b]g]y\xf7\xa5\x1dy\xd3\xe1\xb0\
2\xac\x0c\x97p!\xddn\xb7\xbbT\xe9\xf2j\xe4\x0d\
\xbau\xf9\x8c\x95\xfa\xe3\x07w\xea\x1cRQY\xc2\x09\
wv\xea\xf5n\x1d_\xb6\xba\x95nwi8\x9c\xbd\
<\x93C\x83\x17n{\x11\x18<8\xc0{\xf0\xb2\x1c\
\xce\xf9A\xec\xa5\xd9\x06\x9a\xef\x0c\xa3\x83\x8a\xac\xea;\
\x9f}g\xa2\xda\x7fZ\xfcX\x00_\xae\x01R\x8d\xb1\
y\xef\xbe\xf7l\x06\xf4\x02\x08\xe2\x00\xf4\xeb\xa6c\xb1\
\xc7\x1c\xb0\xa3E'\x11\xaddh5rz\x96\xe5o\
 \x01h\xe6\x97\x17\xce\x0eq7\xba]\xc8\xba\x8e\xcf\
_\xaf\xd4\xeb\xf8\x1cKK]~ \xdc\xce\xeeR\xb7\
2\xec.u\xf1O}\xe1\xf7\xa5%\xdej\xfeV\xa9\
t\xf1\xd4\xa5\xa5\xa5aE\xfd\x90\xfe\x86\xafKK\x93\
\xbf\xe3G\xdc\xff\xa5\xa5\xe1\xec\x90\x07\xdf\xa4\xf2\xf8\xd9\
K|\xf4\xd2PN\xcc7\xe6)\xd4\x9f\x96p\xbd\xbc\
@\x9c*\xbd\x90\xc93\xf8\x14\xfe\xdc\xc5c\x95\xe1\xe3\
\x8b9;\xc4\xffCyjz\x8a%u\x0d\xe9\xaf]\
~t\xf9\xecC\xb9\x13\xb8\xba\x0a\xdf\x86\x17\xba\xd3\xe5\
\xb2\xe2c\xb2\x9ap\xbe\xe1\xd9\xb5\x85R\xbeD\xaf^\
\xf2*\x08\xcd\x8a\xc5\x94\xd9]%[0\xf1\x09\x83\x81\
s\xe0J\xb2\xb4\xbcy\xf1\xadOZ\xad\x09\xf4\xf3\xa5\
;]k\xfe\xac\x15\x90.\x84\xcd\x87\xef\xbf\xbd{\x01\
a\x5c\xc6f]\x99\x89B>\x9b@?\xe0\xe1\x02z\
\x8b\xed\x82\xdf\xb3\x1d\xd4\xf92\x9bl\xc0\xebs2\x99\
UT\xec\x83\x92\x13C\xf7\xd4\xedHEs\xee\xdcp\
x\x8e\xbfqBk\xfa\xb75\xb6\xf1\xcb\x93f\x87g\
\xd3\xc7\xe5X\x03\xcf\xd3\x02\xfe&-\x1f\xb3\xb3\xb3g\
\xcf>~mz.|\x01\x1d\xd8\x13'N\xdfY\x9a\
\xc4\xce\xa6/\x98<sxvvva8\xc4\xdb\xcf\
\xae\x9d={V\x9d\xe8\x5c\xfa\x94\xb3gy\xaa\xb3g\
g\xe5m\xd3+\xc2\xeb\xce\xf2\x98]XX[\xc3\xdf\
\xd7\xd4'\x94\x8f\xb0\x86\x9e4\xf5\xfe\x0b\xea\xda\xd3\x0f\
\xb4pv8\x04E\xfd9\xb9!\x8f/t\x09\x7f\x1f\
r\x82a~9o\xe6K6k\xa7D\xf2\x0e\x1ds\
6o\x00\x96\xeb9\xe4R\xe6=G\xb3\x15\xbag2\
\x86S*\xad_\xfb\xf4a\x16\xbe_\xf6K\xad\xbf\x1c\
\xcd\x9f\xa9\x01\x9e\xd0\x04\xd9\xef\xfc\xf8\xf3\xde\x86\xd9\xd1\
\xc7\xba\x05Z1\xd2\xce\x13\x15\xea\xa1p\x9f\xb1\x01\xaa\
\xcfzj\xf8\x18\x9eT\xd8\xf0\xd1\x8aZ\x90\xcc\x22[\
\xf81\xaa\xd7\xcc\x958\x07p&\xaf\x0e3\xa7\x8e\xbc\
\x99\xcf\xe5fr9P<\x98\xe0\xf85\xcd\x99\x85\x99\
\x99\x99\x99\xd5Ut\x17\x940\xf1G\xd7\xc7c]\x17\
\x06\xc0\x92\x99\xcbu:fG8`Vs&\xfa\x0f\
VI\x12\xc1G\xe4<l\x14\x9d\xc9\xe1;\xfaGV\
\xf9\xbe8=G\xc7\x80@\xd4\xb4\xd1\xaf\x9e[\xc5\x08\
\xd9\xd5\xd5\xd5\xd5\x5c\x1e\x93f\xc0/\x9e#\xbbH\xa7\
S2Kh7\xc1\xb8\x99\x1969a>\x01\xfe\xe1\
ZWs\xab\x18Bk\x9a\x80\xc2s\xb9R\xa9\x84\x8b\
@\x9f\x02\xcf\xb6\x8a\xcb\xee\xc85\xe1jL]\x97\x9f\
\xc0g\xd7)\x95\xf2\xa5N\x07tf\xd2\xd8\x9a\xcf\xe3\
\xadVs\xf9\x9cF\xd4\x15_m\xc3'\xab\x9fO\xf8\
\xc5\x16w\x0f\xa1\x98\xa5PY\x87s4\x90\xefq8\
\xfeE/\xc2'\xb7o\xbe\xf3\xd9\x87\xa8\xf4h\xb5\x9e\
\xd0\x01_\xa6\x01P\x0d\xf2\x0f\xc9\x9fg\xd8\xdc\xfc\xe4\
\xd3\xef\xee\x9a\xf9UP\x09\xc3\xda#\xce@\xb3\x91\xed\
\xb0y\x13\xf8\x80\xd4\x11B#\xa5\x8b\xb3'\x93\xc9P\
\x9c\xd2S\xcb\xd5\x11+%\x87\xa6\x86\x992\x96Q8\
6\x9e\xc3\x04\x02\xc3[$\x8f\xc9ZfIu#\x1b\
\x9d\xe4s\xa3\xad\x0c\x05\xe4=\x9b}\xc2@\xbf@)\
\xce\xe2\x02KMA\xb5S<\xca\xb0\x8aV:\x18\x0d\
a\x8c\xc5\xbf\xa0:\xc1\xe0\x1d$1\x99o,\x1a,\
Q*\x10\xa8\x94Q\xbbi9\x85L\xdcTW\x80\xd4\
\x18\xb7 \xb3\xa6\xb8 i\xbb\xa3<\xf0\x09\xc7c\x8b\
\x8d\xaf\xea\x0d\xe5\xa3\xf9\x05\x90\xb1:\xeaWV\xdf\xb1\
\x94\xa6'\xdc\x88\x22O\x85\xb4\xcb\x00_\xb0y\x91\xc7\
\x15\x9f\xc2\x17\x9aT6z\xe3\x5c\xdcl\xd8\xf7\xb6\xc1\
\xf1x\xb6m,\xa2\xee\xc6\xd2\xf5\xce\xcd\xef\xfe\xf0\xa1\
\xa8\xfc\x7fP\xf8\xd9_\xc4\x04dU\xa6 \xfb\xc1\xbd\
\xfb/\xbfza\xd1a\xb9\x89f\x08\xa10n\xbb\xcd\
\xd6s\xd6\x9f\xf78\x8f\x8c\xb8\x11b\x13\x96$Q\x9e\
d)\xf6}\x91\x99/+X\x1e\xb5S\xe2\xda\xc9W\
\x875\xec\xb6\xac\x17\xe4\x93,\x85h\xd8\xecZ\x11h\
\xd2\x97b7%TKCg\x9b\x8cA\x01\xd2\x5c\x94\
\x01\x19\xa0CT<\x03\xa0\x1edr\xc3\xe0\xbc\x1cB\
fj>\x9a\x0c\xd3&I!fP\x02\xf8\xb6X\xd8\
\xceuD\xd1\xe1~Kq-\x0ae\xb0\xae\xd5\xfc\x1d\
)k\xa5F\xe4\xce\x84z\xb6dup\xe8\x02Ao\
$\xe4{\x1c\xd4j\xcbN\xe6&\xb2e\x92\xafT\xec\
q\xeb\xe0\xc3sM \xe7j\x8b\x9d\xb7\xfc\x89\xc9\xd7\
\xc8\xf3-s>\xc9\xfcJ\xe6w\xdb\xce\xe0\x8d\xa8\x1f\
\x90\x88-\xe5\xfd\xc1\x9b\x92\xf2Sbo\xfd\x0c\xeb\xff\
\x8b.\x80\xc9:hm^\xb9\xf7\xfa\x83\xe0\xd9\x8c\xc6\
\xf5.m\xc6X\xe92nhC>\x91/\x97,\x09\
\x03T\xf8;6\x8a\x06\xc1B_ \xfd\x94<\x8ej\
s\xf4\xab:\x05|\x0c\x1fO\xe4wl\x80\x02w\x9e\
_\xb0\xa4\x92U4\x80MM\xc2{l\xb0\xa2\x14\xde\
\x07w\x8e!\xa0$o6:\xd94\xbbG\xb9\xa9a\
\x99|\xba\xa3j\xa2\xe1+\x93\xfe\x00\x14I\xe4E\x04\
\x82\xcaOB(\x05\xff\xa3\x88\xae\xc0\xfd\xe6\x17p\xcd\
\xdcp\xb8\xbf\x05\xc4\xbc\x05\x99\xbc\x85gH\xd1\x1dz\
.\xf0P\xc10\xfc\x9eO\x8e-\xbf\xc0\x22\x0c\xfaI\
\x10-{n\xb8Y\xed\x09\x0f\x9f\x88\xd5.\xa85\xaf\
Rm\xd2\xbe\xc7{\xa42qduG\x8bV\xc1a\
#\x8d\x8f\xb9~\x0e\x83.\xa8\x03\xdf\x11P\xd6\x82\x12\
\xb2V\xb5\x83\x8b\xaf\xdf\xfbPI\xff1\xc2\xfb\xb3\xc5\
*}\x01\xbf\xe0Acp\xe7\xa3\xb7o>\xcb\x1eS\
\xdc:.VMF\x10\xf50\xea\x9bK\x1e\xca\x01\xc9\
c\x8beI\xd2\x01P\xb48\xa5\xc0\x01~\x94\x0e}\
$\xbe\xa0\xc1\xb1\x05\x90@Jh_mL\xcd\xb2\xb1\
\x17\xa9\x9d\x9d\xc9\x1d#\xa9%*[\xcc\xb1\xee\x93\xca\
Fn\x8f\xa1\xb2\x13\xe9\xf0C\xc7\xd1M\xc3P\x08\xb9\
\x81!\x08\x0e\xdb\x0a2x\x96\xec\x1c\xe8{\x83\xc4\x88\
*\x81\xc9\xda$\x1b=\xd1\xb6\xc3\x80V\xb2\xe12Q\
\x15@\x18\xea+\x1cq\xb7\x8c\x02\xe5\x88\x0c\x1c\xfew\
H\xae\xc1]\xa1q\xb8\xb1\xe6\xc8\x5c^\x0b\xd0\x1c\x0b\
\xf2\xa9\x9a\x00\xa6\x8bJ2D\xbe$\xecP\x93:I\
\x91$}|\x9c\x8a\xca\x87\x0b\x5c\xc4\xc4\xf8\x19\xe3Q\
\xe3\xa1\xcaR\x14\x00VG\x01\x5c\xc9\x060\xfb\x9b\xbb\
\xef|\xff\xce\xa6$\xf7\xb3?\x03\xf8\xf9)\x99\x02\x07\
\xf8\x05\x9e\xf7\xe4*\xf8\xce\xc3\xef\xdf\xbf\xb6\xbb\xbb\x0e\
\xeeA)\x1a\xc2\x22\x16Uj\xcb^\x96K\xc75\x16\
\xd8\x9b@o\xd5\x92\xf9_\xd8\xd8\x8a\xb5\x1a\xab\xc6\xe7\
\x04{\x98X\xfa\x94\x8eR\xcb\xa4\xb4\x15\xd2b{r\
h\x174\x04\xa0\x06*\x8b@nl\x98\xc0\xbe\xa8~\
\xe1P(\x85o\xf9\x0ejK1yX\x11\xe3j\x22\
\xfd\x8c`$b\x8d4S\xef\xc0oRK\x8bk\x85\
\xe5o6\xd5\x0cw.+a\xe9\xc4J]\x9c\x93!\
c-\xebdR\xcc\x8d\xf4\xe5\x9aTLA\xaf\x18\x85\
\x0d_V\x87\x96\xa1\xdc\x18\xa6\x19\x05\xc0&\xeac\xab\
\x8f\xff\xd8\x04\x89s\xcf\xa9MP\x80\x1c\xe5\xca\xa2^\
\x9az\x8d\xa6V\xdc\x1a\x06Y@w}\x8c\xd5\xd2l\
\xe1w6.\xac^X_\x7f\xeb\xfb\x0f\xaf\x88\xcf\xf6\
\x8f\x91\xa7\xd6<>\xfe\x85\x8d\x00\xbf\x1d\x1f\xb7\xe6\xb3\
\x9bw>{\xedA\xf5f!]\xc4\xdc4b\xf1\xe0\
\xe7p>=\xa5\xa2\x14T\x8f.\xcbD\xf9q\x87\xb1\
3\x80\x99%!(\xa2A\xf7S4S\xb3}\xcd$\
9\x9c#w]\x13\xa5\xcdWC\xdf9\xd4\xaa\xe9I\
\x0d\xd2\x0d\xc8\x1aCM\x8a\xc5\x1es\x194\xcc]\x87\
\x1b\xe5\xab\x99\xc9z\x91\x86$\x1d?\x8b\x98\xcaJ\x07\
\xa8\xcb\x0c%\xc3\x967\x13\xf9b\xd1\x18\x8eTU;\
\x8e\xca\xbb\xf8t\x829l\xdb\x22\x91\xb9F\x07\x8d\x16\
\xc5\x10\xe6J\x0e\xb5ckU\xc1\xa7\xcf\xe0;\x13\xce\
\xf6\xb4\xd4\xc2(\x88\xfd\xa1\xb9\x17c\xa6\xdcURv\
\xf8,\xcc\xa4\xebB'\xb1`\x14XEo\x17H\xe5\
\xe6dl\xc3\x1c\xec^\xbc\xff\xfe\x9d+\x9b\xff\xb0\xbb\
\xff\xb3\x16\xc0\x17\x93A?\x7f\x1d4\x15\xa8\x98\xdd\xbc\
\xf7\xc3\xb7\xbeqq\x80}\xef\x1766\x1c\x03W\xc7\
.s\xcb\x90]\x02\xd5\x0c\xac\x9a\x18UA\x0c\x18\xe9\
(\xc5*\xa2b\x11\x806\xec\x82%\xa5\xc8\x8a\xd3\xdc\
\xe6\x1d\xb1l\x0c\xb1\x113n\xa4{U\xfc`T>\
q\x00\x02+\x13\x04\x96\x82\x07\xe0h\xb4\xfb\x22\xf2\xf4\
%\x9a\x9452,\xb5%N\xd1\xe4W\xba\xa3\x5c\x22\
t\xe7\xd2\x0e:Qh\xb0\xb5\xb8\x0e\xecYY)\xb8\
.\xc7\x91\xe1K\xa8\x93\xe8\xd9\xf8\xc4\xbe\xb25(~\
6 7\xdb(\x18\x04\xc6\x1801Ko`;\xcb\
^\xa1\x8d\xb2\xec\xf4\xda\x94M\xb0\xc9\xde&\xde\x84\x22\
t,\x14\xd2\xc5\xe6\xc8Xw\xc5\xf5Y`\xa6\xcf\xb7\
\xad\xe2\xb5\x8b\x17\x1f\xbc\xf5\xda\xbd\x0fD\xee\xf3\xcd/\
\xe6z\x7f\xee1\xff\xd3\xd9\xc0\x9fw\x1c7\xa5\x95\xe4\
\xb8\xd5:\xc6\x22\xf8\xe0\xde\xa7\x9f\xff\xda\xa3\xea\xee\xba\
\x0f\xaaa\xb8^=I\x1e\xf8\x9a\xd4\x12\xe0s\xdb\x0c\
\x0b8\x12@\x88H\x18\xe3J\x80D\xdd\x8f\xe6\x03\x8a\
\x14\xbe%\x10\x0d;\x03\xbdM\xf6b\xa57l\xb13\
\xb6\x8a\xe7z\xd0\xae\xdcQi\xe8@\xa6SGd\x89\
\xf0\x99\x05\x8d\xc0Hl[K)\xa9\xb0\xd4`\xd0\x99\
A\xc7U\x22{\x0a\xb2\x1a\xb1\xeb\xcatk\x96\xf5\xe4\
.%\xc4\xa6F-\xa4\xdf\x0bT\xef\xd6:U0\x17\
\x8e\xc6t\xbc\xc4\x83\xb6`\xe4\xe0X(84@T\
\x0b\xa2\xf0\xb1\x9c\x94G KS\xa3\x97\x83\xb8\x09\xe5\
S\x92{\x91\x19)\xb2\xb2l-\xb3h \xe4q\xa8\
\xf7\xe8\xc3\x0c.^\xfc\xe6o}\xfe\x17\x0f7\xb1\xe1\
\x8f[\x8f\xe3\xfd\x7f\x9c\xfc\xd1\x1e\xfe\xe5i\xc2\xf9\xe6\
\x17\x8d\x09K\x06qL\xdcF\xbc\x1f\x80\xa6\xecf\xf6\
\x83\x87\x9f}\xfa\xf1;\xbfuqps]\xb1\x8d\x89\
\xc3\xb7(\xdb\x82\xfe-\xdc`\x9f7\x14\x92\xd5\x14\x09\
\x90C\xc7N \x02C\xe6\x03\x22\x880\xd0Kj\x5c\
\xb8\x00\xd6\x88t\xf3\xd92/\xc2\xf1\x0d!\xb4B\xe0\
\xabq\x9d\x18\x8b\xe8/\xd0\xd4\x1c\xd4\x02^\x9a\xc9h\
\xfc\xd9\x90\xfa\x18lU\x92\xe4\xd1\xabG\x8b\x9cO\xfc\
\x1c~\x99\x833\xa88\x0az\x01\xa15\xfe\xe6K\x9a\
\x83\xcf\xc1\x83\xb2r\xa91\xa0\xcb\xe8\x0d\xc2\x07\xa3\xd7\
\x09\xf25\xf4\xb9\x08\x22G\xbfX\xe2\xbc\xcc\xe2\xa2\xb1\
\x98\xd1\x94\xa3jPc\xf1\xe2\xd4\x9a\x04\x00\x911\xc4\
\x19u\x0c\xf11qZ[\xe6$bxG\x06\xbe\x93\
\xde\x19wf.l\xac\x0f\x06\x0f>\x7f\xfd\xfb\xff\xeb\
\x0f?\xc8\xb66\xf1o\x22\xcb\xd6\xfcq\xf3\xa7\xea=\
~\xee\x12\x80\x0f\xd0:n\xce\xcb\x7f\xe4\xef\x9fG\xb1\
\xe8|\xf3\x18\xde\x01\x7fV\x8f\x1f\xb7\x9a\xd01\xc78\
\xf0\xf7c<\xa7y\xbc\x89\x13\x1c\xcb\xe2\xdb\xdc\xbc\xf2\
\xc9g\xef\x7f\xfa\xda\x9b\x0f.\xaf]*\x15\x1c\xe3\xc2\
\x85\x0b\x19Y\x0f\xfc\xb4\xbeZ\x17\x8e\xb3h\xd8\x85\x8d\
\x0d\x12\x13\xf9i\xc2\x11\xca\x0f\xb7o\x83\x15g\x86V\
P7\xc9W\xe6P\x9e\xc6\x07\xb0_\x0b\xc8>\x89F\
Yt\x16\x175B3\xb8\xc3</\x22\xfa\x8d\x8d\x8d\
\x821\x09<7\xfc\x8d\x02\xd4\x0d^\xbf\x01q\xe3}\
66\xf8\x92B\xc1\xd9\xd8X\xf77|\xc7\xdf@\xf3\
\xf2\x06+ii\xc1\x0a\x1b8\x04\xc1q\x0c\xb9\x0c_\
iu\x89\xbd\xe5\xda\xb1zpR\xac\xe5\x0duN\xbc\
d\x91%T\x8e:\x91\xbcS\x81\x8c\xed\x1b\x1bX)\
\xc2\xcd\x8c\xf5\x83\xeb\xf5\x9d\xf5\x02/[:\xbb\xa0\x91\
pU\x8b\x17r\x0f\xee\xbf\xfe\xda\xff\xfc\xdf\xf7\x1e\xfe\
\xc1\xe6\x95\xcd\xdf\xc1\xfd>>F\x19w\x16Bh6\
\x9b\xad\xe3\xf9\xd6\xfc\xf1\xfc1E\x05\xf9\xa5\xf2\x94_\
\xe7SI\x8ap\xd3\xdf\xb3\xcd\xff\x0f5\x03m\xfa@\
3\xe5o\x00\x00\x00\x00IEND\xaeB`\x82\
"

qt_resource_name = b"\
\x00\x09\
\x00E!^\
\x00m\
\x00a\x00i\x00n\x00_\x00i\x00c\x00o\x00n\
\x00\x13\
\x0d\x06\xdb'\
\x00p\
\x00A\x00s\x00t\x00r\x00o\x00C\x00O\x00R\x00E\x00_\x00i\x00c\x00o\x00n\x00.\x00p\
\x00n\x00g\
"

qt_resource_struct = b"\
\x00\x00\x00\x00\x00\x02\x00\x00\x00\x01\x00\x00\x00\x01\
\x00\x00\x00\x00\x00\x00\x00\x00\
\x00\x00\x00\x00\x00\x02\x00\x00\x00\x01\x00\x00\x00\x02\
\x00\x00\x00\x00\x00\x00\x00\x00\
\x00\x00\x00\x18\x00\x00\x00\x00\x00\x01\x00\x00\x00\x00\
\x00\x00\x01\x95\x8e\xa8\x8e0\
"

def qInitResources():
    QtCore.qRegisterResourceData(0x03, qt_resource_struct, qt_resource_name, qt_resource_data)

def qCleanupResources():
    QtCore.qUnregisterResourceData(0x03, qt_resource_struct, qt_resource_name, qt_resource_data)

qInitResources()
